t_ns,executing_client,executing_goal_id,executing_elapsed_s,queue_length,queued_goal_ids,queued_clients,queued_priorities,queued_wait_s,total_accepted,total_rejected,total_completed
1790896328705278496,,,0.000,0,,,,,0,0,0
1790896328904686592,,,0.000,0,,,,,0,0,0
1790896329104779872,,,0.000,0,,,,,0,0,0
1790896329305168640,,,0.000,0,,,,,0,0,0
1790896329504784352,,,0.000,0,,,,,0,0,0
1790896329704992160,,,0.000,0,,,,,0,0,0
1790896329904642208,,,0.000,0,,,,,0,0,0
1790896330104575392,,,0.000,0,,,,,0,0,0
1790896330304760544,,,0.000,0,,,,,0,0,0
1790896330505185120,,,0.000,0,,,,,0,0,0
1790896330705173696,,,0.000,0,,,,,0,0,0
1790896330905498720,,,0.000,0,,,,,0,0,0
1790896331104447328,,,0.000,0,,,,,0,0,0
1790896331304386496,,,0.000,0,,,,,0,0,0
1790896331504949760,,,0.000,0,,,,,0,0,0
1790896331705336960,,,0.000,0,,,,,0,0,0
1790896331904611840,,,0.000,0,,,,,0,0,0
1790896332104624160,,,0.000,0,,,,,0,0,0
1790896332304630496,,,0.000,0,,,,,0,0,0
1790896332504629152,,,0.000,0,,,,,0,0,0
1790896332704604896,,,0.000,0,,,,,0,0,0
1790896332905049024,,,0.000,0,,,,,0,0,0
1790896333104644320,,,0.000,0,,,,,0,0,0
1790896333304540832,,,0.000,0,,,,,0,0,0
1790896333504561216,,,0.000,0,,,,,0,0,0
1790896333704502240,,,0.000,0,,,,,0,0,0
1790896333904483808,,,0.000,0,,,,,0,0,0
1790896334105464864,,,0.000,0,,,,,0,0,0
1790896334304716096,,,0.000,0,,,,,0,0,0
1790896334504688480,,,0.000,0,,,,,0,0,0
1790896334704578816,,,0.000,0,,,,,0,0,0
1790896334904603616,,,0.000,0,,,,,0,0,0
1790896335104248800,,,0.000,0,,,,,0,0,0
1790896335305052736,,,0.000,0,,,,,0,0,0
1790896335504663104,,,0.000,0,,,,,0,0,0
1790896335704367392,,,0.000,0,,,,,0,0,0
1790896335904309440,,,0.000,0,,,,,0,0,0
1790896336104273088,,,0.000,0,,,,,0,0,0
1790896336304639840,,,0.000,0,,,,,0,0,0
1790896336504952000,,,0.000,0,,,,,0,0,0
1790896336704630272,,,0.000,0,,,,,0,0,0
1790896336904563008,,,0.000,0,,,,,0,0,0
1790896337104523872,,,0.000,0,,,,,0,0,0
1790896337305201248,,,0.000,0,,,,,0,0,0
1790896337504725856,,,0.000,0,,,,,0,0,0
1790896337705031360,,,0.000,0,,,,,0,0,0
1790896337904685984,,,0.000,0,,,,,0,0,0
1790896338104573088,,,0.000,0,,,,,0,0,0
1790896338304446336,,,0.000,0,,,,,0,0,0
1790896338504610912,,,0.000,0,,,,,0,0,0
1790896338704706080,,,0.000,0,,,,,0,0,0
1790896338904968448,,,0.000,0,,,,,0,0,0
1790896339104684608,,,0.000,0,,,,,0,0,0
1790896339304363264,,,0.000,0,,,,,0,0,0
1790896339504693856,,,0.000,0,,,,,0,0,0
1790896339704693280,,,0.000,0,,,,,0,0,0
1790896339905127456,,,0.000,0,,,,,0,0,0
1790896340104971584,,,0.000,0,,,,,0,0,0
1790896340304954752,,,0.000,0,,,,,0,0,0
1790896340504821856,,,0.000,0,,,,,0,0,0
1790896340705218304,,,0.000,0,,,,,0,0,0
1790896340905024704,,,0.000,0,,,,,0,0,0
1790896341105086144,,,0.000,0,,,,,0,0,0
1790896341304459808,,,0.000,0,,,,,0,0,0
1790896341504957568,,,0.000,0,,,,,0,0,0
1790896341704910688,,,0.000,0,,,,,0,0,0
1790896341904924992,,,0.000,0,,,,,0,0,0
1790896342104840768,,,0.000,0,,,,,0,0,0
1790896342305069760,,,0.000,0,,,,,0,0,0
1790896342504731328,,,0.000,0,,,,,0,0,0
1790896342704617248,,,0.000,0,,,,,0,0,0
1790896342904670208,,,0.000,0,,,,,0,0,0
1790896343104629440,,,0.000,0,,,,,0,0,0
1790896343304591968,,,0.000,0,,,,,0,0,0
1790896343505320672,,,0.000,0,,,,,0,0,0
1790896343704732896,,,0.000,0,,,,,0,0,0
1790896343905232864,,,0.000,0,,,,,0,0,0
1790896344104719840,,,0.000,0,,,,,0,0,0
1790896344304434688,,,0.000,0,,,,,0,0,0
1790896344504570336,,,0.000,0,,,,,0,0,0
1790896344705068512,,,0.000,0,,,,,0,0,0
1790896344904956192,,,0.000,0,,,,,0,0,0
1790896345104921376,,,0.000,0,,,,,0,0,0
1790896345304706848,,,0.000,0,,,,,0,0,0
1790896345504898528,,,0.000,0,,,,,0,0,0
1790896345704417184,,,0.000,0,,,,,0,0,0
1790896345905295360,,,0.000,0,,,,,0,0,0
1790896346104429632,,,0.000,0,,,,,0,0,0
1790896346304593824,,,0.000,0,,,,,0,0,0
1790896346504606176,,,0.000,0,,,,,0,0,0
1790896346704596768,,,0.000,0,,,,,0,0,0
1790896346904449664,,,0.000,0,,,,,0,0,0
1790896347105247040,,,0.000,0,,,,,0,0,0
1790896347304466880,,,0.000,0,,,,,0,0,0
1790896347504455040,,,0.000,0,,,,,0,0,0
1790896347704548704,,,0.000,0,,,,,0,0,0
1790896347904426080,,,0.000,0,,,,,0,0,0
1790896348104621088,,,0.000,0,,,,,0,0,0
1790896348304996512,,,0.000,0,,,,,0,0,0
1790896348504437248,,,0.000,0,,,,,0,0,0
1790896348704404448,,,0.000,0,,,,,0,0,0
1790896348904270496,,,0.000,0,,,,,0,0,0
1790896349104379392,,,0.000,0,,,,,0,0,0
1790896349304747104,,,0.000,0,,,,,0,0,0
1790896349505310880,,,0.000,0,,,,,0,0,0
1790896349705107808,,,0.000,0,,,,,0,0,0
1790896349905060128,,,0.000,0,,,,,0,0,0
1790896350105422976,,,0.000,0,,,,,0,0,0
1790896350305058592,,,0.000,0,,,,,0,0,0
1790896350504562848,,,0.000,0,,,,,0,0,0
1790896350705509632,,,0.000,0,,,,,0,0,0
1790896350904773152,,,0.000,0,,,,,0,0,0
1790896351104727616,,,0.000,0,,,,,0,0,0
1790896351304778144,,,0.000,0,,,,,0,0,0
1790896351504764416,,,0.000,0,,,,,0,0,0
1790896351705083296,,,0.000,0,,,,,0,0,0
1790896351904807392,,,0.000,0,,,,,0,0,0
1790896352104821920,,,0.000,0,,,,,0,0,0
1790896352305161312,,,0.000,0,,,,,0,0,0
1790896352504922272,,,0.000,0,,,,,0,0,0
1790896352704997056,,,0.000,0,,,,,0,0,0
1790896352905295776,,,0.000,0,,,,,0,0,0
1790896353104572480,,,0.000,0,,,,,0,0,0
1790896353305208896,,,0.000,0,,,,,0,0,0
1790896353504561568,,,0.000,0,,,,,0,0,0
1790896353704634944,,,0.000,0,,,,,0,0,0
1790896353904964320,,,0.000,0,,,,,0,0,0
1790896354105385632,,,0.000,0,,,,,0,0,0
1790896354305137792,,,0.000,0,,,,,0,0,0
1790896354505002368,,,0.000,0,,,,,0,0,0
1790896354704803104,,,0.000,0,,,,,0,0,0
1790896354905011392,,,0.000,0,,,,,0,0,0
1790896355105118464,,,0.000,0,,,,,0,0,0
1790896355305225472,,,0.000,0,,,,,0,0,0
1790896355505320832,,,0.000,0,,,,,0,0,0
1790896355704566688,,,0.000,0,,,,,0,0,0
1790896355904549344,,,0.000,0,,,,,0,0,0
1790896356104554752,,,0.000,0,,,,,0,0,0
1790896356304735840,,,0.000,0,,,,,0,0,0
1790896356505515232,,,0.000,0,,,,,0,0,0
1790896356704838656,,,0.000,0,,,,,0,0,0
1790896356904773888,,,0.000,0,,,,,0,0,0
1790896357104907168,,,0.000,0,,,,,0,0,0
1790896357304586080,,,0.000,0,,,,,0,0,0
1790896357505007168,,,0.000,0,,,,,0,0,0
1790896357705746208,,,0.000,0,,,,,0,0,0
1790896357904686784,,,0.000,0,,,,,0,0,0
1790896358104520128,,,0.000,0,,,,,0,0,0
1790896358304946080,,,0.000,0,,,,,0,0,0
1790896358504974176,,,0.000,0,,,,,0,0,0
1790896358704349056,,,0.000,0,,,,,0,0,0
1790896358905409536,,,0.000,0,,,,,0,0,0
1790896359104769408,,,0.000,0,,,,,0,0,0
1790896359304694496,,,0.000,0,,,,,0,0,0
1790896359504556544,,,0.000,0,,,,,0,0,0
1790896359705143712,,,0.000,0,,,,,0,0,0
1790896359904861920,,,0.000,0,,,,,0,0,0
1790896360105113408,,,0.000,0,,,,,0,0,0
1790896360304626272,,,0.000,0,,,,,0,0,0
1790896360504593376,,,0.000,0,,,,,0,0,0
1790896360704362944,,,0.000,0,,,,,0,0,0
1790896360904575552,,,0.000,0,,,,,0,0,0
1790896361104565408,,,0.000,0,,,,,0,0,0
1790896361304877824,,,0.000,0,,,,,0,0,0
1790896361504348928,,,0.000,0,,,,,0,0,0
1790896361704337184,,,0.000,0,,,,,0,0,0
1790896361904707648,,,0.000,0,,,,,0,0,0
1790896362104798016,,,0.000,0,,,,,0,0,0
1790896362305129376,,,0.000,0,,,,,0,0,0
1790896362505100160,,,0.000,0,,,,,0,0,0
1790896362704595744,,,0.000,0,,,,,0,0,0
1790896362905452064,,,0.000,0,,,,,0,0,0
1790896363104523968,,,0.000,0,,,,,0,0,0
1790896363304427040,,,0.000,0,,,,,0,0,0
1790896363505189600,,,0.000,0,,,,,0,0,0
1790896363705071488,,,0.000,0,,,,,0,0,0
1790896363904652608,,,0.000,0,,,,,0,0,0
1790896364104369152,,,0.000,0,,,,,0,0,0
1790896364304552128,,,0.000,0,,,,,0,0,0
1790896364504756352,,,0.000,0,,,,,0,0,0
1790896364705028992,,,0.000,0,,,,,0,0,0
1790896364904627968,,,0.000,0,,,,,0,0,0
1790896365104502656,,,0.000,0,,,,,0,0,0
1790896365304944736,,,0.000,0,,,,,0,0,0
1790896365504576224,,,0.000,0,,,,,0,0,0
1790896365704612192,,,0.000,0,,,,,0,0,0
1790896365905335552,,,0.000,0,,,,,0,0,0
1790896366104578208,,,0.000,0,,,,,0,0,0
1790896366304570848,,,0.000,0,,,,,0,0,0
1790896366504978176,,,0.000,0,,,,,0,0,0
1790896366705179264,,,0.000,0,,,,,0,0,0
1790896366904911040,,,0.000,0,,,,,0,0,0
1790896367105366688,,,0.000,0,,,,,0,0,0
1790896367304605856,,,0.000,0,,,,,0,0,0
1790896367504983200,,,0.000,0,,,,,0,0,0
1790896367704617760,,,0.000,0,,,,,0,0,0
1790896367904892288,,,0.000,0,,,,,0,0,0
1790896368104630752,,,0.000,0,,,,,0,0,0
1790896368305277312,,,0.000,0,,,,,0,0,0
1790896368504542144,,,0.000,0,,,,,0,0,0
1790896368704647168,,,0.000,0,,,,,0,0,0
1790896368904542912,,,0.000,0,,,,,0,0,0
1790896369105401440,,,0.000,0,,,,,0,0,0
1790896369304656992,,,0.000,0,,,,,0,0,0
1790896369505322208,,,0.000,0,,,,,0,0,0
1790896369704729920,,,0.000,0,,,,,0,0,0
1790896369904389856,,,0.000,0,,,,,0,0,0
1790896370104528096,,,0.000,0,,,,,0,0,0
1790896370304610400,,,0.000,0,,,,,0,0,0
1790896370504301120,,,0.000,0,,,,,0,0,0
1790896370705345120,,,0.000,0,,,,,0,0,0
1790896370904331616,,,0.000,0,,,,,0,0,0
1790896371104641440,,,0.000,0,,,,,0,0,0
1790896371304435584,,,0.000,0,,,,,0,0,0
1790896371504392800,,,0.000,0,,,,,0,0,0
1790896371704394944,,,0.000,0,,,,,0,0,0
1790896371905312384,,,0.000,0,,,,,0,0,0
1790896372104618912,,,0.000,0,,,,,0,0,0
1790896372305343328,,,0.000,0,,,,,0,0,0
1790896372505019232,,,0.000,0,,,,,0,0,0
1790896372704633792,,,0.000,0,,,,,0,0,0
1790896372904688768,,,0.000,0,,,,,0,0,0
1790896373105035360,,,0.000,0,,,,,0,0,0
1790896373304459360,,,0.000,0,,,,,0,0,0
1790896373504634880,,,0.000,0,,,,,0,0,0
1790896373704614560,,,0.000,0,,,,,0,0,0
1790896373904609824,,,0.000,0,,,,,0,0,0
1790896374104558912,,,0.000,0,,,,,0,0,0
1790896374305490336,,,0.000,0,,,,,0,0,0
1790896374504677984,,,0.000,0,,,,,0,0,0
1790896374705007424,,,0.000,0,,,,,0,0,0
1790896374905029312,,,0.000,0,,,,,0,0,0
1790896375105370432,,,0.000,0,,,,,0,0,0
1790896375304675744,,,0.000,0,,,,,0,0,0
1790896375504805824,,,0.000,0,,,,,0,0,0
1790896375705118336,,,0.000,0,,,,,0,0,0
1790896375904646144,,,0.000,0,,,,,0,0,0
1790896376104571072,,,0.000,0,,,,,0,0,0
1790896376304959008,,,0.000,0,,,,,0,0,0
1790896376505059552,,,0.000,0,,,,,0,0,0
1790896376704925824,,,0.000,0,,,,,0,0,0
1790896376904573696,,,0.000,0,,,,,0,0,0
1790896377104936992,,,0.000,0,,,,,0,0,0
1790896377304658592,Cielo,e17c4ec176ca,0.170,0,,,,,1,0,0
1790896377504551232,Cielo,e17c4ec176ca,0.370,0,,,,,1,0,0
1790896377704951872,Cielo,e17c4ec176ca,0.570,0,,,,,1,0,0
1790896377904590208,Cielo,e17c4ec176ca,0.770,0,,,,,1,0,0
1790896378104531328,Cielo,e17c4ec176ca,0.970,0,,,,,1,0,0
1790896378304735008,Cielo,e17c4ec176ca,1.170,0,,,,,1,0,0
1790896378504849760,Cielo,e17c4ec176ca,1.370,0,,,,,1,0,0
1790896378704881344,Cielo,e17c4ec176ca,1.570,0,,,,,1,0,0
1790896378905492512,Cielo,e17c4ec176ca,1.771,0,,,,,1,0,0
1790896379105030720,Cielo,e17c4ec176ca,1.970,0,,,,,1,0,0
1790896379304720128,Cielo,e17c4ec176ca,2.170,0,,,,,1,0,0
1790896379504540928,Cielo,e17c4ec176ca,2.370,0,,,,,1,0,0
1790896379704705088,Cielo,e17c4ec176ca,2.570,0,,,,,1,0,0
1790896379904867392,Cielo,e17c4ec176ca,2.770,0,,,,,1,0,0
1790896380105040320,Cielo,e17c4ec176ca,2.970,0,,,,,1,0,0
1790896380304728256,,,0.000,0,,,,,1,0,1
1790896380504808992,,,0.000,0,,,,,1,0,1
1790896380704642528,Cielo,d7226226b518,0.031,0,,,,,2,0,1
1790896380904549536,Cielo,d7226226b518,0.231,0,,,,,2,0,1
1790896381104829088,Cielo,d7226226b518,0.431,0,,,,,2,0,1
1790896381304991968,Cielo,d7226226b518,0.631,0,,,,,2,0,1
1790896381504988864,Cielo,d7226226b518,0.831,0,,,,,2,0,1
1790896381704642496,Cielo,d7226226b518,1.031,0,,,,,2,0,1
1790896381904616384,Cielo,d7226226b518,1.231,0,,,,,2,0,1
1790896382104986528,Cielo,d7226226b518,1.431,0,,,,,2,0,1
1790896382304698176,Cielo,d7226226b518,1.631,0,,,,,2,0,1
1790896382505150880,Cielo,d7226226b518,1.831,0,,,,,2,0,1
1790896382705075648,Cielo,d7226226b518,2.031,0,,,,,2,0,1
1790896382904796832,Cielo,d7226226b518,2.231,0,,,,,2,0,1
1790896383104547040,Cielo,d7226226b518,2.431,1,2fc1605e5ca2,Italo,1,0.015,3,0,1
1790896383304771744,Cielo,d7226226b518,2.631,1,2fc1605e5ca2,Italo,1,0.215,3,0,1
1790896383505126400,Cielo,d7226226b518,2.831,1,2fc1605e5ca2,Italo,1,0.415,3,0,1
1790896383704753984,Italo,2fc1605e5ca2,0.012,0,,,,,3,0,2
1790896383905198016,Italo,2fc1605e5ca2,0.212,0,,,,,3,0,2
1790896384104876192,Italo,2fc1605e5ca2,0.412,0,,,,,3,0,2
1790896384304814112,Italo,2fc1605e5ca2,0.612,1,215f1b20bf5e,Cielo,4,0.099,4,0,2
1790896384504997536,Italo,2fc1605e5ca2,0.812,1,215f1b20bf5e,Cielo,4,0.299,4,0,2
1790896384705098848,Italo,2fc1605e5ca2,1.012,1,215f1b20bf5e,Cielo,4,0.499,4,0,2
1790896384904897056,Italo,2fc1605e5ca2,1.212,1,215f1b20bf5e,Cielo,4,0.699,4,0,2
1790896385105014816,Italo,2fc1605e5ca2,1.412,1,215f1b20bf5e,Cielo,4,0.899,4,0,2
1790896385305439040,Italo,2fc1605e5ca2,1.612,1,215f1b20bf5e,Cielo,4,1.099,4,0,2
1790896385505853568,Italo,2fc1605e5ca2,1.813,1,215f1b20bf5e,Cielo,4,1.300,4,0,2
1790896385704810144,Italo,2fc1605e5ca2,2.012,1,215f1b20bf5e,Cielo,4,1.499,4,0,2
1790896385905017696,Italo,2fc1605e5ca2,2.212,1,215f1b20bf5e,Cielo,4,1.699,4,0,2
1790896386104994400,Italo,2fc1605e5ca2,2.412,1,215f1b20bf5e,Cielo,4,1.899,4,0,2
1790896386304987104,Italo,2fc1605e5ca2,2.612,1,215f1b20bf5e,Cielo,4,2.099,4,0,2
1790896386505233632,Italo,2fc1605e5ca2,2.812,1,215f1b20bf5e,Cielo,4,2.299,4,0,2
1790896386705110048,Italo,2fc1605e5ca2,3.012,1,215f1b20bf5e,Cielo,4,2.499,4,0,2
1790896386904721408,Cielo,215f1b20bf5e,0.192,0,,,,,4,0,3
1790896387105193728,Cielo,215f1b20bf5e,0.392,0,,,,,4,0,3
1790896387304962368,Cielo,215f1b20bf5e,0.592,1,47120efd490f,Italo,1,0.079,5,0,3
1790896387504633760,Cielo,215f1b20bf5e,0.792,2,47120efd490f|7f90e0c6cfb9,Italo|Hugo,1|2,0.278|0.031,6,0,3
1790896387705214944,Cielo,215f1b20bf5e,0.992,2,47120efd490f|7f90e0c6cfb9,Italo|Hugo,1|2,0.479|0.232,6,0,3
1790896387904798944,Cielo,215f1b20bf5e,1.192,2,47120efd490f|7f90e0c6cfb9,Italo|Hugo,1|2,0.678|0.431,6,0,3
1790896388104793600,Cielo,215f1b20bf5e,1.392,2,47120efd490f|7f90e0c6cfb9,Italo|Hugo,1|2,0.878|0.631,6,0,3
1790896388304746560,Cielo,215f1b20bf5e,1.592,2,47120efd490f|7f90e0c6cfb9,Italo|Hugo,1|2,1.078|0.831,6,0,3
1790896388504801696,Cielo,215f1b20bf5e,1.792,2,47120efd490f|7f90e0c6cfb9,Italo|Hugo,1|2,1.278|1.031,6,0,3
1790896388705111840,Cielo,215f1b20bf5e,1.992,2,47120efd490f|7f90e0c6cfb9,Italo|Hugo,1|2,1.479|1.232,6,0,3
1790896388905419296,Cielo,215f1b20bf5e,2.192,2,47120efd490f|7f90e0c6cfb9,Italo|Hugo,1|2,1.679|1.432,6,0,3
1790896389105098304,Cielo,215f1b20bf5e,2.392,2,47120efd490f|7f90e0c6cfb9,Italo|Hugo,1|2,1.879|1.632,6,0,3
1790896389304910848,Cielo,215f1b20bf5e,2.592,2,47120efd490f|7f90e0c6cfb9,Italo|Hugo,1|2,2.079|1.831,6,0,3
1790896389505133376,Cielo,215f1b20bf5e,2.792,3,47120efd490f|7f90e0c6cfb9|88afa3a82e9c,Italo|Hugo|Daniela,1|2|3,2.279|2.032|0.121,7,0,3
1790896389704961024,Cielo,215f1b20bf5e,2.992,3,47120efd490f|7f90e0c6cfb9|88afa3a82e9c,Italo|Hugo|Daniela,1|2|3,2.479|2.231|0.321,7,0,3
1790896389905590720,Daniela,88afa3a82e9c,0.174,2,47120efd490f|7f90e0c6cfb9,Italo|Hugo,1|2,2.679|2.432,7,0,4
1790896390104792512,Daniela,88afa3a82e9c,0.374,2,47120efd490f|7f90e0c6cfb9,Italo|Hugo,1|2,2.878|2.631,7,0,4
1790896390304779296,Daniela,88afa3a82e9c,0.574,3,47120efd490f|7f90e0c6cfb9|c6a310889d8b,Italo|Hugo|Cielo,1|2|4,3.078|2.831|0.060,8,0,4
1790896390505487168,Daniela,88afa3a82e9c,0.775,3,47120efd490f|7f90e0c6cfb9|c6a310889d8b,Italo|Hugo|Cielo,1|2|4,3.279|3.032|0.261,8,0,4
1790896390705565056,Daniela,88afa3a82e9c,0.974,3,47120efd490f|7f90e0c6cfb9|c6a310889d8b,Italo|Hugo|Cielo,1|2|4,3.479|3.231|0.461,8,0,4
1790896390905290912,Daniela,88afa3a82e9c,1.174,3,47120efd490f|7f90e0c6cfb9|c6a310889d8b,Italo|Hugo|Cielo,1|2|4,3.678|3.431|0.660,8,0,4
1790896391104982656,Daniela,88afa3a82e9c,1.374,3,47120efd490f|7f90e0c6cfb9|c6a310889d8b,Italo|Hugo|Cielo,1|2|4,3.878|3.631|0.860,8,0,4
1790896391304954400,Daniela,88afa3a82e9c,1.574,3,47120efd490f|7f90e0c6cfb9|c6a310889d8b,Italo|Hugo|Cielo,1|2|4,4.078|3.831|1.060,8,0,4
1790896391504960288,Daniela,88afa3a82e9c,1.774,3,47120efd490f|7f90e0c6cfb9|c6a310889d8b,Italo|Hugo|Cielo,1|2|4,4.278|4.031|1.260,8,0,4
1790896391705127776,Daniela,88afa3a82e9c,1.974,3,47120efd490f|7f90e0c6cfb9|c6a310889d8b,Italo|Hugo|Cielo,1|2|4,4.479|4.232|1.461,8,0,4
1790896391905322496,Daniela,88afa3a82e9c,2.174,3,47120efd490f|7f90e0c6cfb9|c6a310889d8b,Italo|Hugo|Cielo,1|2|4,4.679|4.432|1.661,8,0,4
1790896392105376800,Daniela,88afa3a82e9c,2.374,3,47120efd490f|7f90e0c6cfb9|c6a310889d8b,Italo|Hugo|Cielo,1|2|4,4.878|4.631|1.860,8,0,4
1790896392305099968,Daniela,88afa3a82e9c,2.574,3,47120efd490f|7f90e0c6cfb9|c6a310889d8b,Italo|Hugo|Cielo,1|2|4,5.079|4.831|2.060,8,0,4
1790896392505059008,Daniela,88afa3a82e9c,2.774,3,47120efd490f|7f90e0c6cfb9|c6a310889d8b,Italo|Hugo|Cielo,1|2|4,5.278|5.031|2.260,8,0,4
1790896392704963136,Daniela,88afa3a82e9c,2.974,3,47120efd490f|7f90e0c6cfb9|c6a310889d8b,Italo|Hugo|Cielo,1|2|4,5.478|5.231|2.460,8,0,4
1790896392905238176,Cielo,c6a310889d8b,0.157,2,47120efd490f|7f90e0c6cfb9,Italo|Hugo,1|2,5.679|5.432,8,0,5
1790896393105305568,Cielo,c6a310889d8b,0.356,2,47120efd490f|7f90e0c6cfb9,Italo|Hugo,1|2,5.879|5.632,8,0,5
1790896393304599776,Cielo,c6a310889d8b,0.556,3,47120efd490f|7f90e0c6cfb9|c182567b26df,Italo|Hugo|Daniela,1|2|3,6.078|5.831|0.043,9,0,5
1790896393505127680,Cielo,c6a310889d8b,0.756,3,47120efd490f|7f90e0c6cfb9|c182567b26df,Italo|Hugo|Daniela,1|2|3,6.279|6.031|0.243,9,0,5
1790896393705197184,Cielo,c6a310889d8b,0.956,3,47120efd490f|7f90e0c6cfb9|c182567b26df,Italo|Hugo|Daniela,1|2|3,6.478|6.231|0.443,9,0,5
1790896393905539616,Cielo,c6a310889d8b,1.156,3,47120efd490f|7f90e0c6cfb9|c182567b26df,Italo|Hugo|Daniela,1|2|3,6.679|6.432|0.643,9,0,5
1790896394105112864,Cielo,c6a310889d8b,1.356,3,47120efd490f|7f90e0c6cfb9|c182567b26df,Italo|Hugo|Daniela,1|2|3,6.878|6.631|0.843,9,0,5
1790896394305514528,Cielo,c6a310889d8b,1.556,3,47120efd490f|7f90e0c6cfb9|c182567b26df,Italo|Hugo|Daniela,1|2|3,7.079|6.831|1.043,9,0,5
1790896394505522752,Cielo,c6a310889d8b,1.756,3,47120efd490f|7f90e0c6cfb9|c182567b26df,Italo|Hugo|Daniela,1|2|3,7.279|7.031|1.243,9,0,5
1790896394705247072,Cielo,c6a310889d8b,1.956,3,47120efd490f|7f90e0c6cfb9|c182567b26df,Italo|Hugo|Daniela,1|2|3,7.478|7.231|1.443,9,0,5
1790896394905037824,Cielo,c6a310889d8b,2.156,3,47120efd490f|7f90e0c6cfb9|c182567b26df,Italo|Hugo|Daniela,1|2|3,7.678|7.431|1.643,9,0,5
1790896395105482592,Cielo,c6a310889d8b,2.357,3,47120efd490f|7f90e0c6cfb9|c182567b26df,Italo|Hugo|Daniela,1|2|3,7.879|7.632|1.843,9,0,5
1790896395305680672,Cielo,c6a310889d8b,2.557,3,47120efd490f|7f90e0c6cfb9|c182567b26df,Italo|Hugo|Daniela,1|2|3,8.079|7.832|2.043,9,0,5
1790896395505220256,Cielo,c6a310889d8b,2.756,3,47120efd490f|7f90e0c6cfb9|c182567b26df,Italo|Hugo|Daniela,1|2|3,8.279|8.031|2.243,9,0,5
1790896395704841024,Cielo,c6a310889d8b,2.956,3,47120efd490f|7f90e0c6cfb9|c182567b26df,Italo|Hugo|Daniela,1|2|3,8.478|8.231|2.443,9,0,5
1790896395904783680,Daniela,c182567b26df,0.137,2,47120efd490f|7f90e0c6cfb9,Italo|Hugo,1|2,8.678|8.431,9,0,6
1790896396104968544,Daniela,c182567b26df,0.337,2,47120efd490f|7f90e0c6cfb9,Italo|Hugo,1|2,8.878|8.631,9,0,6
1790896396304650816,Daniela,c182567b26df,0.537,3,47120efd490f|7f90e0c6cfb9|7df5e54c35b8,Italo|Hugo|Cielo,1|2|4,9.078|8.831|0.023,10,0,6
1790896396505317568,Daniela,c182567b26df,0.738,3,47120efd490f|7f90e0c6cfb9|7df5e54c35b8,Italo|Hugo|Cielo,1|2|4,9.279|9.032|0.224,10,0,6
1790896396704844736,Daniela,c182567b26df,0.937,3,47120efd490f|7f90e0c6cfb9|7df5e54c35b8,Italo|Hugo|Cielo,1|2|4,9.478|9.231|0.424,10,0,6
1790896396904870016,Daniela,c182567b26df,1.137,3,47120efd490f|7f90e0c6cfb9|7df5e54c35b8,Italo|Hugo|Cielo,1|2|4,9.678|9.431|0.623,10,0,6
1790896397105028800,Daniela,c182567b26df,1.338,3,47120efd490f|7f90e0c6cfb9|7df5e54c35b8,Italo|Hugo|Cielo,1|2|4,9.879|9.632|0.824,10,0,6
1790896397304734112,Daniela,c182567b26df,1.537,3,47120efd490f|7f90e0c6cfb9|7df5e54c35b8,Italo|Hugo|Cielo,1|2|4,10.078|9.831|1.023,10,0,6
1790896397504935936,Daniela,c182567b26df,1.737,3,47120efd490f|7f90e0c6cfb9|7df5e54c35b8,Italo|Hugo|Cielo,1|2|4,10.279|10.031|1.224,10,0,6
1790896397705333056,Daniela,c182567b26df,1.938,3,47120efd490f|7f90e0c6cfb9|7df5e54c35b8,Italo|Hugo|Cielo,1|2|4,10.479|10.232|1.424,10,0,6
1790896397904934944,Daniela,c182567b26df,2.137,3,47120efd490f|7f90e0c6cfb9|7df5e54c35b8,Italo|Hugo|Cielo,1|2|4,10.678|10.431|1.624,10,0,6
1790896398104805024,Daniela,c182567b26df,2.337,3,47120efd490f|7f90e0c6cfb9|7df5e54c35b8,Italo|Hugo|Cielo,1|2|4,10.878|10.631|1.824,10,0,6
1790896398305430304,Daniela,c182567b26df,2.538,3,47120efd490f|7f90e0c6cfb9|7df5e54c35b8,Italo|Hugo|Cielo,1|2|4,11.079|10.832|2.024,10,0,6
1790896398504862400,Daniela,c182567b26df,2.737,3,47120efd490f|7f90e0c6cfb9|7df5e54c35b8,Italo|Hugo|Cielo,1|2|4,11.279|11.031|2.224,10,0,6
1790896398704938592,Daniela,c182567b26df,2.937,3,47120efd490f|7f90e0c6cfb9|7df5e54c35b8,Italo|Hugo|Cielo,1|2|4,11.479|11.231|2.424,10,0,6
1790896398905352416,Cielo,7df5e54c35b8,0.121,2,47120efd490f|7f90e0c6cfb9,Italo|Hugo,1|2,11.679|11.432,10,0,7
1790896399104827104,Cielo,7df5e54c35b8,0.321,2,47120efd490f|7f90e0c6cfb9,Italo|Hugo,1|2,11.878|11.631,10,0,7
1790896399304672672,Cielo,7df5e54c35b8,0.521,3,47120efd490f|7f90e0c6cfb9|b623f76190c8,Italo|Hugo|Daniela,1|2|3,12.078|11.831|0.009,11,0,7
1790896399504813024,Cielo,7df5e54c35b8,0.721,3,47120efd490f|7f90e0c6cfb9|b623f76190c8,Italo|Hugo|Daniela,1|2|3,12.278|12.031|0.209,11,0,7
1790896399704795424,Cielo,7df5e54c35b8,0.921,3,47120efd490f|7f90e0c6cfb9|b623f76190c8,Italo|Hugo|Daniela,1|2|3,12.478|12.231|0.409,11,0,7
1790896399904851584,Cielo,7df5e54c35b8,1.121,3,47120efd490f|7f90e0c6cfb9|b623f76190c8,Italo|Hugo|Daniela,1|2|3,12.678|12.431|0.609,11,0,7
1790896400105207680,Cielo,7df5e54c35b8,1.321,3,47120efd490f|7f90e0c6cfb9|b623f76190c8,Italo|Hugo|Daniela,1|2|3,12.879|12.632|0.810,11,0,7
1790896400304799232,Cielo,7df5e54c35b8,1.521,3,47120efd490f|7f90e0c6cfb9|b623f76190c8,Italo|Hugo|Daniela,1|2|3,13.078|12.831|1.009,11,0,7
1790896400505083616,Cielo,7df5e54c35b8,1.721,3,47120efd490f|7f90e0c6cfb9|b623f76190c8,Italo|Hugo|Daniela,1|2|3,13.278|13.031|1.209,11,0,7
1790896400705001952,Cielo,7df5e54c35b8,1.921,3,47120efd490f|7f90e0c6cfb9|b623f76190c8,Italo|Hugo|Daniela,1|2|3,13.478|13.231|1.409,11,0,7
1790896400904779840,Cielo,7df5e54c35b8,2.121,3,47120efd490f|7f90e0c6cfb9|b623f76190c8,Italo|Hugo|Daniela,1|2|3,13.678|13.431|1.609,11,0,7
1790896401104607296,Cielo,7df5e54c35b8,2.321,3,47120efd490f|7f90e0c6cfb9|b623f76190c8,Italo|Hugo|Daniela,1|2|3,13.878|13.631|1.809,11,0,7
1790896401305212928,Cielo,7df5e54c35b8,2.521,3,47120efd490f|7f90e0c6cfb9|b623f76190c8,Italo|Hugo|Daniela,1|2|3,14.079|13.832|2.010,11,0,7
1790896401504509632,Cielo,7df5e54c35b8,2.721,3,47120efd490f|7f90e0c6cfb9|b623f76190c8,Italo|Hugo|Daniela,1|2|3,14.278|14.031|2.209,11,0,7
1790896401705121632,Cielo,7df5e54c35b8,2.921,3,47120efd490f|7f90e0c6cfb9|b623f76190c8,Italo|Hugo|Daniela,1|2|3,14.479|14.232|2.410,11,0,7
1790896401904893856,Hugo,7f90e0c6cfb9,0.103,2,47120efd490f|b623f76190c8,Italo|Daniela,1|3,14.678|2.609,11,0,8
1790896402105139968,Hugo,7f90e0c6cfb9,0.303,2,47120efd490f|b623f76190c8,Italo|Daniela,1|3,14.879|2.810,11,0,8
1790896402304508576,Hugo,7f90e0c6cfb9,0.502,2,47120efd490f|b623f76190c8,Italo|Daniela,1|3,15.078|3.009,11,0,8
1790896402505054304,Hugo,7f90e0c6cfb9,0.703,3,47120efd490f|b623f76190c8|9df467148209,Italo|Daniela|Cielo,1|3|4,15.279|3.209|0.189,12,0,8
1790896402704947136,Hugo,7f90e0c6cfb9,0.903,3,47120efd490f|b623f76190c8|9df467148209,Italo|Daniela|Cielo,1|3|4,15.478|3.409|0.389,12,0,8
1790896402905046304,Hugo,7f90e0c6cfb9,1.103,3,47120efd490f|b623f76190c8|9df467148209,Italo|Daniela|Cielo,1|3|4,15.679|3.610|0.589,12,0,8
1790896403104803616,Hugo,7f90e0c6cfb9,1.303,3,47120efd490f|b623f76190c8|9df467148209,Italo|Daniela|Cielo,1|3|4,15.878|3.809|0.789,12,0,8
1790896403304652160,Hugo,7f90e0c6cfb9,1.503,3,47120efd490f|b623f76190c8|9df467148209,Italo|Daniela|Cielo,1|3|4,16.078|4.009|0.989,12,0,8
1790896403504666592,Hugo,7f90e0c6cfb9,1.703,3,47120efd490f|b623f76190c8|9df467148209,Italo|Daniela|Cielo,1|3|4,16.278|4.209|1.189,12,0,8
1790896403705063456,Hugo,7f90e0c6cfb9,1.903,3,47120efd490f|b623f76190c8|9df467148209,Italo|Daniela|Cielo,1|3|4,16.479|4.410|1.389,12,0,8
1790896403904921248,Hugo,7f90e0c6cfb9,2.103,3,47120efd490f|b623f76190c8|9df467148209,Italo|Daniela|Cielo,1|3|4,16.679|4.609|1.589,12,0,8
1790896404105061472,Hugo,7f90e0c6cfb9,2.303,3,47120efd490f|b623f76190c8|9df467148209,Italo|Daniela|Cielo,1|3|4,16.879|4.810|1.789,12,0,8
1790896404305173632,Hugo,7f90e0c6cfb9,2.503,3,47120efd490f|b623f76190c8|9df467148209,Italo|Daniela|Cielo,1|3|4,17.079|5.010|1.989,12,0,8
1790896404504762784,Hugo,7f90e0c6cfb9,2.703,3,47120efd490f|b623f76190c8|9df467148209,Italo|Daniela|Cielo,1|3|4,17.278|5.209|2.189,12,0,8
1790896404704436064,Hugo,7f90e0c6cfb9,2.902,3,47120efd490f|b623f76190c8|9df467148209,Italo|Daniela|Cielo,1|3|4,17.478|5.409|2.389,12,0,8
1790896404905060640,Cielo,9df467148209,0.083,2,47120efd490f|b623f76190c8,Italo|Daniela,1|3,17.679|5.609,12,0,9
1790896405104952800,Cielo,9df467148209,0.283,2,47120efd490f|b623f76190c8,Italo|Daniela,1|3,17.878|5.809,12,0,9
1790896405305191168,Cielo,9df467148209,0.483,2,47120efd490f|b623f76190c8,Italo|Daniela,1|3,18.079|6.010,12,0,9
1790896405504856032,Cielo,9df467148209,0.683,3,47120efd490f|b623f76190c8|75bbd981d0df,Italo|Daniela|Hugo,1|3|2,18.278|6.209|0.170,13,0,9
1790896405704691872,Cielo,9df467148209,0.883,3,47120efd490f|b623f76190c8|75bbd981d0df,Italo|Daniela|Hugo,1|3|2,18.478|6.409|0.370,13,0,9
1790896405904422656,Cielo,9df467148209,1.083,3,47120efd490f|b623f76190c8|75bbd981d0df,Italo|Daniela|Hugo,1|3|2,18.678|6.609|0.570,13,0,9
1790896406105143776,Cielo,9df467148209,1.283,3,47120efd490f|b623f76190c8|75bbd981d0df,Italo|Daniela|Hugo,1|3|2,18.879|6.810|0.770,13,0,9
1790896406304849312,Cielo,9df467148209,1.483,3,47120efd490f|b623f76190c8|75bbd981d0df,Italo|Daniela|Hugo,1|3|2,19.078|7.009|0.970,13,0,9
1790896406504785888,Cielo,9df467148209,1.683,3,47120efd490f|b623f76190c8|75bbd981d0df,Italo|Daniela|Hugo,1|3|2,19.278|7.209|1.170,13,0,9
1790896406704773984,Cielo,9df467148209,1.883,3,47120efd490f|b623f76190c8|75bbd981d0df,Italo|Daniela|Hugo,1|3|2,19.478|7.409|1.370,13,0,9
1790896406904852416,Cielo,9df467148209,2.083,3,47120efd490f|b623f76190c8|75bbd981d0df,Italo|Daniela|Hugo,1|3|2,19.678|7.609|1.570,13,0,9
1790896407104805888,Cielo,9df467148209,2.283,3,47120efd490f|b623f76190c8|75bbd981d0df,Italo|Daniela|Hugo,1|3|2,19.878|7.809|1.770,13,0,9
1790896407305074208,Cielo,9df467148209,2.483,3,47120efd490f|b623f76190c8|75bbd981d0df,Italo|Daniela|Hugo,1|3|2,20.079|8.010|1.970,13,0,9
1790896407504974944,Cielo,9df467148209,2.683,3,47120efd490f|b623f76190c8|75bbd981d0df,Italo|Daniela|Hugo,1|3|2,20.279|8.209|2.170,13,0,9
1790896407704816160,Cielo,9df467148209,2.883,3,47120efd490f|b623f76190c8|75bbd981d0df,Italo|Daniela|Hugo,1|3|2,20.478|8.409|2.370,13,0,9
1790896407904846624,Daniela,b623f76190c8,0.064,2,47120efd490f|75bbd981d0df,Italo|Hugo,1|2,20.678|2.570,13,0,10
1790896408105451872,Daniela,b623f76190c8,0.264,2,47120efd490f|75bbd981d0df,Italo|Hugo,1|2,20.879|2.770,13,0,10
1790896408305107392,Daniela,b623f76190c8,0.464,2,47120efd490f|75bbd981d0df,Italo|Hugo,1|2,21.078|2.970,13,0,10
1790896408504867872,Daniela,b623f76190c8,0.664,3,47120efd490f|75bbd981d0df|bc6a1a29496e,Italo|Hugo|Cielo,1|2|4,21.278|3.170|0.150,14,0,10
1790896408704784608,Daniela,b623f76190c8,0.864,3,47120efd490f|75bbd981d0df|bc6a1a29496e,Italo|Hugo|Cielo,1|2|4,21.478|3.370|0.350,14,0,10
1790896408904952992,Daniela,b623f76190c8,1.064,3,47120efd490f|75bbd981d0df|bc6a1a29496e,Italo|Hugo|Cielo,1|2|4,21.678|3.570|0.550,14,0,10
1790896409104820864,Daniela,b623f76190c8,1.264,3,47120efd490f|75bbd981d0df|bc6a1a29496e,Italo|Hugo|Cielo,1|2|4,21.878|3.770|0.750,14,0,10
1790896409305137280,Daniela,b623f76190c8,1.464,3,47120efd490f|75bbd981d0df|bc6a1a29496e,Italo|Hugo|Cielo,1|2|4,22.079|3.970|0.950,14,0,10
1790896409504635520,Daniela,b623f76190c8,1.663,3,47120efd490f|75bbd981d0df|bc6a1a29496e,Italo|Hugo|Cielo,1|2|4,22.278|4.170|1.150,14,0,10
1790896409704932960,Daniela,b623f76190c8,1.864,3,47120efd490f|75bbd981d0df|bc6a1a29496e,Italo|Hugo|Cielo,1|2|4,22.479|4.370|1.350,14,0,10
1790896409904786336,Daniela,b623f76190c8,2.064,3,47120efd490f|75bbd981d0df|bc6a1a29496e,Italo|Hugo|Cielo,1|2|4,22.678|4.570|1.550,14,0,10
1790896410104768576,Daniela,b623f76190c8,2.264,3,47120efd490f|75bbd981d0df|bc6a1a29496e,Italo|Hugo|Cielo,1|2|4,22.878|4.770|1.750,14,0,10
1790896410305018016,Daniela,b623f76190c8,2.464,3,47120efd490f|75bbd981d0df|bc6a1a29496e,Italo|Hugo|Cielo,1|2|4,23.079|4.970|1.950,14,0,10
1790896410504710368,Daniela,b623f76190c8,2.664,3,47120efd490f|75bbd981d0df|bc6a1a29496e,Italo|Hugo|Cielo,1|2|4,23.278|5.170|2.150,14,0,10
1790896410705420384,Daniela,b623f76190c8,2.864,3,47120efd490f|75bbd981d0df|bc6a1a29496e,Italo|Hugo|Cielo,1|2|4,23.479|5.370|2.350,14,0,10
1790896410904864000,Cielo,bc6a1a29496e,0.045,2,47120efd490f|75bbd981d0df,Italo|Hugo,1|2,23.678|5.570,14,0,11
1790896411104791456,Cielo,bc6a1a29496e,0.245,2,47120efd490f|75bbd981d0df,Italo|Hugo,1|2,23.878|5.770,14,0,11
1790896411305430624,Cielo,bc6a1a29496e,0.445,2,47120efd490f|75bbd981d0df,Italo|Hugo,1|2,24.079|5.970,14,0,11
1790896411504947904,Cielo,bc6a1a29496e,0.645,3,47120efd490f|75bbd981d0df|64314d16d998,Italo|Hugo|Daniela,1|2|3,24.279|6.170|0.130,15,0,11
1790896411705061632,Cielo,bc6a1a29496e,0.845,3,47120efd490f|75bbd981d0df|64314d16d998,Italo|Hugo|Daniela,1|2|3,24.479|6.370|0.330,15,0,11
1790896411905322432,Cielo,bc6a1a29496e,1.045,3,47120efd490f|75bbd981d0df|64314d16d998,Italo|Hugo|Daniela,1|2|3,24.679|6.570|0.531,15,0,11
1790896412104936448,Cielo,bc6a1a29496e,1.245,3,47120efd490f|75bbd981d0df|64314d16d998,Italo|Hugo|Daniela,1|2|3,24.879|6.770|0.730,15,0,11
1790896412304950784,Cielo,bc6a1a29496e,1.445,3,47120efd490f|75bbd981d0df|64314d16d998,Italo|Hugo|Daniela,1|2|3,25.078|6.970|0.930,15,0,11
1790896412504994016,Cielo,bc6a1a29496e,1.645,3,47120efd490f|75bbd981d0df|64314d16d998,Italo|Hugo|Daniela,1|2|3,25.279|7.170|1.130,15,0,11
1790896412705215712,Cielo,bc6a1a29496e,1.845,3,47120efd490f|75bbd981d0df|64314d16d998,Italo|Hugo|Daniela,1|2|3,25.479|7.370|1.330,15,0,11
1790896412904981792,Cielo,bc6a1a29496e,2.045,3,47120efd490f|75bbd981d0df|64314d16d998,Italo|Hugo|Daniela,1|2|3,25.679|7.570|1.530,15,0,11
1790896413105392128,Cielo,bc6a1a29496e,2.245,3,47120efd490f|75bbd981d0df|64314d16d998,Italo|Hugo|Daniela,1|2|3,25.879|7.770|1.731,15,0,11
1790896413305250752,Cielo,bc6a1a29496e,2.445,3,47120efd490f|75bbd981d0df|64314d16d998,Italo|Hugo|Daniela,1|2|3,26.079|7.970|1.930,15,0,11
1790896413504889760,Cielo,bc6a1a29496e,2.645,3,47120efd490f|75bbd981d0df|64314d16d998,Italo|Hugo|Daniela,1|2|3,26.279|8.170|2.130,15,0,11
1790896413705229440,Cielo,bc6a1a29496e,2.845,3,47120efd490f|75bbd981d0df|64314d16d998,Italo|Hugo|Daniela,1|2|3,26.479|8.370|2.330,15,0,11
1790896413904821920,Italo,47120efd490f,0.026,2,75bbd981d0df|64314d16d998,Hugo|Daniela,2|3,8.570|2.530,15,0,12
1790896414104814112,Italo,47120efd490f,0.226,2,75bbd981d0df|64314d16d998,Hugo|Daniela,2|3,8.770|2.730,15,0,12
1790896414305394848,Italo,47120efd490f,0.427,2,75bbd981d0df|64314d16d998,Hugo|Daniela,2|3,8.970|2.931,15,0,12
1790896414504836224,Italo,47120efd490f,0.626,3,75bbd981d0df|64314d16d998|41b97111bc96,Hugo|Daniela|Cielo,2|3|4,9.170|3.130|0.113,16,0,12
1790896414705579584,Italo,47120efd490f,0.827,3,75bbd981d0df|64314d16d998|41b97111bc96,Hugo|Daniela|Cielo,2|3|4,9.370|3.331|0.313,16,0,12
1790896414905181408,Italo,47120efd490f,1.026,3,75bbd981d0df|64314d16d998|41b97111bc96,Hugo|Daniela|Cielo,2|3|4,9.570|3.530|0.513,16,0,12
1790896415104886272,Italo,47120efd490f,1.226,3,75bbd981d0df|64314d16d998|41b97111bc96,Hugo|Daniela|Cielo,2|3|4,9.770|3.730|0.713,16,0,12
1790896415304769408,Italo,47120efd490f,1.426,3,75bbd981d0df|64314d16d998|41b97111bc96,Hugo|Daniela|Cielo,2|3|4,9.970|3.930|0.913,16,0,12
1790896415505356864,Italo,47120efd490f,1.627,3,75bbd981d0df|64314d16d998|41b97111bc96,Hugo|Daniela|Cielo,2|3|4,10.170|4.131|1.113,16,0,12
1790896415705413440,Italo,47120efd490f,1.826,3,75bbd981d0df|64314d16d998|41b97111bc96,Hugo|Daniela|Cielo,2|3|4,10.370|4.331|1.313,16,0,12
1790896415904955776,Italo,47120efd490f,2.026,3,75bbd981d0df|64314d16d998|41b97111bc96,Hugo|Daniela|Cielo,2|3|4,10.570|4.530|1.513,16,0,12
1790896416104955264,Italo,47120efd490f,2.226,3,75bbd981d0df|64314d16d998|41b97111bc96,Hugo|Daniela|Cielo,2|3|4,10.770|4.730|1.713,16,0,12
1790896416304981120,Italo,47120efd490f,2.426,3,75bbd981d0df|64314d16d998|41b97111bc96,Hugo|Daniela|Cielo,2|3|4,10.970|4.930|1.913,16,0,12
1790896416504688736,Italo,47120efd490f,2.626,3,75bbd981d0df|64314d16d998|41b97111bc96,Hugo|Daniela|Cielo,2|3|4,11.170|5.130|2.113,16,0,12
1790896416705610912,Italo,47120efd490f,2.827,3,75bbd981d0df|64314d16d998|41b97111bc96,Hugo|Daniela|Cielo,2|3|4,11.370|5.331|2.313,16,0,12
1790896416904747968,Cielo,41b97111bc96,0.007,2,75bbd981d0df|64314d16d998,Hugo|Daniela,2|3,11.570|5.530,16,0,13
1790896417104944480,Cielo,41b97111bc96,0.207,2,75bbd981d0df|64314d16d998,Hugo|Daniela,2|3,11.770|5.730,16,0,13
1790896417304798720,Cielo,41b97111bc96,0.407,2,75bbd981d0df|64314d16d998,Hugo|Daniela,2|3,11.970|5.930,16,0,13
1790896417504888640,Cielo,41b97111bc96,0.607,3,75bbd981d0df|64314d16d998|f42ff55226af,Hugo|Daniela|Italo,2|3|1,12.170|6.130|0.093,17,0,13
1790896417704853536,Cielo,41b97111bc96,0.807,3,75bbd981d0df|64314d16d998|f42ff55226af,Hugo|Daniela|Italo,2|3|1,12.370|6.330|0.293,17,0,13
1790896417905139424,Cielo,41b97111bc96,1.007,3,75bbd981d0df|64314d16d998|f42ff55226af,Hugo|Daniela|Italo,2|3|1,12.570|6.531|0.493,17,0,13
1790896418105038880,Cielo,41b97111bc96,1.207,3,75bbd981d0df|64314d16d998|f42ff55226af,Hugo|Daniela|Italo,2|3|1,12.770|6.730|0.693,17,0,13
1790896418304975936,Cielo,41b97111bc96,1.407,3,75bbd981d0df|64314d16d998|f42ff55226af,Hugo|Daniela|Italo,2|3|1,12.970|6.930|0.893,17,0,13
1790896418504966144,Cielo,41b97111bc96,1.607,3,75bbd981d0df|64314d16d998|f42ff55226af,Hugo|Daniela|Italo,2|3|1,13.170|7.130|1.093,17,0,13
1790896418704912096,Cielo,41b97111bc96,1.807,3,75bbd981d0df|64314d16d998|f42ff55226af,Hugo|Daniela|Italo,2|3|1,13.370|7.330|1.293,17,0,13
1790896418904485984,Cielo,41b97111bc96,2.007,3,75bbd981d0df|64314d16d998|f42ff55226af,Hugo|Daniela|Italo,2|3|1,13.570|7.530|1.493,17,0,13
1790896419105148192,Cielo,41b97111bc96,2.207,3,75bbd981d0df|64314d16d998|f42ff55226af,Hugo|Daniela|Italo,2|3|1,13.770|7.731|1.693,17,0,13
1790896419305047456,Cielo,41b97111bc96,2.407,3,75bbd981d0df|64314d16d998|f42ff55226af,Hugo|Daniela|Italo,2|3|1,13.970|7.930|1.893,17,0,13
1790896419504897376,Cielo,41b97111bc96,2.607,3,75bbd981d0df|64314d16d998|f42ff55226af,Hugo|Daniela|Italo,2|3|1,14.170|8.130|2.093,17,0,13
1790896419704827968,Cielo,41b97111bc96,2.807,3,75bbd981d0df|64314d16d998|f42ff55226af,Hugo|Daniela|Italo,2|3|1,14.370|8.330|2.293,17,0,13
1790896419905087264,Cielo,41b97111bc96,3.007,3,75bbd981d0df|64314d16d998|f42ff55226af,Hugo|Daniela|Italo,2|3|1,14.570|8.530|2.493,17,0,13
1790896420104499840,Daniela,64314d16d998,0.186,2,75bbd981d0df|f42ff55226af,Hugo|Italo,2|1,14.770|2.693,17,0,14
1790896420305038368,Daniela,64314d16d998,0.387,2,75bbd981d0df|f42ff55226af,Hugo|Italo,2|1,14.970|2.893,17,0,14
1790896420504527776,Daniela,64314d16d998,0.586,3,75bbd981d0df|f42ff55226af|bd46784908b1,Hugo|Italo|Cielo,2|1|4,15.170|3.093|0.072,18,0,14
1790896420704840480,Daniela,64314d16d998,0.786,3,75bbd981d0df|f42ff55226af|bd46784908b1,Hugo|Italo|Cielo,2|1|4,15.370|3.293|0.272,18,0,14
1790896420905198176,Daniela,64314d16d998,0.987,3,75bbd981d0df|f42ff55226af|bd46784908b1,Hugo|Italo|Cielo,2|1|4,15.570|3.494|0.472,18,0,14
1790896421105385536,Daniela,64314d16d998,1.187,3,75bbd981d0df|f42ff55226af|bd46784908b1,Hugo|Italo|Cielo,2|1|4,15.770|3.694|0.672,18,0,14
1790896421304933312,Daniela,64314d16d998,1.386,3,75bbd981d0df|f42ff55226af|bd46784908b1,Hugo|Italo|Cielo,2|1|4,15.970|3.893|0.872,18,0,14
1790896421505131360,Daniela,64314d16d998,1.587,3,75bbd981d0df|f42ff55226af|bd46784908b1,Hugo|Italo|Cielo,2|1|4,16.170|4.093|1.072,18,0,14
1790896421704928288,Daniela,64314d16d998,1.786,3,75bbd981d0df|f42ff55226af|bd46784908b1,Hugo|Italo|Cielo,2|1|4,16.370|4.293|1.272,18,0,14
1790896421905089760,Daniela,64314d16d998,1.987,3,75bbd981d0df|f42ff55226af|bd46784908b1,Hugo|Italo|Cielo,2|1|4,16.570|4.493|1.472,18,0,14
1790896422104854688,Daniela,64314d16d998,2.186,3,75bbd981d0df|f42ff55226af|bd46784908b1,Hugo|Italo|Cielo,2|1|4,16.770|4.693|1.672,18,0,14
1790896422304767200,Daniela,64314d16d998,2.386,3,75bbd981d0df|f42ff55226af|bd46784908b1,Hugo|Italo|Cielo,2|1|4,16.970|4.893|1.872,18,0,14
1790896422504845088,Daniela,64314d16d998,2.586,3,75bbd981d0df|f42ff55226af|bd46784908b1,Hugo|Italo|Cielo,2|1|4,17.170|5.093|2.072,18,0,14
1790896422704967328,Daniela,64314d16d998,2.787,3,75bbd981d0df|f42ff55226af|bd46784908b1,Hugo|Italo|Cielo,2|1|4,17.370|5.293|2.272,18,0,14
1790896422905010624,Daniela,64314d16d998,2.986,3,75bbd981d0df|f42ff55226af|bd46784908b1,Hugo|Italo|Cielo,2|1|4,17.570|5.493|2.472,18,0,14
1790896423104771328,Cielo,bd46784908b1,0.168,2,75bbd981d0df|f42ff55226af,Hugo|Italo,2|1,17.770|5.693,18,0,15
1790896423304749792,Cielo,bd46784908b1,0.368,2,75bbd981d0df|f42ff55226af,Hugo|Italo,2|1,17.970|5.893,18,0,15
1790896423504586816,Cielo,bd46784908b1,0.568,3,75bbd981d0df|f42ff55226af|3fa73cc5c9c0,Hugo|Italo|Daniela,2|1|3,18.170|6.093|0.054,19,0,15
1790896423704709216,Cielo,bd46784908b1,0.768,3,75bbd981d0df|f42ff55226af|3fa73cc5c9c0,Hugo|Italo|Daniela,2|1|3,18.370|6.293|0.254,19,0,15
1790896423904968448,Cielo,bd46784908b1,0.968,3,75bbd981d0df|f42ff55226af|3fa73cc5c9c0,Hugo|Italo|Daniela,2|1|3,18.570|6.493|0.455,19,0,15
1790896424104736416,Cielo,bd46784908b1,1.168,3,75bbd981d0df|f42ff55226af|3fa73cc5c9c0,Hugo|Italo|Daniela,2|1|3,18.770|6.693|0.654,19,0,15
1790896424305387296,Cielo,bd46784908b1,1.368,3,75bbd981d0df|f42ff55226af|3fa73cc5c9c0,Hugo|Italo|Daniela,2|1|3,18.970|6.894|0.855,19,0,15
1790896424504953056,Cielo,bd46784908b1,1.568,3,75bbd981d0df|f42ff55226af|3fa73cc5c9c0,Hugo|Italo|Daniela,2|1|3,19.170|7.093|1.055,19,0,15
1790896424704937024,Cielo,bd46784908b1,1.768,3,75bbd981d0df|f42ff55226af|3fa73cc5c9c0,Hugo|Italo|Daniela,2|1|3,19.370|7.293|1.255,19,0,15
1790896424904729760,Cielo,bd46784908b1,1.968,3,75bbd981d0df|f42ff55226af|3fa73cc5c9c0,Hugo|Italo|Daniela,2|1|3,19.570|7.493|1.454,19,0,15
1790896425104911520,Cielo,bd46784908b1,2.168,3,75bbd981d0df|f42ff55226af|3fa73cc5c9c0,Hugo|Italo|Daniela,2|1|3,19.770|7.693|1.655,19,0,15
1790896425304934176,Cielo,bd46784908b1,2.368,3,75bbd981d0df|f42ff55226af|3fa73cc5c9c0,Hugo|Italo|Daniela,2|1|3,19.970|7.893|1.855,19,0,15
1790896425504849568,Cielo,bd46784908b1,2.568,3,75bbd981d0df|f42ff55226af|3fa73cc5c9c0,Hugo|Italo|Daniela,2|1|3,20.170|8.093|2.055,19,0,15
1790896425704718176,Cielo,bd46784908b1,2.768,3,75bbd981d0df|f42ff55226af|3fa73cc5c9c0,Hugo|Italo|Daniela,2|1|3,20.370|8.293|2.255,19,0,15
1790896425904804128,Cielo,bd46784908b1,2.968,3,75bbd981d0df|f42ff55226af|3fa73cc5c9c0,Hugo|Italo|Daniela,2|1|3,20.570|8.493|2.455,19,0,15
1790896426105364192,Hugo,75bbd981d0df,0.150,2,f42ff55226af|3fa73cc5c9c0,Italo|Daniela,1|3,8.694|2.655,19,0,16
1790896426305042784,Hugo,75bbd981d0df,0.349,2,f42ff55226af|3fa73cc5c9c0,Italo|Daniela,1|3,8.893|2.855,19,0,16
1790896426504609312,Hugo,75bbd981d0df,0.549,3,f42ff55226af|3fa73cc5c9c0|c0c8869261f4,Italo|Daniela|Cielo,1|3|4,9.093|3.054|0.035,20,0,16
1790896426704960192,Hugo,75bbd981d0df,0.749,3,f42ff55226af|3fa73cc5c9c0|c0c8869261f4,Italo|Daniela|Cielo,1|3|4,9.293|3.255|0.235,20,0,16
1790896426904850144,Hugo,75bbd981d0df,0.949,3,f42ff55226af|3fa73cc5c9c0|c0c8869261f4,Italo|Daniela|Cielo,1|3|4,9.493|3.455|0.435,20,0,16
1790896427104971872,Hugo,75bbd981d0df,1.149,3,f42ff55226af|3fa73cc5c9c0|c0c8869261f4,Italo|Daniela|Cielo,1|3|4,9.693|3.655|0.635,20,0,16
1790896427305458688,Hugo,75bbd981d0df,1.350,3,f42ff55226af|3fa73cc5c9c0|c0c8869261f4,Italo|Daniela|Cielo,1|3|4,9.894|3.855|0.836,20,0,16
1790896427504715328,Hugo,75bbd981d0df,1.549,3,f42ff55226af|3fa73cc5c9c0|c0c8869261f4,Italo|Daniela|Cielo,1|3|4,10.093|4.054|1.035,20,0,16
1790896427705584768,Hugo,75bbd981d0df,1.750,3,f42ff55226af|3fa73cc5c9c0|c0c8869261f4,Italo|Daniela|Cielo,1|3|4,10.294|4.255|1.236,20,0,16
1790896427905068384,Hugo,75bbd981d0df,1.949,3,f42ff55226af|3fa73cc5c9c0|c0c8869261f4,Italo|Daniela|Cielo,1|3|4,10.493|4.455|1.435,20,0,16
1790896428104933120,Hugo,75bbd981d0df,2.149,3,f42ff55226af|3fa73cc5c9c0|c0c8869261f4,Italo|Daniela|Cielo,1|3|4,10.693|4.655|1.635,20,0,16
1790896428305152544,Hugo,75bbd981d0df,2.350,3,f42ff55226af|3fa73cc5c9c0|c0c8869261f4,Italo|Daniela|Cielo,1|3|4,10.893|4.855|1.836,20,0,16
1790896428505568736,Hugo,75bbd981d0df,2.550,3,f42ff55226af|3fa73cc5c9c0|c0c8869261f4,Italo|Daniela|Cielo,1|3|4,11.094|5.055|2.036,20,0,16
1790896428704948800,Hugo,75bbd981d0df,2.749,3,f42ff55226af|3fa73cc5c9c0|c0c8869261f4,Italo|Daniela|Cielo,1|3|4,11.293|5.255|2.235,20,0,16
1790896428905038816,Hugo,75bbd981d0df,2.949,3,f42ff55226af|3fa73cc5c9c0|c0c8869261f4,Italo|Daniela|Cielo,1|3|4,11.493|5.455|2.435,20,0,16
1790896429104850528,Cielo,c0c8869261f4,0.130,2,f42ff55226af|3fa73cc5c9c0,Italo|Daniela,1|3,11.693|5.655,20,0,17
1790896429304822080,Cielo,c0c8869261f4,0.331,2,f42ff55226af|3fa73cc5c9c0,Italo|Daniela,1|3,11.893|5.855,20,0,17
1790896429504693824,Cielo,c0c8869261f4,0.530,3,f42ff55226af|3fa73cc5c9c0|3e722c2c3ead,Italo|Daniela|Hugo,1|3|2,12.093|6.054|0.016,21,0,17
1790896429705387104,Cielo,c0c8869261f4,0.731,3,f42ff55226af|3fa73cc5c9c0|3e722c2c3ead,Italo|Daniela|Hugo,1|3|2,12.294|6.255|0.217,21,0,17
1790896429905031840,Cielo,c0c8869261f4,0.931,3,f42ff55226af|3fa73cc5c9c0|3e722c2c3ead,Italo|Daniela|Hugo,1|3|2,12.493|6.455|0.417,21,0,17
1790896430104842656,Cielo,c0c8869261f4,1.130,3,f42ff55226af|3fa73cc5c9c0|3e722c2c3ead,Italo|Daniela|Hugo,1|3|2,12.693|6.655|0.617,21,0,17
1790896430304954976,Cielo,c0c8869261f4,1.331,3,f42ff55226af|3fa73cc5c9c0|3e722c2c3ead,Italo|Daniela|Hugo,1|3|2,12.893|6.855|0.817,21,0,17
1790896430504870592,Cielo,c0c8869261f4,1.530,3,f42ff55226af|3fa73cc5c9c0|3e722c2c3ead,Italo|Daniela|Hugo,1|3|2,13.093|7.055|1.016,21,0,17
1790896430704778976,Cielo,c0c8869261f4,1.730,3,f42ff55226af|3fa73cc5c9c0|3e722c2c3ead,Italo|Daniela|Hugo,1|3|2,13.293|7.255|1.216,21,0,17
1790896430905304224,Cielo,c0c8869261f4,1.931,3,f42ff55226af|3fa73cc5c9c0|3e722c2c3ead,Italo|Daniela|Hugo,1|3|2,13.494|7.455|1.417,21,0,17
1790896431104947104,Cielo,c0c8869261f4,2.131,3,f42ff55226af|3fa73cc5c9c0|3e722c2c3ead,Italo|Daniela|Hugo,1|3|2,13.693|7.655|1.617,21,0,17
1790896431304826720,Cielo,c0c8869261f4,2.330,3,f42ff55226af|3fa73cc5c9c0|3e722c2c3ead,Italo|Daniela|Hugo,1|3|2,13.893|7.855|1.817,21,0,17
1790896431504929216,Cielo,c0c8869261f4,2.530,3,f42ff55226af|3fa73cc5c9c0|3e722c2c3ead,Italo|Daniela|Hugo,1|3|2,14.093|8.055|2.017,21,0,17
1790896431704784352,Cielo,c0c8869261f4,2.730,3,f42ff55226af|3fa73cc5c9c0|3e722c2c3ead,Italo|Daniela|Hugo,1|3|2,14.293|8.255|2.217,21,0,17
1790896431904581792,Cielo,c0c8869261f4,2.930,3,f42ff55226af|3fa73cc5c9c0|3e722c2c3ead,Italo|Daniela|Hugo,1|3|2,14.493|8.454|2.416,21,0,17
1790896432105201408,Daniela,3fa73cc5c9c0,0.114,2,f42ff55226af|3e722c2c3ead,Italo|Hugo,1|2,14.693|2.617,21,0,18
1790896432304833888,Daniela,3fa73cc5c9c0,0.314,2,f42ff55226af|3e722c2c3ead,Italo|Hugo,1|2,14.893|2.817,21,0,18
1790896432504500384,Daniela,3fa73cc5c9c0,0.514,2,f42ff55226af|3e722c2c3ead,Italo|Hugo,1|2,15.093|3.016,22,0,18
1790896432704775424,Daniela,3fa73cc5c9c0,0.714,3,f42ff55226af|3e722c2c3ead|7789fd85465f,Italo|Hugo|Cielo,1|2|4,15.293|3.216|0.197,22,0,18
1790896432904770784,Daniela,3fa73cc5c9c0,0.914,3,f42ff55226af|3e722c2c3ead|7789fd85465f,Italo|Hugo|Cielo,1|2|4,15.493|3.416|0.397,22,0,18
1790896433104485408,Daniela,3fa73cc5c9c0,1.114,3,f42ff55226af|3e722c2c3ead|7789fd85465f,Italo|Hugo|Cielo,1|2|4,15.693|3.616|0.596,22,0,18
1790896433305378272,Daniela,3fa73cc5c9c0,1.314,3,f42ff55226af|3e722c2c3ead|7789fd85465f,Italo|Hugo|Cielo,1|2|4,15.893|3.817|0.797,22,0,18
1790896433504801952,Daniela,3fa73cc5c9c0,1.514,3,f42ff55226af|3e722c2c3ead|7789fd85465f,Italo|Hugo|Cielo,1|2|4,16.093|4.017|0.997,22,0,18
1790896433704773280,Daniela,3fa73cc5c9c0,1.714,3,f42ff55226af|3e722c2c3ead|7789fd85465f,Italo|Hugo|Cielo,1|2|4,16.293|4.216|1.197,22,0,18
1790896433904962720,Daniela,3fa73cc5c9c0,1.914,3,f42ff55226af|3e722c2c3ead|7789fd85465f,Italo|Hugo|Cielo,1|2|4,16.493|4.417|1.397,22,0,18
1790896434105076032,Daniela,3fa73cc5c9c0,2.114,3,f42ff55226af|3e722c2c3ead|7789fd85465f,Italo|Hugo|Cielo,1|2|4,16.693|4.617|1.597,22,0,18
1790896434304433856,Daniela,3fa73cc5c9c0,2.314,3,f42ff55226af|3e722c2c3ead|7789fd85465f,Italo|Hugo|Cielo,1|2|4,16.893|4.816|1.796,22,0,18
1790896434505127328,Daniela,3fa73cc5c9c0,2.514,3,f42ff55226af|3e722c2c3ead|7789fd85465f,Italo|Hugo|Cielo,1|2|4,17.093|5.017|1.997,22,0,18
1790896434704866112,Daniela,3fa73cc5c9c0,2.714,3,f42ff55226af|3e722c2c3ead|7789fd85465f,Italo|Hugo|Cielo,1|2|4,17.293|5.217|2.197,22,0,18
1790896434904735520,Daniela,3fa73cc5c9c0,2.914,3,f42ff55226af|3e722c2c3ead|7789fd85465f,Italo|Hugo|Cielo,1|2|4,17.493|5.416|2.397,22,0,18
1790896435104817760,Cielo,7789fd85465f,0.094,2,f42ff55226af|3e722c2c3ead,Italo|Hugo,1|2,17.693|5.617,22,0,19
1790896435304828320,Cielo,7789fd85465f,0.294,2,f42ff55226af|3e722c2c3ead,Italo|Hugo,1|2,17.893|5.816,22,0,19
1790896435504935872,Cielo,7789fd85465f,0.494,2,f42ff55226af|3e722c2c3ead,Italo|Hugo,1|2,18.093|6.017,22,0,19
1790896435705096544,Cielo,7789fd85465f,0.694,3,f42ff55226af|3e722c2c3ead|cca47cb83275,Italo|Hugo|Daniela,1|2|3,18.293|6.217|0.182,23,0,19
1790896435904883328,Cielo,7789fd85465f,0.894,3,f42ff55226af|3e722c2c3ead|cca47cb83275,Italo|Hugo|Daniela,1|2|3,18.493|6.417|0.381,23,0,19
1790896436105098016,Cielo,7789fd85465f,1.094,3,f42ff55226af|3e722c2c3ead|cca47cb83275,Italo|Hugo|Daniela,1|2|3,18.693|6.617|0.582,23,0,19
1790896436304726560,Cielo,7789fd85465f,1.294,3,f42ff55226af|3e722c2c3ead|cca47cb83275,Italo|Hugo|Daniela,1|2|3,18.893|6.816|0.781,23,0,19
1790896436504732288,Cielo,7789fd85465f,1.494,3,f42ff55226af|3e722c2c3ead|cca47cb83275,Italo|Hugo|Daniela,1|2|3,19.093|7.016|0.981,23,0,19
1790896436704770336,Cielo,7789fd85465f,1.694,3,f42ff55226af|3e722c2c3ead|cca47cb83275,Italo|Hugo|Daniela,1|2|3,19.293|7.216|1.181,23,0,19
1790896436904975936,Cielo,7789fd85465f,1.894,3,f42ff55226af|3e722c2c3ead|cca47cb83275,Italo|Hugo|Daniela,1|2|3,19.493|7.417|1.381,23,0,19
1790896437104868512,Cielo,7789fd85465f,2.094,3,f42ff55226af|3e722c2c3ead|cca47cb83275,Italo|Hugo|Daniela,1|2|3,19.693|7.617|1.581,23,0,19
1790896437305410336,Cielo,7789fd85465f,2.295,3,f42ff55226af|3e722c2c3ead|cca47cb83275,Italo|Hugo|Daniela,1|2|3,19.894|7.817|1.782,23,0,19
1790896437505191168,Cielo,7789fd85465f,2.494,3,f42ff55226af|3e722c2c3ead|cca47cb83275,Italo|Hugo|Daniela,1|2|3,20.093|8.017|1.982,23,0,19
1790896437704835424,Cielo,7789fd85465f,2.694,3,f42ff55226af|3e722c2c3ead|cca47cb83275,Italo|Hugo|Daniela,1|2|3,20.293|8.216|2.181,23,0,19
1790896437904680544,Cielo,7789fd85465f,2.894,3,f42ff55226af|3e722c2c3ead|cca47cb83275,Italo|Hugo|Daniela,1|2|3,20.493|8.416|2.381,23,0,19
1790896438104886784,Italo,f42ff55226af,0.076,2,3e722c2c3ead|cca47cb83275,Hugo|Daniela,2|3,8.617|2.581,23,0,20
1790896438304729184,Italo,f42ff55226af,0.276,2,3e722c2c3ead|cca47cb83275,Hugo|Daniela,2|3,8.816|2.781,23,0,20
1790896438504733984,Italo,f42ff55226af,0.476,2,3e722c2c3ead|cca47cb83275,Hugo|Daniela,2|3,9.016|2.981,23,0,20
1790896438704740864,Italo,f42ff55226af,0.676,3,3e722c2c3ead|cca47cb83275|1fc2ae027bfd,Hugo|Daniela|Cielo,2|3|4,9.216|3.181|0.163,24,0,20
1790896438904675200,Italo,f42ff55226af,0.876,3,3e722c2c3ead|cca47cb83275|1fc2ae027bfd,Hugo|Daniela|Cielo,2|3|4,9.416|3.381|0.363,24,0,20
1790896439104653696,Italo,f42ff55226af,1.076,3,3e722c2c3ead|cca47cb83275|1fc2ae027bfd,Hugo|Daniela|Cielo,2|3|4,9.616|3.581|0.563,24,0,20
1790896439304955104,Italo,f42ff55226af,1.276,3,3e722c2c3ead|cca47cb83275|1fc2ae027bfd,Hugo|Daniela|Cielo,2|3|4,9.817|3.781|0.763,24,0,20
1790896439504848256,Italo,f42ff55226af,1.476,3,3e722c2c3ead|cca47cb83275|1fc2ae027bfd,Hugo|Daniela|Cielo,2|3|4,10.016|3.981|0.963,24,0,20
1790896439704805728,Italo,f42ff55226af,1.676,3,3e722c2c3ead|cca47cb83275|1fc2ae027bfd,Hugo|Daniela|Cielo,2|3|4,10.217|4.181|1.163,24,0,20
1790896439904761952,Italo,f42ff55226af,1.876,3,3e722c2c3ead|cca47cb83275|1fc2ae027bfd,Hugo|Daniela|Cielo,2|3|4,10.416|4.381|1.363,24,0,20
1790896440104686592,Italo,f42ff55226af,2.076,3,3e722c2c3ead|cca47cb83275|1fc2ae027bfd,Hugo|Daniela|Cielo,2|3|4,10.616|4.581|1.563,24,0,20
1790896440305337888,Italo,f42ff55226af,2.276,3,3e722c2c3ead|cca47cb83275|1fc2ae027bfd,Hugo|Daniela|Cielo,2|3|4,10.817|4.782|1.763,24,0,20
1790896440504696736,Italo,f42ff55226af,2.476,3,3e722c2c3ead|cca47cb83275|1fc2ae027bfd,Hugo|Daniela|Cielo,2|3|4,11.016|4.981|1.963,24,0,20
1790896440705277984,Italo,f42ff55226af,2.676,3,3e722c2c3ead|cca47cb83275|1fc2ae027bfd,Hugo|Daniela|Cielo,2|3|4,11.217|5.182|2.163,24,0,20
1790896440905040384,Italo,f42ff55226af,2.876,3,3e722c2c3ead|cca47cb83275|1fc2ae027bfd,Hugo|Daniela|Cielo,2|3|4,11.417|5.382|2.363,24,0,20
1790896441104859168,Cielo,1fc2ae027bfd,0.057,2,3e722c2c3ead|cca47cb83275,Hugo|Daniela,2|3,11.616|5.581,24,0,21
1790896441304917920,Cielo,1fc2ae027bfd,0.257,2,3e722c2c3ead|cca47cb83275,Hugo|Daniela,2|3,11.817|5.781,24,0,21
1790896441505254752,Cielo,1fc2ae027bfd,0.457,2,3e722c2c3ead|cca47cb83275,Hugo|Daniela,2|3,12.017|5.982,24,0,21
1790896441704890592,Cielo,1fc2ae027bfd,0.657,3,3e722c2c3ead|cca47cb83275|72c5c8a0104f,Hugo|Daniela|Italo,2|3|1,12.217|6.181|0.143,25,0,21
1790896441904912928,Cielo,1fc2ae027bfd,0.857,3,3e722c2c3ead|cca47cb83275|72c5c8a0104f,Hugo|Daniela|Italo,2|3|1,12.417|6.381|0.343,25,0,21
1790896442104929952,Cielo,1fc2ae027bfd,1.057,3,3e722c2c3ead|cca47cb83275|72c5c8a0104f,Hugo|Daniela|Italo,2|3|1,12.617|6.581|0.543,25,0,21
1790896442304759424,Cielo,1fc2ae027bfd,1.257,3,3e722c2c3ead|cca47cb83275|72c5c8a0104f,Hugo|Daniela|Italo,2|3|1,12.817|6.781|0.743,25,0,21
1790896442504906976,Cielo,1fc2ae027bfd,1.457,3,3e722c2c3ead|cca47cb83275|72c5c8a0104f,Hugo|Daniela|Italo,2|3|1,13.017|6.981|0.943,25,0,21
1790896442705399456,Cielo,1fc2ae027bfd,1.658,3,3e722c2c3ead|cca47cb83275|72c5c8a0104f,Hugo|Daniela|Italo,2|3|1,13.217|7.182|1.143,25,0,21
1790896442904849312,Cielo,1fc2ae027bfd,1.857,3,3e722c2c3ead|cca47cb83275|72c5c8a0104f,Hugo|Daniela|Italo,2|3|1,13.417|7.381|1.343,25,0,21
1790896443104719712,Cielo,1fc2ae027bfd,2.057,3,3e722c2c3ead|cca47cb83275|72c5c8a0104f,Hugo|Daniela|Italo,2|3|1,13.616|7.581|1.543,25,0,21
1790896443304899552,Cielo,1fc2ae027bfd,2.257,3,3e722c2c3ead|cca47cb83275|72c5c8a0104f,Hugo|Daniela|Italo,2|3|1,13.817|7.781|1.743,25,0,21
1790896443504726976,Cielo,1fc2ae027bfd,2.457,3,3e722c2c3ead|cca47cb83275|72c5c8a0104f,Hugo|Daniela|Italo,2|3|1,14.016|7.981|1.943,25,0,21
1790896443704828928,Cielo,1fc2ae027bfd,2.657,3,3e722c2c3ead|cca47cb83275|72c5c8a0104f,Hugo|Daniela|Italo,2|3|1,14.217|8.181|2.143,25,0,21
1790896443905376128,Cielo,1fc2ae027bfd,2.857,3,3e722c2c3ead|cca47cb83275|72c5c8a0104f,Hugo|Daniela|Italo,2|3|1,14.417|8.382|2.343,25,0,21
1790896444104845856,Daniela,cca47cb83275,0.038,2,3e722c2c3ead|72c5c8a0104f,Hugo|Italo,2|1,14.617|2.543,25,0,22
1790896444304792192,Daniela,cca47cb83275,0.238,2,3e722c2c3ead|72c5c8a0104f,Hugo|Italo,2|1,14.817|2.743,25,0,22
1790896444504869536,Daniela,cca47cb83275,0.438,2,3e722c2c3ead|72c5c8a0104f,Hugo|Italo,2|1,15.017|2.943,25,0,22
1790896444705107200,Daniela,cca47cb83275,0.638,3,3e722c2c3ead|72c5c8a0104f|a9eeacd6d90b,Hugo|Italo|Cielo,2|1|4,15.216|3.143|0.123,26,0,22
1790896444904821536,Daniela,cca47cb83275,0.838,3,3e722c2c3ead|72c5c8a0104f|a9eeacd6d90b,Hugo|Italo|Cielo,2|1|4,15.417|3.343|0.323,26,0,22
1790896445105440640,Daniela,cca47cb83275,1.039,3,3e722c2c3ead|72c5c8a0104f|a9eeacd6d90b,Hugo|Italo|Cielo,2|1|4,15.617|3.543|0.524,26,0,22
1790896445304970400,Daniela,cca47cb83275,1.238,3,3e722c2c3ead|72c5c8a0104f|a9eeacd6d90b,Hugo|Italo|Cielo,2|1|4,15.817|3.743|0.723,26,0,22
1790896445505047872,Daniela,cca47cb83275,1.438,3,3e722c2c3ead|72c5c8a0104f|a9eeacd6d90b,Hugo|Italo|Cielo,2|1|4,16.016|3.943|0.923,26,0,22
1790896445704887072,Daniela,cca47cb83275,1.638,3,3e722c2c3ead|72c5c8a0104f|a9eeacd6d90b,Hugo|Italo|Cielo,2|1|4,16.217|4.143|1.123,26,0,22
1790896445904764256,Daniela,cca47cb83275,1.838,3,3e722c2c3ead|72c5c8a0104f|a9eeacd6d90b,Hugo|Italo|Cielo,2|1|4,16.417|4.343|1.323,26,0,22
1790896446104583584,Daniela,cca47cb83275,2.038,3,3e722c2c3ead|72c5c8a0104f|a9eeacd6d90b,Hugo|Italo|Cielo,2|1|4,16.616|4.543|1.523,26,0,22
1790896446305328800,Daniela,cca47cb83275,2.239,3,3e722c2c3ead|72c5c8a0104f|a9eeacd6d90b,Hugo|Italo|Cielo,2|1|4,16.817|4.743|1.724,26,0,22
1790896446504865152,Daniela,cca47cb83275,2.438,3,3e722c2c3ead|72c5c8a0104f|a9eeacd6d90b,Hugo|Italo|Cielo,2|1|4,17.017|4.943|1.923,26,0,22
1790896446704846048,Daniela,cca47cb83275,2.638,3,3e722c2c3ead|72c5c8a0104f|a9eeacd6d90b,Hugo|Italo|Cielo,2|1|4,17.216|5.143|2.123,26,0,22
1790896446904878016,Daniela,cca47cb83275,2.838,3,3e722c2c3ead|72c5c8a0104f|a9eeacd6d90b,Hugo|Italo|Cielo,2|1|4,17.417|5.343|2.323,26,0,22
1790896447104935936,Cielo,a9eeacd6d90b,0.019,2,3e722c2c3ead|72c5c8a0104f,Hugo|Italo,2|1,17.617|5.543,26,0,23
1790896447304567680,Cielo,a9eeacd6d90b,0.219,2,3e722c2c3ead|72c5c8a0104f,Hugo|Italo,2|1,17.816|5.743,26,0,23
1790896447505240800,Cielo,a9eeacd6d90b,0.420,2,3e722c2c3ead|72c5c8a0104f,Hugo|Italo,2|1,18.017|5.943,26,0,23
1790896447704832992,Cielo,a9eeacd6d90b,0.619,3,3e722c2c3ead|72c5c8a0104f|7704242560a4,Hugo|Italo|Daniela,2|1|3,18.216|6.143|0.105,27,0,23
1790896447904878016,Cielo,a9eeacd6d90b,0.819,3,3e722c2c3ead|72c5c8a0104f|7704242560a4,Hugo|Italo|Daniela,2|1|3,18.417|6.343|0.305,27,0,23
1790896448104956256,Cielo,a9eeacd6d90b,1.019,3,3e722c2c3ead|72c5c8a0104f|7704242560a4,Hugo|Italo|Daniela,2|1|3,18.617|6.543|0.505,27,0,23
1790896448304781184,Cielo,a9eeacd6d90b,1.219,3,3e722c2c3ead|72c5c8a0104f|7704242560a4,Hugo|Italo|Daniela,2|1|3,18.816|6.743|0.705,27,0,23
1790896448504915360,Cielo,a9eeacd6d90b,1.419,3,3e722c2c3ead|72c5c8a0104f|7704242560a4,Hugo|Italo|Daniela,2|1|3,19.017|6.943|0.905,27,0,23
1790896448705117248,Cielo,a9eeacd6d90b,1.620,3,3e722c2c3ead|72c5c8a0104f|7704242560a4,Hugo|Italo|Daniela,2|1|3,19.217|7.143|1.106,27,0,23
1790896448904948064,Cielo,a9eeacd6d90b,1.819,3,3e722c2c3ead|72c5c8a0104f|7704242560a4,Hugo|Italo|Daniela,2|1|3,19.417|7.343|1.305,27,0,23
1790896449105054784,Cielo,a9eeacd6d90b,2.019,3,3e722c2c3ead|72c5c8a0104f|7704242560a4,Hugo|Italo|Daniela,2|1|3,19.617|7.543|1.505,27,0,23
1790896449305020960,Cielo,a9eeacd6d90b,2.219,3,3e722c2c3ead|72c5c8a0104f|7704242560a4,Hugo|Italo|Daniela,2|1|3,19.817|7.743|1.705,27,0,23
1790896449505098720,Cielo,a9eeacd6d90b,2.419,3,3e722c2c3ead|72c5c8a0104f|7704242560a4,Hugo|Italo|Daniela,2|1|3,20.017|7.943|1.905,27,0,23
1790896449704872832,Cielo,a9eeacd6d90b,2.619,3,3e722c2c3ead|72c5c8a0104f|7704242560a4,Hugo|Italo|Daniela,2|1|3,20.217|8.143|2.105,27,0,23
1790896449905436128,Cielo,a9eeacd6d90b,2.820,3,3e722c2c3ead|72c5c8a0104f|7704242560a4,Hugo|Italo|Daniela,2|1|3,20.417|8.344|2.306,27,0,23
1790896450105270176,Cielo,a9eeacd6d90b,3.020,3,3e722c2c3ead|72c5c8a0104f|7704242560a4,Hugo|Italo|Daniela,2|1|3,20.617|8.543|2.506,27,0,23
1790896450305616800,Hugo,3e722c2c3ead,0.196,2,72c5c8a0104f|7704242560a4,Italo|Daniela,1|3,8.744|2.706,27,0,24
1790896450505305600,Hugo,3e722c2c3ead,0.395,2,72c5c8a0104f|7704242560a4,Italo|Daniela,1|3,8.943|2.905,27,0,24
1790896450705218528,Hugo,3e722c2c3ead,0.595,3,72c5c8a0104f|7704242560a4|630a5b43aa63,Italo|Daniela|Cielo,1|3|4,9.143|3.105|0.081,28,0,24
1790896450905075104,Hugo,3e722c2c3ead,0.795,3,72c5c8a0104f|7704242560a4|630a5b43aa63,Italo|Daniela|Cielo,1|3|4,9.343|3.305|0.281,28,0,24
1790896451105195872,Hugo,3e722c2c3ead,0.995,3,72c5c8a0104f|7704242560a4|630a5b43aa63,Italo|Daniela|Cielo,1|3|4,9.543|3.506|0.481,28,0,24
1790896451304941120,Hugo,3e722c2c3ead,1.195,3,72c5c8a0104f|7704242560a4|630a5b43aa63,Italo|Daniela|Cielo,1|3|4,9.743|3.705|0.681,28,0,24
1790896451504969152,Hugo,3e722c2c3ead,1.395,3,72c5c8a0104f|7704242560a4|630a5b43aa63,Italo|Daniela|Cielo,1|3|4,9.943|3.905|0.881,28,0,24
1790896451705115648,Hugo,3e722c2c3ead,1.595,3,72c5c8a0104f|7704242560a4|630a5b43aa63,Italo|Daniela|Cielo,1|3|4,10.143|4.106|1.081,28,0,24
1790896451904819648,Hugo,3e722c2c3ead,1.795,3,72c5c8a0104f|7704242560a4|630a5b43aa63,Italo|Daniela|Cielo,1|3|4,10.343|4.305|1.281,28,0,24
1790896452105406240,Hugo,3e722c2c3ead,1.996,3,72c5c8a0104f|7704242560a4|630a5b43aa63,Italo|Daniela|Cielo,1|3|4,10.543|4.506|1.482,28,0,24
1790896452305128544,Hugo,3e722c2c3ead,2.195,3,72c5c8a0104f|7704242560a4|630a5b43aa63,Italo|Daniela|Cielo,1|3|4,10.743|4.706|1.681,28,0,24
1790896452504833088,Hugo,3e722c2c3ead,2.395,3,72c5c8a0104f|7704242560a4|630a5b43aa63,Italo|Daniela|Cielo,1|3|4,10.943|4.905|1.881,28,0,24
1790896452705061344,Hugo,3e722c2c3ead,2.595,3,72c5c8a0104f|7704242560a4|630a5b43aa63,Italo|Daniela|Cielo,1|3|4,11.143|5.105|2.081,28,0,24
1790896452905013408,Hugo,3e722c2c3ead,2.795,3,72c5c8a0104f|7704242560a4|630a5b43aa63,Italo|Daniela|Cielo,1|3|4,11.343|5.305|2.281,28,0,24
1790896453104866656,Hugo,3e722c2c3ead,2.995,3,72c5c8a0104f|7704242560a4|630a5b43aa63,Italo|Daniela|Cielo,1|3|4,11.543|5.505|2.481,28,0,24
1790896453304923072,Cielo,630a5b43aa63,0.176,2,72c5c8a0104f|7704242560a4,Italo|Daniela,1|3,11.743|5.705,28,0,25
1790896453505301856,Cielo,630a5b43aa63,0.377,2,72c5c8a0104f|7704242560a4,Italo|Daniela,1|3,11.943|5.906,28,0,25
1790896453704704992,Cielo,630a5b43aa63,0.576,3,72c5c8a0104f|7704242560a4|cef34cb31510,Italo|Daniela|Hugo,1|3|2,12.143|6.105|0.062,29,0,25
1790896453905009856,Cielo,630a5b43aa63,0.776,3,72c5c8a0104f|7704242560a4|cef34cb31510,Italo|Daniela|Hugo,1|3|2,12.343|6.305|0.263,29,0,25
1790896454104844000,Cielo,630a5b43aa63,0.976,3,72c5c8a0104f|7704242560a4|cef34cb31510,Italo|Daniela|Hugo,1|3|2,12.543|6.505|0.463,29,0,25
1790896454304724448,Cielo,630a5b43aa63,1.176,3,72c5c8a0104f|7704242560a4|cef34cb31510,Italo|Daniela|Hugo,1|3|2,12.743|6.705|0.662,29,0,25
1790896454504734944,Cielo,630a5b43aa63,1.376,3,72c5c8a0104f|7704242560a4|cef34cb31510,Italo|Daniela|Hugo,1|3|2,12.943|6.905|0.862,29,0,25
1790896454704896160,Cielo,630a5b43aa63,1.576,3,72c5c8a0104f|7704242560a4|cef34cb31510,Italo|Daniela|Hugo,1|3|2,13.143|7.105|1.063,29,0,25
1790896454904765152,Cielo,630a5b43aa63,1.776,3,72c5c8a0104f|7704242560a4|cef34cb31510,Italo|Daniela|Hugo,1|3|2,13.343|7.305|1.262,29,0,25
1790896455104863424,Cielo,630a5b43aa63,1.976,3,72c5c8a0104f|7704242560a4|cef34cb31510,Italo|Daniela|Hugo,1|3|2,13.543|7.505|1.463,29,0,25
1790896455304910176,Cielo,630a5b43aa63,2.176,3,72c5c8a0104f|7704242560a4|cef34cb31510,Italo|Daniela|Hugo,1|3|2,13.743|7.705|1.662,29,0,25
1790896455505029632,Cielo,630a5b43aa63,2.376,3,72c5c8a0104f|7704242560a4|cef34cb31510,Italo|Daniela|Hugo,1|3|2,13.943|7.905|1.862,29,0,25
1790896455705401312,Cielo,630a5b43aa63,2.577,3,72c5c8a0104f|7704242560a4|cef34cb31510,Italo|Daniela|Hugo,1|3|2,14.143|8.106|2.063,29,0,25
1790896455905151776,Cielo,630a5b43aa63,2.776,3,72c5c8a0104f|7704242560a4|cef34cb31510,Italo|Daniela|Hugo,1|3|2,14.343|8.306|2.263,29,0,25
1790896456104731616,Cielo,630a5b43aa63,2.976,3,72c5c8a0104f|7704242560a4|cef34cb31510,Italo|Daniela|Hugo,1|3|2,14.543|8.505|2.462,29,0,25
1790896456304823200,Daniela,7704242560a4,0.156,2,72c5c8a0104f|cef34cb31510,Italo|Hugo,1|2,14.743|2.663,29,0,26
1790896456504713152,Daniela,7704242560a4,0.356,2,72c5c8a0104f|cef34cb31510,Italo|Hugo,1|2,14.943|2.862,29,0,26
1790896456704773984,Daniela,7704242560a4,0.556,3,72c5c8a0104f|cef34cb31510|9f3b5d9f5d41,Italo|Hugo|Cielo,1|2|4,15.143|3.062|0.041,30,0,26
1790896456905357408,Daniela,7704242560a4,0.756,3,72c5c8a0104f|cef34cb31510|9f3b5d9f5d41,Italo|Hugo|Cielo,1|2|4,15.343|3.263|0.241,30,0,26
1790896457104882848,Daniela,7704242560a4,0.956,3,72c5c8a0104f|cef34cb31510|9f3b5d9f5d41,Italo|Hugo|Cielo,1|2|4,15.543|3.463|0.441,30,0,26
1790896457304846464,Daniela,7704242560a4,1.156,3,72c5c8a0104f|cef34cb31510|9f3b5d9f5d41,Italo|Hugo|Cielo,1|2|4,15.743|3.662|0.641,30,0,26
1790896457504799776,Daniela,7704242560a4,1.356,3,72c5c8a0104f|cef34cb31510|9f3b5d9f5d41,Italo|Hugo|Cielo,1|2|4,15.943|3.862|0.841,30,0,26
1790896457704743040,Daniela,7704242560a4,1.556,3,72c5c8a0104f|cef34cb31510|9f3b5d9f5d41,Italo|Hugo|Cielo,1|2|4,16.143|4.062|1.041,30,0,26
1790896457904983872,Daniela,7704242560a4,1.756,3,72c5c8a0104f|cef34cb31510|9f3b5d9f5d41,Italo|Hugo|Cielo,1|2|4,16.343|4.263|1.241,30,0,26
1790896458105248864,Daniela,7704242560a4,1.956,3,72c5c8a0104f|cef34cb31510|9f3b5d9f5d41,Italo|Hugo|Cielo,1|2|4,16.543|4.463|1.441,30,0,26
1790896458304891040,Daniela,7704242560a4,2.156,3,72c5c8a0104f|cef34cb31510|9f3b5d9f5d41,Italo|Hugo|Cielo,1|2|4,16.743|4.663|1.641,30,0,26
1790896458504849248,Daniela,7704242560a4,2.356,3,72c5c8a0104f|cef34cb31510|9f3b5d9f5d41,Italo|Hugo|Cielo,1|2|4,16.943|4.862|1.841,30,0,26
1790896458704792384,Daniela,7704242560a4,2.556,3,72c5c8a0104f|cef34cb31510|9f3b5d9f5d41,Italo|Hugo|Cielo,1|2|4,17.143|5.062|2.041,30,0,26
1790896458904742016,Daniela,7704242560a4,2.756,3,72c5c8a0104f|cef34cb31510|9f3b5d9f5d41,Italo|Hugo|Cielo,1|2|4,17.343|5.262|2.241,30,0,26
1790896459104855936,Daniela,7704242560a4,2.956,3,72c5c8a0104f|cef34cb31510|9f3b5d9f5d41,Italo|Hugo|Cielo,1|2|4,17.543|5.463|2.441,30,0,26
1790896459305197344,Cielo,9f3b5d9f5d41,0.139,2,72c5c8a0104f|cef34cb31510,Italo|Hugo,1|2,17.743|5.663,30,0,27
1790896459504855872,Cielo,9f3b5d9f5d41,0.339,2,72c5c8a0104f|cef34cb31510,Italo|Hugo,1|2,17.943|5.863,30,0,27
1790896459704615648,Cielo,9f3b5d9f5d41,0.538,3,72c5c8a0104f|cef34cb31510|f63702fa98cb,Italo|Hugo|Daniela,1|2|3,18.143|6.062|0.027,31,0,27
1790896459905163072,Cielo,9f3b5d9f5d41,0.739,3,72c5c8a0104f|cef34cb31510|f63702fa98cb,Italo|Hugo|Daniela,1|2|3,18.343|6.263|0.227,31,0,27
1790896460104896640,Cielo,9f3b5d9f5d41,0.938,3,72c5c8a0104f|cef34cb31510|f63702fa98cb,Italo|Hugo|Daniela,1|2|3,18.543|6.462|0.427,31,0,27
1790896460304772672,Cielo,9f3b5d9f5d41,1.138,3,72c5c8a0104f|cef34cb31510|f63702fa98cb,Italo|Hugo|Daniela,1|2|3,18.743|6.662|0.627,31,0,27
1790896460505203328,Cielo,9f3b5d9f5d41,1.339,3,72c5c8a0104f|cef34cb31510|f63702fa98cb,Italo|Hugo|Daniela,1|2|3,18.943|6.863|0.827,31,0,27
1790896460704897472,Cielo,9f3b5d9f5d41,1.539,3,72c5c8a0104f|cef34cb31510|f63702fa98cb,Italo|Hugo|Daniela,1|2|3,19.143|7.063|1.027,31,0,27
1790896460904985536,Cielo,9f3b5d9f5d41,1.739,3,72c5c8a0104f|cef34cb31510|f63702fa98cb,Italo|Hugo|Daniela,1|2|3,19.343|7.263|1.227,31,0,27
1790896461104783680,Cielo,9f3b5d9f5d41,1.938,3,72c5c8a0104f|cef34cb31510|f63702fa98cb,Italo|Hugo|Daniela,1|2|3,19.543|7.462|1.427,31,0,27
1790896461304790784,Cielo,9f3b5d9f5d41,2.138,3,72c5c8a0104f|cef34cb31510|f63702fa98cb,Italo|Hugo|Daniela,1|2|3,19.743|7.662|1.627,31,0,27
1790896461504629760,Cielo,9f3b5d9f5d41,2.338,3,72c5c8a0104f|cef34cb31510|f63702fa98cb,Italo|Hugo|Daniela,1|2|3,19.943|7.862|1.827,31,0,27
1790896461705254816,Cielo,9f3b5d9f5d41,2.539,3,72c5c8a0104f|cef34cb31510|f63702fa98cb,Italo|Hugo|Daniela,1|2|3,20.143|8.063|2.028,31,0,27
1790896461904932864,Cielo,9f3b5d9f5d41,2.739,3,72c5c8a0104f|cef34cb31510|f63702fa98cb,Italo|Hugo|Daniela,1|2|3,20.343|8.263|2.227,31,0,27
1790896462104743904,Cielo,9f3b5d9f5d41,2.938,3,72c5c8a0104f|cef34cb31510|f63702fa98cb,Italo|Hugo|Daniela,1|2|3,20.543|8.462|2.427,31,0,27
1790896462304796000,Italo,72c5c8a0104f,0.120,2,cef34cb31510|f63702fa98cb,Hugo|Daniela,2|3,8.662|2.627,31,0,28
1790896462504837824,Italo,72c5c8a0104f,0.320,2,cef34cb31510|f63702fa98cb,Hugo|Daniela,2|3,8.862|2.827,31,0,28
1790896462704151584,Italo,72c5c8a0104f,0.520,3,cef34cb31510|f63702fa98cb|4a896f1249f4,Hugo|Daniela|Cielo,2|3|4,9.062|3.027|0.007,32,0,28
1790896462905211104,Italo,72c5c8a0104f,0.721,3,cef34cb31510|f63702fa98cb|4a896f1249f4,Hugo|Daniela|Cielo,2|3|4,9.263|3.227|0.207,32,0,28
1790896463105065344,Italo,72c5c8a0104f,0.921,3,cef34cb31510|f63702fa98cb|4a896f1249f4,Hugo|Daniela|Cielo,2|3|4,9.463|3.427|0.407,32,0,28
1790896463304871328,Italo,72c5c8a0104f,1.120,3,cef34cb31510|f63702fa98cb|4a896f1249f4,Hugo|Daniela|Cielo,2|3|4,9.663|3.627|0.607,32,0,28
1790896463505218656,Italo,72c5c8a0104f,1.321,3,cef34cb31510|f63702fa98cb|4a896f1249f4,Hugo|Daniela|Cielo,2|3|4,9.863|3.827|0.807,32,0,28
1790896463704850208,Italo,72c5c8a0104f,1.520,3,cef34cb31510|f63702fa98cb|4a896f1249f4,Hugo|Daniela|Cielo,2|3|4,10.063|4.027|1.007,32,0,28
1790896463904377504,Italo,72c5c8a0104f,1.720,3,cef34cb31510|f63702fa98cb|4a896f1249f4,Hugo|Daniela|Cielo,2|3|4,10.262|4.227|1.207,32,0,28
1790896464104996928,Italo,72c5c8a0104f,1.921,3,cef34cb31510|f63702fa98cb|4a896f1249f4,Hugo|Daniela|Cielo,2|3|4,10.463|4.427|1.407,32,0,28
1790896464304912736,Italo,72c5c8a0104f,2.120,3,cef34cb31510|f63702fa98cb|4a896f1249f4,Hugo|Daniela|Cielo,2|3|4,10.663|4.627|1.607,32,0,28
1790896464504807264,Italo,72c5c8a0104f,2.320,3,cef34cb31510|f63702fa98cb|4a896f1249f4,Hugo|Daniela|Cielo,2|3|4,10.862|4.827|1.807,32,0,28
1790896464704780480,Italo,72c5c8a0104f,2.520,3,cef34cb31510|f63702fa98cb|4a896f1249f4,Hugo|Daniela|Cielo,2|3|4,11.062|5.027|2.007,32,0,28
1790896464904759520,Italo,72c5c8a0104f,2.720,3,cef34cb31510|f63702fa98cb|4a896f1249f4,Hugo|Daniela|Cielo,2|3|4,11.262|5.227|2.207,32,0,28
1790896465104259616,Italo,72c5c8a0104f,2.920,3,cef34cb31510|f63702fa98cb|4a896f1249f4,Hugo|Daniela|Cielo,2|3|4,11.462|5.427|2.407,32,0,28
1790896465305327808,Cielo,4a896f1249f4,0.101,2,cef34cb31510|f63702fa98cb,Hugo|Daniela,2|3,11.663|5.627,32,0,29
1790896465505060256,Cielo,4a896f1249f4,0.301,2,cef34cb31510|f63702fa98cb,Hugo|Daniela,2|3,11.862|5.827,32,0,29
1790896465704610272,Cielo,4a896f1249f4,0.501,2,cef34cb31510|f63702fa98cb,Hugo|Daniela,2|3,12.062|6.027,32,0,29
1790896465905456928,Cielo,4a896f1249f4,0.702,3,cef34cb31510|f63702fa98cb|ab70d4235fee,Hugo|Daniela|Italo,2|3|1,12.263|6.228|0.188,33,0,29
1790896466104838240,Cielo,4a896f1249f4,0.901,3,cef34cb31510|f63702fa98cb|ab70d4235fee,Hugo|Daniela|Italo,2|3|1,12.463|6.427|0.388,33,0,29
1790896466305233280,Cielo,4a896f1249f4,1.102,3,cef34cb31510|f63702fa98cb|ab70d4235fee,Hugo|Daniela|Italo,2|3|1,12.663|6.627|0.588,33,0,29
1790896466505422624,Cielo,4a896f1249f4,1.302,3,cef34cb31510|f63702fa98cb|ab70d4235fee,Hugo|Daniela|Italo,2|3|1,12.863|6.828|0.788,33,0,29
1790896466704927840,Cielo,4a896f1249f4,1.501,3,cef34cb31510|f63702fa98cb|ab70d4235fee,Hugo|Daniela|Italo,2|3|1,13.063|7.027|0.988,33,0,29
1790896466904980768,Cielo,4a896f1249f4,1.701,3,cef34cb31510|f63702fa98cb|ab70d4235fee,Hugo|Daniela|Italo,2|3|1,13.263|7.227|1.188,33,0,29
1790896467104983904,Cielo,4a896f1249f4,1.901,3,cef34cb31510|f63702fa98cb|ab70d4235fee,Hugo|Daniela|Italo,2|3|1,13.463|7.427|1.388,33,0,29
1790896467304883968,Cielo,4a896f1249f4,2.101,3,cef34cb31510|f63702fa98cb|ab70d4235fee,Hugo|Daniela|Italo,2|3|1,13.663|7.627|1.588,33,0,29
1790896467504995456,Cielo,4a896f1249f4,2.301,3,cef34cb31510|f63702fa98cb|ab70d4235fee,Hugo|Daniela|Italo,2|3|1,13.863|7.827|1.788,33,0,29
1790896467705288736,Cielo,4a896f1249f4,2.501,3,cef34cb31510|f63702fa98cb|ab70d4235fee,Hugo|Daniela|Italo,2|3|1,14.063|8.027|1.988,33,0,29
1790896467905207392,Cielo,4a896f1249f4,2.702,3,cef34cb31510|f63702fa98cb|ab70d4235fee,Hugo|Daniela|Italo,2|3|1,14.263|8.228|2.188,33,0,29
1790896468104874528,Cielo,4a896f1249f4,2.901,3,cef34cb31510|f63702fa98cb|ab70d4235fee,Hugo|Daniela|Italo,2|3|1,14.463|8.427|2.388,33,0,29
1790896468304900032,Daniela,f63702fa98cb,0.082,2,cef34cb31510|ab70d4235fee,Hugo|Italo,2|1,14.663|2.588,33,0,30
1790896468504841088,Daniela,f63702fa98cb,0.282,2,cef34cb31510|ab70d4235fee,Hugo|Italo,2|1,14.863|2.788,33,0,30
1790896468704969152,Daniela,f63702fa98cb,0.482,2,cef34cb31510|ab70d4235fee,Hugo|Italo,2|1,15.063|2.988,33,0,30
1790896468905029920,Daniela,f63702fa98cb,0.682,3,cef34cb31510|ab70d4235fee|108beccd1f91,Hugo|Italo|Cielo,2|1|4,15.263|3.188|0.167,34,0,30
1790896469104702432,Daniela,f63702fa98cb,0.882,3,cef34cb31510|ab70d4235fee|108beccd1f91,Hugo|Italo|Cielo,2|1|4,15.462|3.388|0.366,34,0,30
1790896469305077632,Daniela,f63702fa98cb,1.082,3,cef34cb31510|ab70d4235fee|108beccd1f91,Hugo|Italo|Cielo,2|1|4,15.662|3.588|0.567,34,0,30
1790896469504919840,Daniela,f63702fa98cb,1.282,3,cef34cb31510|ab70d4235fee|108beccd1f91,Hugo|Italo|Cielo,2|1|4,15.863|3.788|0.767,34,0,30
1790896469705210272,Daniela,f63702fa98cb,1.482,3,cef34cb31510|ab70d4235fee|108beccd1f91,Hugo|Italo|Cielo,2|1|4,16.063|3.988|0.967,34,0,30
1790896469905312000,Daniela,f63702fa98cb,1.682,3,cef34cb31510|ab70d4235fee|108beccd1f91,Hugo|Italo|Cielo,2|1|4,16.263|4.188|1.167,34,0,30
1790896470105003168,Daniela,f63702fa98cb,1.882,3,cef34cb31510|ab70d4235fee|108beccd1f91,Hugo|Italo|Cielo,2|1|4,16.463|4.388|1.367,34,0,30
1790896470304804064,Daniela,f63702fa98cb,2.082,3,cef34cb31510|ab70d4235fee|108beccd1f91,Hugo|Italo|Cielo,2|1|4,16.662|4.588|1.567,34,0,30
1790896470504906368,Daniela,f63702fa98cb,2.282,3,cef34cb31510|ab70d4235fee|108beccd1f91,Hugo|Italo|Cielo,2|1|4,16.863|4.788|1.767,34,0,30
1790896470704861952,Daniela,f63702fa98cb,2.482,3,cef34cb31510|ab70d4235fee|108beccd1f91,Hugo|Italo|Cielo,2|1|4,17.063|4.988|1.967,34,0,30
1790896470904957312,Daniela,f63702fa98cb,2.682,3,cef34cb31510|ab70d4235fee|108beccd1f91,Hugo|Italo|Cielo,2|1|4,17.263|5.188|2.167,34,0,30
1790896471105332288,Daniela,f63702fa98cb,2.882,3,cef34cb31510|ab70d4235fee|108beccd1f91,Hugo|Italo|Cielo,2|1|4,17.463|5.388|2.367,34,0,30
1790896471304850240,Cielo,108beccd1f91,0.062,2,cef34cb31510|ab70d4235fee,Hugo|Italo,2|1,17.662|5.588,34,0,31
1790896471504845952,Cielo,108beccd1f91,0.262,2,cef34cb31510|ab70d4235fee,Hugo|Italo,2|1,17.862|5.788,34,0,31
1790896471704681632,Cielo,108beccd1f91,0.462,2,cef34cb31510|ab70d4235fee,Hugo|Italo,2|1,18.062|5.988,34,0,31
1790896471904961920,Cielo,108beccd1f91,0.662,3,cef34cb31510|ab70d4235fee|cad4b3c698c5,Hugo|Italo|Daniela,2|1|3,18.263|6.188|0.148,35,0,31
1790896472105210144,Cielo,108beccd1f91,0.862,3,cef34cb31510|ab70d4235fee|cad4b3c698c5,Hugo|Italo|Daniela,2|1|3,18.463|6.388|0.348,35,0,31
1790896472305296064,Cielo,108beccd1f91,1.062,3,cef34cb31510|ab70d4235fee|cad4b3c698c5,Hugo|Italo|Daniela,2|1|3,18.663|6.588|0.548,35,0,31
1790896472505145344,Cielo,108beccd1f91,1.262,3,cef34cb31510|ab70d4235fee|cad4b3c698c5,Hugo|Italo|Daniela,2|1|3,18.863|6.788|0.748,35,0,31
1790896472704864640,Cielo,108beccd1f91,1.462,3,cef34cb31510|ab70d4235fee|cad4b3c698c5,Hugo|Italo|Daniela,2|1|3,19.062|6.988|0.948,35,0,31
1790896472905337632,Cielo,108beccd1f91,1.662,3,cef34cb31510|ab70d4235fee|cad4b3c698c5,Hugo|Italo|Daniela,2|1|3,19.263|7.188|1.148,35,0,31
1790896473104864352,Cielo,108beccd1f91,1.862,3,cef34cb31510|ab70d4235fee|cad4b3c698c5,Hugo|Italo|Daniela,2|1|3,19.463|7.388|1.348,35,0,31
1790896473304949152,Cielo,108beccd1f91,2.062,3,cef34cb31510|ab70d4235fee|cad4b3c698c5,Hugo|Italo|Daniela,2|1|3,19.663|7.588|1.548,35,0,31
1790896473505232960,Cielo,108beccd1f91,2.262,3,cef34cb31510|ab70d4235fee|cad4b3c698c5,Hugo|Italo|Daniela,2|1|3,19.863|7.788|1.748,35,0,31
1790896473704917760,Cielo,108beccd1f91,2.462,3,cef34cb31510|ab70d4235fee|cad4b3c698c5,Hugo|Italo|Daniela,2|1|3,20.063|7.988|1.948,35,0,31
1790896473904825856,Cielo,108beccd1f91,2.662,3,cef34cb31510|ab70d4235fee|cad4b3c698c5,Hugo|Italo|Daniela,2|1|3,20.262|8.188|2.148,35,0,31
1790896474104942304,Cielo,108beccd1f91,2.862,3,cef34cb31510|ab70d4235fee|cad4b3c698c5,Hugo|Italo|Daniela,2|1|3,20.463|8.388|2.348,35,0,31
1790896474305113664,Hugo,cef34cb31510,0.043,2,ab70d4235fee|cad4b3c698c5,Italo|Daniela,1|3,8.588|2.548,35,0,32
1790896474504834976,Hugo,cef34cb31510,0.243,2,ab70d4235fee|cad4b3c698c5,Italo|Daniela,1|3,8.788|2.748,35,0,32
1790896474705334016,Hugo,cef34cb31510,0.444,2,ab70d4235fee|cad4b3c698c5,Italo|Daniela,1|3,8.988|2.948,35,0,32
1790896474905085024,Hugo,cef34cb31510,0.643,3,ab70d4235fee|cad4b3c698c5|30afac3a382d,Italo|Daniela|Cielo,1|3|4,9.188|3.148|0.129,36,0,32
1790896475104752736,Hugo,cef34cb31510,0.843,3,ab70d4235fee|cad4b3c698c5|30afac3a382d,Italo|Daniela|Cielo,1|3|4,9.388|3.348|0.329,36,0,32
1790896475305105664,Hugo,cef34cb31510,1.044,3,ab70d4235fee|cad4b3c698c5|30afac3a382d,Italo|Daniela|Cielo,1|3|4,9.588|3.548|0.529,36,0,32
1790896475504855328,Hugo,cef34cb31510,1.243,3,ab70d4235fee|cad4b3c698c5|30afac3a382d,Italo|Daniela|Cielo,1|3|4,9.788|3.748|0.729,36,0,32
1790896475704907648,Hugo,cef34cb31510,1.443,3,ab70d4235fee|cad4b3c698c5|30afac3a382d,Italo|Daniela|Cielo,1|3|4,9.988|3.948|0.929,36,0,32
1790896475905363808,Hugo,cef34cb31510,1.644,3,ab70d4235fee|cad4b3c698c5|30afac3a382d,Italo|Daniela|Cielo,1|3|4,10.188|4.148|1.129,36,0,32
1790896476104912160,Hugo,cef34cb31510,1.843,3,ab70d4235fee|cad4b3c698c5|30afac3a382d,Italo|Daniela|Cielo,1|3|4,10.388|4.348|1.329,36,0,32
1790896476305226208,Hugo,cef34cb31510,2.044,3,ab70d4235fee|cad4b3c698c5|30afac3a382d,Italo|Daniela|Cielo,1|3|4,10.588|4.548|1.529,36,0,32
1790896476504948256,Hugo,cef34cb31510,2.243,3,ab70d4235fee|cad4b3c698c5|30afac3a382d,Italo|Daniela|Cielo,1|3|4,10.788|4.748|1.729,36,0,32
1790896476705087072,Hugo,cef34cb31510,2.443,3,ab70d4235fee|cad4b3c698c5|30afac3a382d,Italo|Daniela|Cielo,1|3|4,10.988|4.948|1.929,36,0,32
1790896476904746112,Hugo,cef34cb31510,2.643,3,ab70d4235fee|cad4b3c698c5|30afac3a382d,Italo|Daniela|Cielo,1|3|4,11.188|5.148|2.129,36,0,32
1790896477105206016,Hugo,cef34cb31510,2.844,3,ab70d4235fee|cad4b3c698c5|30afac3a382d,Italo|Daniela|Cielo,1|3|4,11.388|5.348|2.329,36,0,32
1790896477304855136,Cielo,30afac3a382d,0.025,2,ab70d4235fee|cad4b3c698c5,Italo|Daniela,1|3,11.588|5.548,36,0,33
1790896477504908384,Cielo,30afac3a382d,0.225,2,ab70d4235fee|cad4b3c698c5,Italo|Daniela,1|3,11.788|5.748,36,0,33
1790896477705060288,Cielo,30afac3a382d,0.425,2,ab70d4235fee|cad4b3c698c5,Italo|Daniela,1|3,11.988|5.948,36,0,33
1790896477904822464,Cielo,30afac3a382d,0.625,3,ab70d4235fee|cad4b3c698c5|047f90121cb2,Italo|Daniela|Hugo,1|3|2,12.188|6.148|0.109,37,0,33
1790896478104942976,Cielo,30afac3a382d,0.825,3,ab70d4235fee|cad4b3c698c5|047f90121cb2,Italo|Daniela|Hugo,1|3|2,12.388|6.348|0.309,37,0,33
1790896478305207712,Cielo,30afac3a382d,1.025,3,ab70d4235fee|cad4b3c698c5|047f90121cb2,Italo|Daniela|Hugo,1|3|2,12.588|6.548|0.509,37,0,33
1790896478504836896,Cielo,30afac3a382d,1.225,3,ab70d4235fee|cad4b3c698c5|047f90121cb2,Italo|Daniela|Hugo,1|3|2,12.788|6.748|0.709,37,0,33
1790896478705052000,Cielo,30afac3a382d,1.425,3,ab70d4235fee|cad4b3c698c5|047f90121cb2,Italo|Daniela|Hugo,1|3|2,12.988|6.948|0.909,37,0,33
1790896478904815712,Cielo,30afac3a382d,1.625,3,ab70d4235fee|cad4b3c698c5|047f90121cb2,Italo|Daniela|Hugo,1|3|2,13.188|7.148|1.109,37,0,33
1790896479105029728,Cielo,30afac3a382d,1.825,3,ab70d4235fee|cad4b3c698c5|047f90121cb2,Italo|Daniela|Hugo,1|3|2,13.388|7.348|1.309,37,0,33
1790896479304458080,Cielo,30afac3a382d,2.024,3,ab70d4235fee|cad4b3c698c5|047f90121cb2,Italo|Daniela|Hugo,1|3|2,13.587|7.547|1.509,37,0,33
1790896479505011776,Cielo,30afac3a382d,2.225,3,ab70d4235fee|cad4b3c698c5|047f90121cb2,Italo|Daniela|Hugo,1|3|2,13.788|7.748|1.709,37,0,33
1790896479704818784,Cielo,30afac3a382d,2.425,3,ab70d4235fee|cad4b3c698c5|047f90121cb2,Italo|Daniela|Hugo,1|3|2,13.988|7.948|1.909,37,0,33
1790896479904830368,Cielo,30afac3a382d,2.625,3,ab70d4235fee|cad4b3c698c5|047f90121cb2,Italo|Daniela|Hugo,1|3|2,14.188|8.148|2.109,37,0,33
1790896480104776736,Cielo,30afac3a382d,2.825,3,ab70d4235fee|cad4b3c698c5|047f90121cb2,Italo|Daniela|Hugo,1|3|2,14.388|8.348|2.309,37,0,33
1790896480306976384,Daniela,cad4b3c698c5,0.007,2,ab70d4235fee|047f90121cb2,Italo|Hugo,1|2,14.590|2.511,37,0,34
1790896480504378816,Daniela,cad4b3c698c5,0.205,2,ab70d4235fee|047f90121cb2,Italo|Hugo,1|2,14.787|2.709,37,0,34
1790896480705196320,Daniela,cad4b3c698c5,0.405,2,ab70d4235fee|047f90121cb2,Italo|Hugo,1|2,14.988|2.909,37,0,34
1790896480904696320,Daniela,cad4b3c698c5,0.605,3,ab70d4235fee|047f90121cb2|edddbb0bcb63,Italo|Hugo|Cielo,1|2|4,15.188|3.109|0.091,38,0,34
1790896481105044800,Daniela,cad4b3c698c5,0.805,3,ab70d4235fee|047f90121cb2|edddbb0bcb63,Italo|Hugo|Cielo,1|2|4,15.388|3.309|0.291,38,0,34
1790896481305051840,Daniela,cad4b3c698c5,1.005,3,ab70d4235fee|047f90121cb2|edddbb0bcb63,Italo|Hugo|Cielo,1|2|4,15.588|3.509|0.491,38,0,34
1790896481504736384,Daniela,cad4b3c698c5,1.205,3,ab70d4235fee|047f90121cb2|edddbb0bcb63,Italo|Hugo|Cielo,1|2|4,15.788|3.709|0.691,38,0,34
1790896481705057920,Daniela,cad4b3c698c5,1.405,3,ab70d4235fee|047f90121cb2|edddbb0bcb63,Italo|Hugo|Cielo,1|2|4,15.988|3.909|0.891,38,0,34
1790896481905042080,Daniela,cad4b3c698c5,1.605,3,ab70d4235fee|047f90121cb2|edddbb0bcb63,Italo|Hugo|Cielo,1|2|4,16.188|4.109|1.091,38,0,34
1790896482104808384,Daniela,cad4b3c698c5,1.805,3,ab70d4235fee|047f90121cb2|edddbb0bcb63,Italo|Hugo|Cielo,1|2|4,16.388|4.309|1.291,38,0,34
1790896482305750144,Daniela,cad4b3c698c5,2.005,3,ab70d4235fee|047f90121cb2|edddbb0bcb63,Italo|Hugo|Cielo,1|2|4,16.588|4.510|1.491,38,0,34
1790896482504956576,Daniela,cad4b3c698c5,2.205,3,ab70d4235fee|047f90121cb2|edddbb0bcb63,Italo|Hugo|Cielo,1|2|4,16.788|4.709|1.691,38,0,34
1790896482704917760,Daniela,cad4b3c698c5,2.405,3,ab70d4235fee|047f90121cb2|edddbb0bcb63,Italo|Hugo|Cielo,1|2|4,16.988|4.909|1.891,38,0,34
1790896482905064192,Daniela,cad4b3c698c5,2.605,3,ab70d4235fee|047f90121cb2|edddbb0bcb63,Italo|Hugo|Cielo,1|2|4,17.188|5.109|2.091,38,0,34
1790896483105081056,Daniela,cad4b3c698c5,2.805,3,ab70d4235fee|047f90121cb2|edddbb0bcb63,Italo|Hugo|Cielo,1|2|4,17.388|5.309|2.291,38,0,34
1790896483304845664,Daniela,cad4b3c698c5,3.005,3,ab70d4235fee|047f90121cb2|edddbb0bcb63,Italo|Hugo|Cielo,1|2|4,17.588|5.509|2.491,38,0,34
1790896483504893440,Cielo,edddbb0bcb63,0.183,2,ab70d4235fee|047f90121cb2,Italo|Hugo,1|2,17.788|5.709,38,0,35
1790896483704803584,Cielo,edddbb0bcb63,0.383,2,ab70d4235fee|047f90121cb2,Italo|Hugo,1|2,17.988|5.909,38,0,35
1790896483904574432,Cielo,edddbb0bcb63,0.583,3,ab70d4235fee|047f90121cb2|b77686b83339,Italo|Hugo|Daniela,1|2|3,18.188|6.109|0.069,39,0,35
1790896484105075712,Cielo,edddbb0bcb63,0.783,3,ab70d4235fee|047f90121cb2|b77686b83339,Italo|Hugo|Daniela,1|2|3,18.388|6.309|0.269,39,0,35
1790896484304976096,Cielo,edddbb0bcb63,0.983,3,ab70d4235fee|047f90121cb2|b77686b83339,Italo|Hugo|Daniela,1|2|3,18.588|6.509|0.469,39,0,35
1790896484505216480,Cielo,edddbb0bcb63,1.184,3,ab70d4235fee|047f90121cb2|b77686b83339,Italo|Hugo|Daniela,1|2|3,18.788|6.709|0.670,39,0,35
1790896484705090848,Cielo,edddbb0bcb63,1.384,3,ab70d4235fee|047f90121cb2|b77686b83339,Italo|Hugo|Daniela,1|2|3,18.988|6.909|0.870,39,0,35
1790896484904792416,Cielo,edddbb0bcb63,1.583,3,ab70d4235fee|047f90121cb2|b77686b83339,Italo|Hugo|Daniela,1|2|3,19.188|7.109|1.069,39,0,35
1790896485104853152,Cielo,edddbb0bcb63,1.783,3,ab70d4235fee|047f90121cb2|b77686b83339,Italo|Hugo|Daniela,1|2|3,19.388|7.309|1.269,39,0,35
1790896485305293088,Cielo,edddbb0bcb63,1.984,3,ab70d4235fee|047f90121cb2|b77686b83339,Italo|Hugo|Daniela,1|2|3,19.588|7.509|1.470,39,0,35
1790896485505190368,Cielo,edddbb0bcb63,2.184,3,ab70d4235fee|047f90121cb2|b77686b83339,Italo|Hugo|Daniela,1|2|3,19.788|7.709|1.670,39,0,35
1790896485705512256,Cielo,edddbb0bcb63,2.384,3,ab70d4235fee|047f90121cb2|b77686b83339,Italo|Hugo|Daniela,1|2|3,19.988|7.909|1.870,39,0,35
1790896485905255456,Cielo,edddbb0bcb63,2.583,3,ab70d4235fee|047f90121cb2|b77686b83339,Italo|Hugo|Daniela,1|2|3,20.188|8.109|2.069,39,0,35
1790896486105178432,Cielo,edddbb0bcb63,2.783,3,ab70d4235fee|047f90121cb2|b77686b83339,Italo|Hugo|Daniela,1|2|3,20.388|8.309|2.269,39,0,35
1790896486305060192,Cielo,edddbb0bcb63,2.983,3,ab70d4235fee|047f90121cb2|b77686b83339,Italo|Hugo|Daniela,1|2|3,20.588|8.509|2.469,39,0,35
1790896486505413696,Italo,ab70d4235fee,0.164,2,047f90121cb2|b77686b83339,Hugo|Daniela,2|3,8.710|2.670,39,0,36
1790896486704974304,Italo,ab70d4235fee,0.364,2,047f90121cb2|b77686b83339,Hugo|Daniela,2|3,8.909|2.869,39,0,36
1790896486904564672,Italo,ab70d4235fee,0.563,3,047f90121cb2|b77686b83339|06dd1c7c910c,Hugo|Daniela|Cielo,2|3|4,9.109|3.069|0.048,40,0,36
1790896487104921184,Italo,ab70d4235fee,0.764,3,047f90121cb2|b77686b83339|06dd1c7c910c,Hugo|Daniela|Cielo,2|3|4,9.309|3.269|0.249,40,0,36
1790896487304854688,Italo,ab70d4235fee,0.964,3,047f90121cb2|b77686b83339|06dd1c7c910c,Hugo|Daniela|Cielo,2|3|4,9.509|3.469|0.449,40,0,36
1790896487505007680,Italo,ab70d4235fee,1.164,3,047f90121cb2|b77686b83339|06dd1c7c910c,Hugo|Daniela|Cielo,2|3|4,9.709|3.669|0.649,40,0,36
1790896487705364576,Italo,ab70d4235fee,1.364,3,047f90121cb2|b77686b83339|06dd1c7c910c,Hugo|Daniela|Cielo,2|3|4,9.909|3.870|0.849,40,0,36
1790896487904850784,Italo,ab70d4235fee,1.564,3,047f90121cb2|b77686b83339|06dd1c7c910c,Hugo|Daniela|Cielo,2|3|4,10.109|4.069|1.049,40,0,36
1790896488104757376,Italo,ab70d4235fee,1.763,3,047f90121cb2|b77686b83339|06dd1c7c910c,Hugo|Daniela|Cielo,2|3|4,10.309|4.269|1.249,40,0,36
1790896488304812320,Italo,ab70d4235fee,1.964,3,047f90121cb2|b77686b83339|06dd1c7c910c,Hugo|Daniela|Cielo,2|3|4,10.509|4.469|1.449,40,0,36
1790896488504858048,Italo,ab70d4235fee,2.163,3,047f90121cb2|b77686b83339|06dd1c7c910c,Hugo|Daniela|Cielo,2|3|4,10.709|4.669|1.649,40,0,36
1790896488704913504,Italo,ab70d4235fee,2.364,3,047f90121cb2|b77686b83339|06dd1c7c910c,Hugo|Daniela|Cielo,2|3|4,10.909|4.869|1.849,40,0,36
1790896488905656480,Italo,ab70d4235fee,2.564,3,047f90121cb2|b77686b83339|06dd1c7c910c,Hugo|Daniela|Cielo,2|3|4,11.109|5.070|2.049,40,0,36
1790896489105199168,Italo,ab70d4235fee,2.764,3,047f90121cb2|b77686b83339|06dd1c7c910c,Hugo|Daniela|Cielo,2|3|4,11.309|5.269|2.249,40,0,36
1790896489305141728,Italo,ab70d4235fee,2.963,3,047f90121cb2|b77686b83339|06dd1c7c910c,Hugo|Daniela|Cielo,2|3|4,11.509|5.469|2.449,40,0,36
1790896489505222688,Cielo,06dd1c7c910c,0.144,2,047f90121cb2|b77686b83339,Hugo|Daniela,2|3,11.709|5.669,40,0,37
1790896489705002784,Cielo,06dd1c7c910c,0.344,2,047f90121cb2|b77686b83339,Hugo|Daniela,2|3,11.909|5.869,40,0,37
1790896489905003840,Cielo,06dd1c7c910c,0.544,3,047f90121cb2|b77686b83339|ecac5d68432c,Hugo|Daniela|Italo,2|3|1,12.109|6.069|0.029,41,0,37
1790896490105677472,Cielo,06dd1c7c910c,0.744,3,047f90121cb2|b77686b83339|ecac5d68432c,Hugo|Daniela|Italo,2|3|1,12.309|6.270|0.229,41,0,37
1790896490305279424,Cielo,06dd1c7c910c,0.944,3,047f90121cb2|b77686b83339|ecac5d68432c,Hugo|Daniela|Italo,2|3|1,12.509|6.469|0.429,41,0,37
1790896490505211456,Cielo,06dd1c7c910c,1.144,3,047f90121cb2|b77686b83339|ecac5d68432c,Hugo|Daniela|Italo,2|3|1,12.709|6.669|0.629,41,0,37
1790896490705189728,Cielo,06dd1c7c910c,1.344,3,047f90121cb2|b77686b83339|ecac5d68432c,Hugo|Daniela|Italo,2|3|1,12.909|6.869|0.829,41,0,37
1790896490905079616,Cielo,06dd1c7c910c,1.544,3,047f90121cb2|b77686b83339|ecac5d68432c,Hugo|Daniela|Italo,2|3|1,13.109|7.069|1.029,41,0,37
1790896491105095456,Cielo,06dd1c7c910c,1.744,3,047f90121cb2|b77686b83339|ecac5d68432c,Hugo|Daniela|Italo,2|3|1,13.309|7.269|1.229,41,0,37
1790896491305714048,Cielo,06dd1c7c910c,1.945,3,047f90121cb2|b77686b83339|ecac5d68432c,Hugo|Daniela|Italo,2|3|1,13.509|7.470|1.429,41,0,37
1790896491505330080,Cielo,06dd1c7c910c,2.144,3,047f90121cb2|b77686b83339|ecac5d68432c,Hugo|Daniela|Italo,2|3|1,13.709|7.669|1.629,41,0,37
1790896491704836192,Cielo,06dd1c7c910c,2.344,3,047f90121cb2|b77686b83339|ecac5d68432c,Hugo|Daniela|Italo,2|3|1,13.909|7.869|1.829,41,0,37
1790896491905038432,Cielo,06dd1c7c910c,2.544,3,047f90121cb2|b77686b83339|ecac5d68432c,Hugo|Daniela|Italo,2|3|1,14.109|8.069|2.029,41,0,37
1790896492104991008,Cielo,06dd1c7c910c,2.744,3,047f90121cb2|b77686b83339|ecac5d68432c,Hugo|Daniela|Italo,2|3|1,14.309|8.269|2.229,41,0,37
1790896492305097312,Cielo,06dd1c7c910c,2.944,3,047f90121cb2|b77686b83339|ecac5d68432c,Hugo|Daniela|Italo,2|3|1,14.509|8.469|2.429,41,0,37
1790896492505812160,Daniela,b77686b83339,0.127,2,047f90121cb2|ecac5d68432c,Hugo|Italo,2|1,14.709|2.629,41,0,38
1790896492705234688,Daniela,b77686b83339,0.327,2,047f90121cb2|ecac5d68432c,Hugo|Italo,2|1,14.909|2.829,41,0,38
1790896492904479136,Daniela,b77686b83339,0.526,3,047f90121cb2|ecac5d68432c|d92fa753fe24,Hugo|Italo|Cielo,2|1|4,15.109|3.029|0.013,42,0,38
1790896493105253120,Daniela,b77686b83339,0.727,3,047f90121cb2|ecac5d68432c|d92fa753fe24,Hugo|Italo|Cielo,2|1|4,15.309|3.229|0.214,42,0,38
1790896493304964864,Daniela,b77686b83339,0.927,3,047f90121cb2|ecac5d68432c|d92fa753fe24,Hugo|Italo|Cielo,2|1|4,15.509|3.429|0.414,42,0,38
1790896493504657312,Daniela,b77686b83339,1.126,3,047f90121cb2|ecac5d68432c|d92fa753fe24,Hugo|Italo|Cielo,2|1|4,15.709|3.629|0.613,42,0,38
1790896493705399520,Daniela,b77686b83339,1.327,3,047f90121cb2|ecac5d68432c|d92fa753fe24,Hugo|Italo|Cielo,2|1|4,15.909|3.829|0.814,42,0,38
1790896493905081376,Daniela,b77686b83339,1.527,3,047f90121cb2|ecac5d68432c|d92fa753fe24,Hugo|Italo|Cielo,2|1|4,16.109|4.029|1.014,42,0,38
1790896494104962624,Daniela,b77686b83339,1.727,3,047f90121cb2|ecac5d68432c|d92fa753fe24,Hugo|Italo|Cielo,2|1|4,16.309|4.229|1.214,42,0,38
1790896494305046208,Daniela,b77686b83339,1.927,3,047f90121cb2|ecac5d68432c|d92fa753fe24,Hugo|Italo|Cielo,2|1|4,16.509|4.429|1.414,42,0,38
1790896494504750720,Daniela,b77686b83339,2.127,3,047f90121cb2|ecac5d68432c|d92fa753fe24,Hugo|Italo|Cielo,2|1|4,16.709|4.629|1.614,42,0,38
1790896494705160352,Daniela,b77686b83339,2.327,3,047f90121cb2|ecac5d68432c|d92fa753fe24,Hugo|Italo|Cielo,2|1|4,16.909|4.829|1.814,42,0,38
1790896494905032768,Daniela,b77686b83339,2.527,3,047f90121cb2|ecac5d68432c|d92fa753fe24,Hugo|Italo|Cielo,2|1|4,17.109|5.029|2.014,42,0,38
1790896495104843904,Daniela,b77686b83339,2.727,3,047f90121cb2|ecac5d68432c|d92fa753fe24,Hugo|Italo|Cielo,2|1|4,17.309|5.229|2.214,42,0,38
1790896495305358688,Daniela,b77686b83339,2.927,3,047f90121cb2|ecac5d68432c|d92fa753fe24,Hugo|Italo|Cielo,2|1|4,17.509|5.429|2.414,42,0,38
1790896495504877760,Cielo,d92fa753fe24,0.108,2,047f90121cb2|ecac5d68432c,Hugo|Italo,2|1,17.709|5.629,42,0,39
1790896495704778304,Cielo,d92fa753fe24,0.308,2,047f90121cb2|ecac5d68432c,Hugo|Italo,2|1,17.909|5.829,42,0,39
1790896495904268512,Cielo,d92fa753fe24,0.508,2,047f90121cb2|ecac5d68432c,Hugo|Italo,2|1,18.109|6.028,42,0,39
1790896496105015968,Cielo,d92fa753fe24,0.709,3,047f90121cb2|ecac5d68432c|1bfbbe6299af,Hugo|Italo|Daniela,2|1|3,18.309|6.229|0.196,43,0,39
1790896496305305696,Cielo,d92fa753fe24,0.909,3,047f90121cb2|ecac5d68432c|1bfbbe6299af,Hugo|Italo|Daniela,2|1|3,18.510|6.429|0.396,43,0,39
1790896496504774048,Cielo,d92fa753fe24,1.108,3,047f90121cb2|ecac5d68432c|1bfbbe6299af,Hugo|Italo|Daniela,2|1|3,18.709|6.629|0.595,43,0,39
1790896496704741248,Cielo,d92fa753fe24,1.308,3,047f90121cb2|ecac5d68432c|1bfbbe6299af,Hugo|Italo|Daniela,2|1|3,18.909|6.829|0.795,43,0,39
1790896496904773504,Cielo,d92fa753fe24,1.508,3,047f90121cb2|ecac5d68432c|1bfbbe6299af,Hugo|Italo|Daniela,2|1|3,19.109|7.029|0.995,43,0,39
1790896497104732896,Cielo,d92fa753fe24,1.708,3,047f90121cb2|ecac5d68432c|1bfbbe6299af,Hugo|Italo|Daniela,2|1|3,19.309|7.229|1.195,43,0,39
1790896497305034240,Cielo,d92fa753fe24,1.909,3,047f90121cb2|ecac5d68432c|1bfbbe6299af,Hugo|Italo|Daniela,2|1|3,19.509|7.429|1.396,43,0,39
1790896497505134528,Cielo,d92fa753fe24,2.109,3,047f90121cb2|ecac5d68432c|1bfbbe6299af,Hugo|Italo|Daniela,2|1|3,19.709|7.629|1.596,43,0,39
1790896497704814752,Cielo,d92fa753fe24,2.308,3,047f90121cb2|ecac5d68432c|1bfbbe6299af,Hugo|Italo|Daniela,2|1|3,19.909|7.829|1.796,43,0,39
1790896497904714848,Cielo,d92fa753fe24,2.508,3,047f90121cb2|ecac5d68432c|1bfbbe6299af,Hugo|Italo|Daniela,2|1|3,20.109|8.029|1.995,43,0,39
1790896498105028512,Cielo,d92fa753fe24,2.709,3,047f90121cb2|ecac5d68432c|1bfbbe6299af,Hugo|Italo|Daniela,2|1|3,20.309|8.229|2.196,43,0,39
1790896498304768352,Cielo,d92fa753fe24,2.908,3,047f90121cb2|ecac5d68432c|1bfbbe6299af,Hugo|Italo|Daniela,2|1|3,20.509|8.429|2.395,43,0,39
1790896498504898080,Hugo,047f90121cb2,0.088,2,ecac5d68432c|1bfbbe6299af,Italo|Daniela,1|3,8.629|2.596,43,0,40
1790896498704954816,Hugo,047f90121cb2,0.288,2,ecac5d68432c|1bfbbe6299af,Italo|Daniela,1|3,8.829|2.796,43,0,40
1790896498904780768,Hugo,047f90121cb2,0.488,2,ecac5d68432c|1bfbbe6299af,Italo|Daniela,1|3,9.029|2.996,43,0,40
1790896499104871936,Hugo,047f90121cb2,0.688,3,ecac5d68432c|1bfbbe6299af|1a477d60c0b1,Italo|Daniela|Cielo,1|3|4,9.229|3.196|0.172,44,0,40
1790896499304838016,Hugo,047f90121cb2,0.888,3,ecac5d68432c|1bfbbe6299af|1a477d60c0b1,Italo|Daniela|Cielo,1|3|4,9.429|3.395|0.372,44,0,40
1790896499504715968,Hugo,047f90121cb2,1.088,3,ecac5d68432c|1bfbbe6299af|1a477d60c0b1,Italo|Daniela|Cielo,1|3|4,9.629|3.595|0.572,44,0,40
1790896499704857920,Hugo,047f90121cb2,1.288,3,ecac5d68432c|1bfbbe6299af|1a477d60c0b1,Italo|Daniela|Cielo,1|3|4,9.829|3.796|0.772,44,0,40
1790896499904699136,Hugo,047f90121cb2,1.488,3,ecac5d68432c|1bfbbe6299af|1a477d60c0b1,Italo|Daniela|Cielo,1|3|4,10.029|3.995|0.972,44,0,40
1790896500104832992,Hugo,047f90121cb2,1.688,3,ecac5d68432c|1bfbbe6299af|1a477d60c0b1,Italo|Daniela|Cielo,1|3|4,10.229|4.196|1.172,44,0,40
1790896500304782912,Hugo,047f90121cb2,1.888,3,ecac5d68432c|1bfbbe6299af|1a477d60c0b1,Italo|Daniela|Cielo,1|3|4,10.429|4.395|1.372,44,0,40
1790896500504725408,Hugo,047f90121cb2,2.088,3,ecac5d68432c|1bfbbe6299af|1a477d60c0b1,Italo|Daniela|Cielo,1|3|4,10.629|4.595|1.572,44,0,40
1790896500705350624,Hugo,047f90121cb2,2.289,3,ecac5d68432c|1bfbbe6299af|1a477d60c0b1,Italo|Daniela|Cielo,1|3|4,10.829|4.796|1.773,44,0,40
1790896500904924672,Hugo,047f90121cb2,2.488,3,ecac5d68432c|1bfbbe6299af|1a477d60c0b1,Italo|Daniela|Cielo,1|3|4,11.029|4.996|1.972,44,0,40
1790896501104834400,Hugo,047f90121cb2,2.688,3,ecac5d68432c|1bfbbe6299af|1a477d60c0b1,Italo|Daniela|Cielo,1|3|4,11.229|5.196|2.172,44,0,40
1790896501304900768,Hugo,047f90121cb2,2.888,3,ecac5d68432c|1bfbbe6299af|1a477d60c0b1,Italo|Daniela|Cielo,1|3|4,11.429|5.396|2.372,44,0,40
1790896501504646656,Cielo,1a477d60c0b1,0.070,2,ecac5d68432c|1bfbbe6299af,Italo|Daniela,1|3,11.629|5.595,44,0,41
1790896501705136352,Cielo,1a477d60c0b1,0.270,2,ecac5d68432c|1bfbbe6299af,Italo|Daniela,1|3,11.829|5.796,44,0,41
1790896501905193504,Cielo,1a477d60c0b1,0.470,2,ecac5d68432c|1bfbbe6299af,Italo|Daniela,1|3,12.029|5.996,44,0,41
1790896502104941120,Cielo,1a477d60c0b1,0.670,3,ecac5d68432c|1bfbbe6299af|612e3472c7f9,Italo|Daniela|Hugo,1|3|2,12.229|6.196|0.154,45,0,41
1790896502304848320,Cielo,1a477d60c0b1,0.870,3,ecac5d68432c|1bfbbe6299af|612e3472c7f9,Italo|Daniela|Hugo,1|3|2,12.429|6.396|0.354,45,0,41
1790896502505080864,Cielo,1a477d60c0b1,1.070,3,ecac5d68432c|1bfbbe6299af|612e3472c7f9,Italo|Daniela|Hugo,1|3|2,12.629|6.596|0.555,45,0,41
1790896502704765728,Cielo,1a477d60c0b1,1.270,3,ecac5d68432c|1bfbbe6299af|612e3472c7f9,Italo|Daniela|Hugo,1|3|2,12.829|6.795|0.754,45,0,41
1790896502904846816,Cielo,1a477d60c0b1,1.470,3,ecac5d68432c|1bfbbe6299af|612e3472c7f9,Italo|Daniela|Hugo,1|3|2,13.029|6.996|0.954,45,0,41
1790896503105216800,Cielo,1a477d60c0b1,1.670,3,ecac5d68432c|1bfbbe6299af|612e3472c7f9,Italo|Daniela|Hugo,1|3|2,13.229|7.196|1.155,45,0,41
1790896503304886880,Cielo,1a477d60c0b1,1.870,3,ecac5d68432c|1bfbbe6299af|612e3472c7f9,Italo|Daniela|Hugo,1|3|2,13.429|7.396|1.354,45,0,41
1790896503504935616,Cielo,1a477d60c0b1,2.070,3,ecac5d68432c|1bfbbe6299af|612e3472c7f9,Italo|Daniela|Hugo,1|3|2,13.629|7.596|1.554,45,0,41
1790896503704835328,Cielo,1a477d60c0b1,2.270,3,ecac5d68432c|1bfbbe6299af|612e3472c7f9,Italo|Daniela|Hugo,1|3|2,13.829|7.796|1.754,45,0,41
1790896503904841984,Cielo,1a477d60c0b1,2.470,3,ecac5d68432c|1bfbbe6299af|612e3472c7f9,Italo|Daniela|Hugo,1|3|2,14.029|7.995|1.954,45,0,41
1790896504104839712,Cielo,1a477d60c0b1,2.670,3,ecac5d68432c|1bfbbe6299af|612e3472c7f9,Italo|Daniela|Hugo,1|3|2,14.229|8.196|2.154,45,0,41
1790896504305291424,Cielo,1a477d60c0b1,2.870,3,ecac5d68432c|1bfbbe6299af|612e3472c7f9,Italo|Daniela|Hugo,1|3|2,14.429|8.396|2.355,45,0,41
1790896504504770752,Daniela,1bfbbe6299af,0.052,2,ecac5d68432c|612e3472c7f9,Italo|Hugo,1|2,14.629|2.554,45,0,42
1790896504704841312,Daniela,1bfbbe6299af,0.252,2,ecac5d68432c|612e3472c7f9,Italo|Hugo,1|2,14.829|2.754,45,0,42
1790896504905240256,Daniela,1bfbbe6299af,0.452,2,ecac5d68432c|612e3472c7f9,Italo|Hugo,1|2,15.029|2.955,45,0,42
1790896505104795360,Daniela,1bfbbe6299af,0.652,3,ecac5d68432c|612e3472c7f9|de0848c0793d,Italo|Hugo|Cielo,1|2|4,15.229|3.154|0.136,46,0,42
1790896505304906272,Daniela,1bfbbe6299af,0.852,3,ecac5d68432c|612e3472c7f9|de0848c0793d,Italo|Hugo|Cielo,1|2|4,15.429|3.354|0.336,46,0,42
1790896505505210368,Daniela,1bfbbe6299af,1.052,3,ecac5d68432c|612e3472c7f9|de0848c0793d,Italo|Hugo|Cielo,1|2|4,15.629|3.555|0.537,46,0,42
1790896505704914944,Daniela,1bfbbe6299af,1.252,3,ecac5d68432c|612e3472c7f9|de0848c0793d,Italo|Hugo|Cielo,1|2|4,15.829|3.754|0.736,46,0,42
1790896505904805856,Daniela,1bfbbe6299af,1.452,3,ecac5d68432c|612e3472c7f9|de0848c0793d,Italo|Hugo|Cielo,1|2|4,16.029|3.954|0.936,46,0,42
1790896506104815392,Daniela,1bfbbe6299af,1.652,3,ecac5d68432c|612e3472c7f9|de0848c0793d,Italo|Hugo|Cielo,1|2|4,16.229|4.154|1.136,46,0,42
1790896506304870848,Daniela,1bfbbe6299af,1.852,3,ecac5d68432c|612e3472c7f9|de0848c0793d,Italo|Hugo|Cielo,1|2|4,16.429|4.354|1.336,46,0,42
1790896506504679840,Daniela,1bfbbe6299af,2.052,3,ecac5d68432c|612e3472c7f9|de0848c0793d,Italo|Hugo|Cielo,1|2|4,16.629|4.554|1.536,46,0,42
1790896506705569216,Daniela,1bfbbe6299af,2.252,3,ecac5d68432c|612e3472c7f9|de0848c0793d,Italo|Hugo|Cielo,1|2|4,16.830|4.755|1.737,46,0,42
1790896506905148096,Daniela,1bfbbe6299af,2.452,3,ecac5d68432c|612e3472c7f9|de0848c0793d,Italo|Hugo|Cielo,1|2|4,17.029|4.954|1.936,46,0,42
1790896507104740704,Daniela,1bfbbe6299af,2.652,3,ecac5d68432c|612e3472c7f9|de0848c0793d,Italo|Hugo|Cielo,1|2|4,17.229|5.154|2.136,46,0,42
1790896507304739616,Daniela,1bfbbe6299af,2.852,3,ecac5d68432c|612e3472c7f9|de0848c0793d,Italo|Hugo|Cielo,1|2|4,17.429|5.354|2.336,46,0,42
1790896507504984576,Cielo,de0848c0793d,0.035,2,ecac5d68432c|612e3472c7f9,Italo|Hugo,1|2,17.629|5.554,46,0,43
1790896507704594144,Cielo,de0848c0793d,0.235,2,ecac5d68432c|612e3472c7f9,Italo|Hugo,1|2,17.829|5.754,46,0,43
1790896507905118400,Cielo,de0848c0793d,0.435,2,ecac5d68432c|612e3472c7f9,Italo|Hugo,1|2,18.029|5.955,46,0,43
1790896508105094656,Cielo,de0848c0793d,0.635,3,ecac5d68432c|612e3472c7f9|ea093b8bf9f4,Italo|Hugo|Daniela,1|2|3,18.229|6.155|0.120,47,0,43
1790896508304990912,Cielo,de0848c0793d,0.835,3,ecac5d68432c|612e3472c7f9|ea093b8bf9f4,Italo|Hugo|Daniela,1|2|3,18.429|6.354|0.320,47,0,43
1790896508504755776,Cielo,de0848c0793d,1.035,3,ecac5d68432c|612e3472c7f9|ea093b8bf9f4,Italo|Hugo|Daniela,1|2|3,18.629|6.554|0.520,47,0,43
1790896508704734336,Cielo,de0848c0793d,1.235,3,ecac5d68432c|612e3472c7f9|ea093b8bf9f4,Italo|Hugo|Daniela,1|2|3,18.829|6.754|0.720,47,0,43
1790896508904393312,Cielo,de0848c0793d,1.435,3,ecac5d68432c|612e3472c7f9|ea093b8bf9f4,Italo|Hugo|Daniela,1|2|3,19.029|6.954|0.919,47,0,43
1790896509105089504,Cielo,de0848c0793d,1.635,3,ecac5d68432c|612e3472c7f9|ea093b8bf9f4,Italo|Hugo|Daniela,1|2|3,19.229|7.155|1.120,47,0,43
1790896509304972992,Cielo,de0848c0793d,1.835,3,ecac5d68432c|612e3472c7f9|ea093b8bf9f4,Italo|Hugo|Daniela,1|2|3,19.429|7.354|1.320,47,0,43
1790896509504779040,Cielo,de0848c0793d,2.035,3,ecac5d68432c|612e3472c7f9|ea093b8bf9f4,Italo|Hugo|Daniela,1|2|3,19.629|7.554|1.520,47,0,43
1790896509704778592,Cielo,de0848c0793d,2.235,3,ecac5d68432c|612e3472c7f9|ea093b8bf9f4,Italo|Hugo|Daniela,1|2|3,19.829|7.754|1.720,47,0,43
1790896509904785024,Cielo,de0848c0793d,2.435,3,ecac5d68432c|612e3472c7f9|ea093b8bf9f4,Italo|Hugo|Daniela,1|2|3,20.029|7.954|1.920,47,0,43
1790896510104259072,Cielo,de0848c0793d,2.634,3,ecac5d68432c|612e3472c7f9|ea093b8bf9f4,Italo|Hugo|Daniela,1|2|3,20.228|8.154|2.119,47,0,43
1790896510305073344,Cielo,de0848c0793d,2.835,3,ecac5d68432c|612e3472c7f9|ea093b8bf9f4,Italo|Hugo|Daniela,1|2|3,20.429|8.355|2.320,47,0,43
1790896510504880064,Italo,ecac5d68432c,0.017,2,612e3472c7f9|ea093b8bf9f4,Hugo|Daniela,2|3,8.554|2.520,47,0,44
1790896510705024416,Italo,ecac5d68432c,0.217,2,612e3472c7f9|ea093b8bf9f4,Hugo|Daniela,2|3,8.754|2.720,47,0,44
1790896510904769088,Italo,ecac5d68432c,0.417,2,612e3472c7f9|ea093b8bf9f4,Hugo|Daniela,2|3,8.954|2.920,47,0,44
1790896511104711008,Italo,ecac5d68432c,0.616,3,612e3472c7f9|ea093b8bf9f4|c98cfa4f27c6,Hugo|Daniela|Cielo,2|3|4,9.154|3.119|0.100,48,0,44
1790896511304908480,Italo,ecac5d68432c,0.817,3,612e3472c7f9|ea093b8bf9f4|c98cfa4f27c6,Hugo|Daniela|Cielo,2|3|4,9.354|3.320|0.300,48,0,44
1790896511505003104,Italo,ecac5d68432c,1.017,3,612e3472c7f9|ea093b8bf9f4|c98cfa4f27c6,Hugo|Daniela|Cielo,2|3|4,9.554|3.520|0.500,48,0,44
1790896511704888928,Italo,ecac5d68432c,1.217,3,612e3472c7f9|ea093b8bf9f4|c98cfa4f27c6,Hugo|Daniela|Cielo,2|3|4,9.754|3.720|0.700,48,0,44
1790896511904833216,Italo,ecac5d68432c,1.417,3,612e3472c7f9|ea093b8bf9f4|c98cfa4f27c6,Hugo|Daniela|Cielo,2|3|4,9.954|3.920|0.900,48,0,44
1790896512104765536,Italo,ecac5d68432c,1.617,3,612e3472c7f9|ea093b8bf9f4|c98cfa4f27c6,Hugo|Daniela|Cielo,2|3|4,10.154|4.120|1.100,48,0,44
1790896512304781376,Italo,ecac5d68432c,1.817,3,612e3472c7f9|ea093b8bf9f4|c98cfa4f27c6,Hugo|Daniela|Cielo,2|3|4,10.354|4.320|1.300,48,0,44
1790896512504750880,Italo,ecac5d68432c,2.017,3,612e3472c7f9|ea093b8bf9f4|c98cfa4f27c6,Hugo|Daniela|Cielo,2|3|4,10.554|4.520|1.500,48,0,44
1790896512705308704,Italo,ecac5d68432c,2.217,3,612e3472c7f9|ea093b8bf9f4|c98cfa4f27c6,Hugo|Daniela|Cielo,2|3|4,10.755|4.720|1.701,48,0,44
1790896512904959264,Italo,ecac5d68432c,2.417,3,612e3472c7f9|ea093b8bf9f4|c98cfa4f27c6,Hugo|Daniela|Cielo,2|3|4,10.954|4.920|1.900,48,0,44
1790896513104983200,Italo,ecac5d68432c,2.617,3,612e3472c7f9|ea093b8bf9f4|c98cfa4f27c6,Hugo|Daniela|Cielo,2|3|4,11.154|5.120|2.100,48,0,44
1790896513304871456,Italo,ecac5d68432c,2.817,3,612e3472c7f9|ea093b8bf9f4|c98cfa4f27c6,Hugo|Daniela|Cielo,2|3|4,11.354|5.320|2.300,48,0,44
1790896513505441792,Italo,ecac5d68432c,3.017,3,612e3472c7f9|ea093b8bf9f4|c98cfa4f27c6,Hugo|Daniela|Cielo,2|3|4,11.555|5.520|2.501,48,0,44
1790896513705075040,Cielo,c98cfa4f27c6,0.195,2,612e3472c7f9|ea093b8bf9f4,Hugo|Daniela,2|3,11.754|5.720,48,0,45
1790896513905004736,Cielo,c98cfa4f27c6,0.395,2,612e3472c7f9|ea093b8bf9f4,Hugo|Daniela,2|3,11.954|5.920,48,0,45
1790896514104539744,Cielo,c98cfa4f27c6,0.594,3,612e3472c7f9|ea093b8bf9f4|061d1b2e48ea,Hugo|Daniela|Italo,2|3|1,12.154|6.119|0.079,49,0,45
1790896514304794912,Cielo,c98cfa4f27c6,0.794,3,612e3472c7f9|ea093b8bf9f4|061d1b2e48ea,Hugo|Daniela|Italo,2|3|1,12.354|6.320|0.279,49,0,45
1790896514504650592,Cielo,c98cfa4f27c6,0.994,3,612e3472c7f9|ea093b8bf9f4|061d1b2e48ea,Hugo|Daniela|Italo,2|3|1,12.554|6.519|0.479,49,0,45
1790896514705071808,Cielo,c98cfa4f27c6,1.195,3,612e3472c7f9|ea093b8bf9f4|061d1b2e48ea,Hugo|Daniela|Italo,2|3|1,12.754|6.720|0.679,49,0,45
1790896514905307584,Cielo,c98cfa4f27c6,1.395,3,612e3472c7f9|ea093b8bf9f4|061d1b2e48ea,Hugo|Daniela|Italo,2|3|1,12.955|6.920|0.879,49,0,45
1790896515104881792,Cielo,c98cfa4f27c6,1.594,3,612e3472c7f9|ea093b8bf9f4|061d1b2e48ea,Hugo|Daniela|Italo,2|3|1,13.154|7.120|1.079,49,0,45
1790896515305262240,Cielo,c98cfa4f27c6,1.794,3,612e3472c7f9|ea093b8bf9f4|061d1b2e48ea,Hugo|Daniela|Italo,2|3|1,13.354|7.320|1.279,49,0,45
1790896515504829888,Cielo,c98cfa4f27c6,1.994,3,612e3472c7f9|ea093b8bf9f4|061d1b2e48ea,Hugo|Daniela|Italo,2|3|1,13.554|7.520|1.479,49,0,45
1790896515704710208,Cielo,c98cfa4f27c6,2.194,3,612e3472c7f9|ea093b8bf9f4|061d1b2e48ea,Hugo|Daniela|Italo,2|3|1,13.754|7.720|1.679,49,0,45
1790896515904594592,Cielo,c98cfa4f27c6,2.394,3,612e3472c7f9|ea093b8bf9f4|061d1b2e48ea,Hugo|Daniela|Italo,2|3|1,13.954|7.919|1.879,49,0,45
1790896516105019936,Cielo,c98cfa4f27c6,2.595,3,612e3472c7f9|ea093b8bf9f4|061d1b2e48ea,Hugo|Daniela|Italo,2|3|1,14.154|8.120|2.079,49,0,45
1790896516304859136,Cielo,c98cfa4f27c6,2.794,3,612e3472c7f9|ea093b8bf9f4|061d1b2e48ea,Hugo|Daniela|Italo,2|3|1,14.354|8.320|2.279,49,0,45
1790896516504951840,Cielo,c98cfa4f27c6,2.994,3,612e3472c7f9|ea093b8bf9f4|061d1b2e48ea,Hugo|Daniela|Italo,2|3|1,14.554|8.520|2.479,49,0,45
1790896516704848800,Daniela,ea093b8bf9f4,0.177,2,612e3472c7f9|061d1b2e48ea,Hugo|Italo,2|1,14.754|2.679,49,0,46
1790896516904772128,Daniela,ea093b8bf9f4,0.377,2,612e3472c7f9|061d1b2e48ea,Hugo|Italo,2|1,14.954|2.879,49,0,46
1790896517104538880,Daniela,ea093b8bf9f4,0.577,3,612e3472c7f9|061d1b2e48ea|5448bb5ef569,Hugo|Italo|Cielo,2|1|4,15.154|3.079|0.060,50,0,46
1790896517305276000,Daniela,ea093b8bf9f4,0.777,3,612e3472c7f9|061d1b2e48ea|5448bb5ef569,Hugo|Italo|Cielo,2|1|4,15.355|3.279|0.260,50,0,46
1790896517504836288,Daniela,ea093b8bf9f4,0.977,3,612e3472c7f9|061d1b2e48ea|5448bb5ef569,Hugo|Italo|Cielo,2|1|4,15.554|3.479|0.460,50,0,46
1790896517704801184,Daniela,ea093b8bf9f4,1.177,3,612e3472c7f9|061d1b2e48ea|5448bb5ef569,Hugo|Italo|Cielo,2|1|4,15.754|3.679|0.660,50,0,46
1790896517905441216,Daniela,ea093b8bf9f4,1.377,3,612e3472c7f9|061d1b2e48ea|5448bb5ef569,Hugo|Italo|Cielo,2|1|4,15.955|3.879|0.861,50,0,46
1790896518105016832,Daniela,ea093b8bf9f4,1.577,3,612e3472c7f9|061d1b2e48ea|5448bb5ef569,Hugo|Italo|Cielo,2|1|4,16.154|4.079|1.060,50,0,46
1790896518304877120,Daniela,ea093b8bf9f4,1.777,3,612e3472c7f9|061d1b2e48ea|5448bb5ef569,Hugo|Italo|Cielo,2|1|4,16.354|4.279|1.260,50,0,46
1790896518505219360,Daniela,ea093b8bf9f4,1.977,3,612e3472c7f9|061d1b2e48ea|5448bb5ef569,Hugo|Italo|Cielo,2|1|4,16.555|4.479|1.460,50,0,46
1790896518704809088,Daniela,ea093b8bf9f4,2.177,3,612e3472c7f9|061d1b2e48ea|5448bb5ef569,Hugo|Italo|Cielo,2|1|4,16.754|4.679|1.660,50,0,46
1790896518904789568,Daniela,ea093b8bf9f4,2.377,3,612e3472c7f9|061d1b2e48ea|5448bb5ef569,Hugo|Italo|Cielo,2|1|4,16.954|4.879|1.860,50,0,46
1790896519104782528,Daniela,ea093b8bf9f4,2.577,3,612e3472c7f9|061d1b2e48ea|5448bb5ef569,Hugo|Italo|Cielo,2|1|4,17.154|5.079|2.060,50,0,46
1790896519304813504,Daniela,ea093b8bf9f4,2.777,3,612e3472c7f9|061d1b2e48ea|5448bb5ef569,Hugo|Italo|Cielo,2|1|4,17.354|5.279|2.260,50,0,46
1790896519504857600,Daniela,ea093b8bf9f4,2.977,3,612e3472c7f9|061d1b2e48ea|5448bb5ef569,Hugo|Italo|Cielo,2|1|4,17.554|5.479|2.460,50,0,46
1790896519705264320,Cielo,5448bb5ef569,0.159,2,612e3472c7f9|061d1b2e48ea,Hugo|Italo,2|1,17.755|5.679,50,0,47
1790896519905112736,Cielo,5448bb5ef569,0.359,2,612e3472c7f9|061d1b2e48ea,Hugo|Italo,2|1,17.955|5.879,50,0,47
1790896520104471456,Cielo,5448bb5ef569,0.559,3,612e3472c7f9|061d1b2e48ea|86459180a314,Hugo|Italo|Daniela,2|1|3,18.154|6.078|0.042,51,0,47
1790896520304914336,Cielo,5448bb5ef569,0.759,3,612e3472c7f9|061d1b2e48ea|86459180a314,Hugo|Italo|Daniela,2|1|3,18.354|6.279|0.242,51,0,47
1790896520504740640,Cielo,5448bb5ef569,0.959,3,612e3472c7f9|061d1b2e48ea|86459180a314,Hugo|Italo|Daniela,2|1|3,18.554|6.479|0.442,51,0,47
1790896520704806176,Cielo,5448bb5ef569,1.159,3,612e3472c7f9|061d1b2e48ea|86459180a314,Hugo|Italo|Daniela,2|1|3,18.754|6.679|0.642,51,0,47
1790896520905420416,Cielo,5448bb5ef569,1.360,3,612e3472c7f9|061d1b2e48ea|86459180a314,Hugo|Italo|Daniela,2|1|3,18.955|6.879|0.843,51,0,47
1790896521104955584,Cielo,5448bb5ef569,1.559,3,612e3472c7f9|061d1b2e48ea|86459180a314,Hugo|Italo|Daniela,2|1|3,19.154|7.079|1.043,51,0,47
1790896521304868768,Cielo,5448bb5ef569,1.759,3,612e3472c7f9|061d1b2e48ea|86459180a314,Hugo|Italo|Daniela,2|1|3,19.354|7.279|1.243,51,0,47
1790896521504875424,Cielo,5448bb5ef569,1.959,3,612e3472c7f9|061d1b2e48ea|86459180a314,Hugo|Italo|Daniela,2|1|3,19.554|7.479|1.442,51,0,47
1790896521704897184,Cielo,5448bb5ef569,2.159,3,612e3472c7f9|061d1b2e48ea|86459180a314,Hugo|Italo|Daniela,2|1|3,19.754|7.679|1.643,51,0,47
1790896521904780640,Cielo,5448bb5ef569,2.359,3,612e3472c7f9|061d1b2e48ea|86459180a314,Hugo|Italo|Daniela,2|1|3,19.954|7.879|1.842,51,0,47
1790896522105280736,Cielo,5448bb5ef569,2.559,3,612e3472c7f9|061d1b2e48ea|86459180a314,Hugo|Italo|Daniela,2|1|3,20.155|8.079|2.043,51,0,47
1790896522305064192,Cielo,5448bb5ef569,2.759,3,612e3472c7f9|061d1b2e48ea|86459180a314,Hugo|Italo|Daniela,2|1|3,20.354|8.279|2.242,51,0,47
1790896522504763040,Cielo,5448bb5ef569,2.959,3,612e3472c7f9|061d1b2e48ea|86459180a314,Hugo|Italo|Daniela,2|1|3,20.554|8.479|2.442,51,0,47
1790896522704947936,Hugo,612e3472c7f9,0.142,2,061d1b2e48ea|86459180a314,Italo|Daniela,1|3,8.679|2.642,51,0,48
1790896522904728096,Hugo,612e3472c7f9,0.342,2,061d1b2e48ea|86459180a314,Italo|Daniela,1|3,8.879|2.842,51,0,48
1790896523104577920,Hugo,612e3472c7f9,0.542,3,061d1b2e48ea|86459180a314|0e7f1721601b,Italo|Daniela|Cielo,1|3|4,9.079|3.042|0.025,52,0,48
1790896523305235584,Hugo,612e3472c7f9,0.743,3,061d1b2e48ea|86459180a314|0e7f1721601b,Italo|Daniela|Cielo,1|3|4,9.279|3.243|0.225,52,0,48
1790896523504930176,Hugo,612e3472c7f9,0.942,3,061d1b2e48ea|86459180a314|0e7f1721601b,Italo|Daniela|Cielo,1|3|4,9.479|3.442|0.425,52,0,48
1790896523704789632,Hugo,612e3472c7f9,1.142,3,061d1b2e48ea|86459180a314|0e7f1721601b,Italo|Daniela|Cielo,1|3|4,9.679|3.642|0.625,52,0,48
1790896523904780640,Hugo,612e3472c7f9,1.342,3,061d1b2e48ea|86459180a314|0e7f1721601b,Italo|Daniela|Cielo,1|3|4,9.879|3.842|0.825,52,0,48
1790896524105033408,Hugo,612e3472c7f9,1.542,3,061d1b2e48ea|86459180a314|0e7f1721601b,Italo|Daniela|Cielo,1|3|4,10.079|4.043|1.025,52,0,48
1790896524304509504,Hugo,612e3472c7f9,1.742,3,061d1b2e48ea|86459180a314|0e7f1721601b,Italo|Daniela|Cielo,1|3|4,10.279|4.242|1.225,52,0,48
1790896524505199104,Hugo,612e3472c7f9,1.943,3,061d1b2e48ea|86459180a314|0e7f1721601b,Italo|Daniela|Cielo,1|3|4,10.479|4.443|1.425,52,0,48
1790896524704887808,Hugo,612e3472c7f9,2.142,3,061d1b2e48ea|86459180a314|0e7f1721601b,Italo|Daniela|Cielo,1|3|4,10.679|4.643|1.625,52,0,48
1790896524904954752,Hugo,612e3472c7f9,2.342,3,061d1b2e48ea|86459180a314|0e7f1721601b,Italo|Daniela|Cielo,1|3|4,10.879|4.843|1.825,52,0,48
1790896525104877248,Hugo,612e3472c7f9,2.542,3,061d1b2e48ea|86459180a314|0e7f1721601b,Italo|Daniela|Cielo,1|3|4,11.079|5.042|2.025,52,0,48
1790896525304701632,Hugo,612e3472c7f9,2.742,3,061d1b2e48ea|86459180a314|0e7f1721601b,Italo|Daniela|Cielo,1|3|4,11.279|5.242|2.225,52,0,48
1790896525504591072,Hugo,612e3472c7f9,2.942,3,061d1b2e48ea|86459180a314|0e7f1721601b,Italo|Daniela|Cielo,1|3|4,11.479|5.442|2.425,52,0,48
1790896525705114400,Cielo,0e7f1721601b,0.125,2,061d1b2e48ea|86459180a314,Italo|Daniela,1|3,11.679|5.643,52,0,49
1790896525904761088,Cielo,0e7f1721601b,0.325,2,061d1b2e48ea|86459180a314,Italo|Daniela,1|3,11.879|5.842,52,0,49
1790896526104698560,Cielo,0e7f1721601b,0.525,3,061d1b2e48ea|86459180a314|885211734e1c,Italo|Daniela|Hugo,1|3|2,12.079|6.042|0.011,53,0,49
1790896526304986560,Cielo,0e7f1721601b,0.725,3,061d1b2e48ea|86459180a314|885211734e1c,Italo|Daniela|Hugo,1|3|2,12.279|6.243|0.212,53,0,49
1790896526504816896,Cielo,0e7f1721601b,0.925,3,061d1b2e48ea|86459180a314|885211734e1c,Italo|Daniela|Hugo,1|3|2,12.479|6.442|0.412,53,0,49
1790896526704732448,Cielo,0e7f1721601b,1.125,3,061d1b2e48ea|86459180a314|885211734e1c,Italo|Daniela|Hugo,1|3|2,12.679|6.642|0.612,53,0,49
1790896526905521792,Cielo,0e7f1721601b,1.326,3,061d1b2e48ea|86459180a314|885211734e1c,Italo|Daniela|Hugo,1|3|2,12.879|6.843|0.812,53,0,49
1790896527104927360,Cielo,0e7f1721601b,1.525,3,061d1b2e48ea|86459180a314|885211734e1c,Italo|Daniela|Hugo,1|3|2,13.079|7.043|1.012,53,0,49
1790896527305507776,Cielo,0e7f1721601b,1.726,3,061d1b2e48ea|86459180a314|885211734e1c,Italo|Daniela|Hugo,1|3|2,13.279|7.243|1.212,53,0,49
1790896527505214816,Cielo,0e7f1721601b,1.926,3,061d1b2e48ea|86459180a314|885211734e1c,Italo|Daniela|Hugo,1|3|2,13.479|7.443|1.412,53,0,49
1790896527704879008,Cielo,0e7f1721601b,2.125,3,061d1b2e48ea|86459180a314|885211734e1c,Italo|Daniela|Hugo,1|3|2,13.679|7.643|1.612,53,0,49
1790896527905480992,Cielo,0e7f1721601b,2.326,3,061d1b2e48ea|86459180a314|885211734e1c,Italo|Daniela|Hugo,1|3|2,13.879|7.843|1.812,53,0,49
1790896528105039584,Cielo,0e7f1721601b,2.525,3,061d1b2e48ea|86459180a314|885211734e1c,Italo|Daniela|Hugo,1|3|2,14.079|8.043|2.012,53,0,49
1790896528304866336,Cielo,0e7f1721601b,2.725,3,061d1b2e48ea|86459180a314|885211734e1c,Italo|Daniela|Hugo,1|3|2,14.279|8.243|2.212,53,0,49
1790896528504788928,Cielo,0e7f1721601b,2.925,3,061d1b2e48ea|86459180a314|885211734e1c,Italo|Daniela|Hugo,1|3|2,14.479|8.442|2.412,53,0,49
1790896528704822656,Daniela,86459180a314,0.107,2,061d1b2e48ea|885211734e1c,Italo|Hugo,1|2,14.679|2.612,53,0,50
1790896528904699136,Daniela,86459180a314,0.307,2,061d1b2e48ea|885211734e1c,Italo|Hugo,1|2,14.879|2.812,53,0,50
1790896529104706880,Daniela,86459180a314,0.507,2,061d1b2e48ea|885211734e1c,Italo|Hugo,1|2,15.079|3.012,53,0,50
1790896529304963520,Daniela,86459180a314,0.707,3,061d1b2e48ea|885211734e1c|ecbb81ba98b5,Italo|Hugo|Cielo,1|2|4,15.279|3.212|0.192,54,0,50
1790896529505224736,Daniela,86459180a314,0.908,3,061d1b2e48ea|885211734e1c|ecbb81ba98b5,Italo|Hugo|Cielo,1|2|4,15.479|3.412|0.392,54,0,50
1790896529704827072,Daniela,86459180a314,1.107,3,061d1b2e48ea|885211734e1c|ecbb81ba98b5,Italo|Hugo|Cielo,1|2|4,15.679|3.612|0.592,54,0,50
1790896529905105472,Daniela,86459180a314,1.307,3,061d1b2e48ea|885211734e1c|ecbb81ba98b5,Italo|Hugo|Cielo,1|2|4,15.879|3.812|0.792,54,0,50
1790896530104990048,Daniela,86459180a314,1.508,3,061d1b2e48ea|885211734e1c|ecbb81ba98b5,Italo|Hugo|Cielo,1|2|4,16.079|4.012|0.992,54,0,50
1790896530304846848,Daniela,86459180a314,1.707,3,061d1b2e48ea|885211734e1c|ecbb81ba98b5,Italo|Hugo|Cielo,1|2|4,16.279|4.212|1.192,54,0,50
1790896530505173536,Daniela,86459180a314,1.908,3,061d1b2e48ea|885211734e1c|ecbb81ba98b5,Italo|Hugo|Cielo,1|2|4,16.479|4.412|1.392,54,0,50
1790896530704924032,Daniela,86459180a314,2.107,3,061d1b2e48ea|885211734e1c|ecbb81ba98b5,Italo|Hugo|Cielo,1|2|4,16.679|4.612|1.592,54,0,50
1790896530905108640,Daniela,86459180a314,2.307,3,061d1b2e48ea|885211734e1c|ecbb81ba98b5,Italo|Hugo|Cielo,1|2|4,16.879|4.812|1.792,54,0,50
1790896531105118912,Daniela,86459180a314,2.507,3,061d1b2e48ea|885211734e1c|ecbb81ba98b5,Italo|Hugo|Cielo,1|2|4,17.079|5.012|1.992,54,0,50
1790896531305037696,Daniela,86459180a314,2.707,3,061d1b2e48ea|885211734e1c|ecbb81ba98b5,Italo|Hugo|Cielo,1|2|4,17.279|5.212|2.192,54,0,50
1790896531504949216,Daniela,86459180a314,2.908,3,061d1b2e48ea|885211734e1c|ecbb81ba98b5,Italo|Hugo|Cielo,1|2|4,17.479|5.412|2.392,54,0,50
1790896531704954528,Cielo,ecbb81ba98b5,0.088,2,061d1b2e48ea|885211734e1c,Italo|Hugo,1|2,17.679|5.612,54,0,51
1790896531904868960,Cielo,ecbb81ba98b5,0.287,2,061d1b2e48ea|885211734e1c,Italo|Hugo,1|2,17.879|5.812,54,0,51
1790896532104696032,Cielo,ecbb81ba98b5,0.487,2,061d1b2e48ea|885211734e1c,Italo|Hugo,1|2,18.079|6.012,54,0,51
1790896532304720288,Cielo,ecbb81ba98b5,0.687,3,061d1b2e48ea|885211734e1c|4f1ebd5d00ea,Italo|Hugo|Daniela,1|2|3,18.279|6.212|0.169,55,0,51
1790896532504711584,Cielo,ecbb81ba98b5,0.887,3,061d1b2e48ea|885211734e1c|4f1ebd5d00ea,Italo|Hugo|Daniela,1|2|3,18.479|6.412|0.369,55,0,51
1790896532704687904,Cielo,ecbb81ba98b5,1.087,3,061d1b2e48ea|885211734e1c|4f1ebd5d00ea,Italo|Hugo|Daniela,1|2|3,18.679|6.612|0.569,55,0,51
1790896532905030304,Cielo,ecbb81ba98b5,1.288,3,061d1b2e48ea|885211734e1c|4f1ebd5d00ea,Italo|Hugo|Daniela,1|2|3,18.879|6.812|0.769,55,0,51
1790896533104785376,Cielo,ecbb81ba98b5,1.487,3,061d1b2e48ea|885211734e1c|4f1ebd5d00ea,Italo|Hugo|Daniela,1|2|3,19.079|7.012|0.969,55,0,51
1790896533304849632,Cielo,ecbb81ba98b5,1.687,3,061d1b2e48ea|885211734e1c|4f1ebd5d00ea,Italo|Hugo|Daniela,1|2|3,19.279|7.212|1.169,55,0,51
1790896533504754048,Cielo,ecbb81ba98b5,1.887,3,061d1b2e48ea|885211734e1c|4f1ebd5d00ea,Italo|Hugo|Daniela,1|2|3,19.479|7.412|1.369,55,0,51
1790896533705538752,Cielo,ecbb81ba98b5,2.088,3,061d1b2e48ea|885211734e1c|4f1ebd5d00ea,Italo|Hugo|Daniela,1|2|3,19.679|7.612|1.569,55,0,51
1790896533905284992,Cielo,ecbb81ba98b5,2.288,3,061d1b2e48ea|885211734e1c|4f1ebd5d00ea,Italo|Hugo|Daniela,1|2|3,19.879|7.812|1.769,55,0,51
1790896534104918592,Cielo,ecbb81ba98b5,2.487,3,061d1b2e48ea|885211734e1c|4f1ebd5d00ea,Italo|Hugo|Daniela,1|2|3,20.079|8.012|1.969,55,0,51
1790896534305067648,Cielo,ecbb81ba98b5,2.687,3,061d1b2e48ea|885211734e1c|4f1ebd5d00ea,Italo|Hugo|Daniela,1|2|3,20.279|8.212|2.169,55,0,51
1790896534505199552,Cielo,ecbb81ba98b5,2.887,3,061d1b2e48ea|885211734e1c|4f1ebd5d00ea,Italo|Hugo|Daniela,1|2|3,20.479|8.412|2.369,55,0,51
1790896534705188480,Italo,061d1b2e48ea,0.069,2,885211734e1c|4f1ebd5d00ea,Hugo|Daniela,2|3,8.612|2.569,55,0,52
1790896534905244256,Italo,061d1b2e48ea,0.269,2,885211734e1c|4f1ebd5d00ea,Hugo|Daniela,2|3,8.812|2.769,55,0,52
1790896535105584416,Italo,061d1b2e48ea,0.469,2,885211734e1c|4f1ebd5d00ea,Hugo|Daniela,2|3,9.012|2.969,55,0,52
1790896535305239520,Italo,061d1b2e48ea,0.669,3,885211734e1c|4f1ebd5d00ea|6f86bedd8137,Hugo|Daniela|Cielo,2|3|4,9.212|3.169|0.151,56,0,52
1790896535505304928,Italo,061d1b2e48ea,0.869,3,885211734e1c|4f1ebd5d00ea|6f86bedd8137,Hugo|Daniela|Cielo,2|3|4,9.412|3.369|0.351,56,0,52
1790896535704722752,Italo,061d1b2e48ea,1.069,3,885211734e1c|4f1ebd5d00ea|6f86bedd8137,Hugo|Daniela|Cielo,2|3|4,9.612|3.569|0.551,56,0,52
1790896535904886976,Italo,061d1b2e48ea,1.268,3,885211734e1c|4f1ebd5d00ea|6f86bedd8137,Hugo|Daniela|Cielo,2|3|4,9.812|3.769|0.751,56,0,52
1790896536105135072,Italo,061d1b2e48ea,1.468,3,885211734e1c|4f1ebd5d00ea|6f86bedd8137,Hugo|Daniela|Cielo,2|3|4,10.012|3.969|0.951,56,0,52
1790896536305590880,Italo,061d1b2e48ea,1.669,3,885211734e1c|4f1ebd5d00ea|6f86bedd8137,Hugo|Daniela|Cielo,2|3|4,10.212|4.169|1.151,56,0,52
1790896536505198720,Italo,061d1b2e48ea,1.869,3,885211734e1c|4f1ebd5d00ea|6f86bedd8137,Hugo|Daniela|Cielo,2|3|4,10.412|4.369|1.351,56,0,52
1790896536704956384,Italo,061d1b2e48ea,2.069,3,885211734e1c|4f1ebd5d00ea|6f86bedd8137,Hugo|Daniela|Cielo,2|3|4,10.612|4.569|1.551,56,0,52
1790896536905354816,Italo,061d1b2e48ea,2.269,3,885211734e1c|4f1ebd5d00ea|6f86bedd8137,Hugo|Daniela|Cielo,2|3|4,10.812|4.769|1.751,56,0,52
1790896537105647136,Italo,061d1b2e48ea,2.469,3,885211734e1c|4f1ebd5d00ea|6f86bedd8137,Hugo|Daniela|Cielo,2|3|4,11.012|4.969|1.951,56,0,52
1790896537305261248,Italo,061d1b2e48ea,2.669,3,885211734e1c|4f1ebd5d00ea|6f86bedd8137,Hugo|Daniela|Cielo,2|3|4,11.212|5.169|2.151,56,0,52
1790896537505561056,Italo,061d1b2e48ea,2.869,3,885211734e1c|4f1ebd5d00ea|6f86bedd8137,Hugo|Daniela|Cielo,2|3|4,11.412|5.369|2.351,56,0,52
1790896537705242304,Cielo,6f86bedd8137,0.051,2,885211734e1c|4f1ebd5d00ea,Hugo|Daniela,2|3,11.612|5.569,56,0,53
1790896537905042080,Cielo,6f86bedd8137,0.251,2,885211734e1c|4f1ebd5d00ea,Hugo|Daniela,2|3,11.812|5.769,56,0,53
1790896538104805536,Cielo,6f86bedd8137,0.451,2,885211734e1c|4f1ebd5d00ea,Hugo|Daniela,2|3,12.012|5.969,56,0,53
1790896538305317984,Cielo,6f86bedd8137,0.651,3,885211734e1c|4f1ebd5d00ea|8f64054cddba,Hugo|Daniela|Italo,2|3|1,12.212|6.169|0.133,57,0,53
1790896538505230624,Cielo,6f86bedd8137,0.851,3,885211734e1c|4f1ebd5d00ea|8f64054cddba,Hugo|Daniela|Italo,2|3|1,12.412|6.369|0.332,57,0,53
1790896538705503008,Cielo,6f86bedd8137,1.051,3,885211734e1c|4f1ebd5d00ea|8f64054cddba,Hugo|Daniela|Italo,2|3|1,12.612|6.569|0.533,57,0,53
1790896538905161376,Cielo,6f86bedd8137,1.251,3,885211734e1c|4f1ebd5d00ea|8f64054cddba,Hugo|Daniela|Italo,2|3|1,12.812|6.769|0.733,57,0,53
1790896539104706592,Cielo,6f86bedd8137,1.451,3,885211734e1c|4f1ebd5d00ea|8f64054cddba,Hugo|Daniela|Italo,2|3|1,13.012|6.969|0.932,57,0,53
1790896539305024448,Cielo,6f86bedd8137,1.651,3,885211734e1c|4f1ebd5d00ea|8f64054cddba,Hugo|Daniela|Italo,2|3|1,13.212|7.169|1.132,57,0,53
1790896539504840352,Cielo,6f86bedd8137,1.851,3,885211734e1c|4f1ebd5d00ea|8f64054cddba,Hugo|Daniela|Italo,2|3|1,13.412|7.369|1.332,57,0,53
1790896539704767456,Cielo,6f86bedd8137,2.050,3,885211734e1c|4f1ebd5d00ea|8f64054cddba,Hugo|Daniela|Italo,2|3|1,13.612|7.569|1.532,57,0,53
1790896539905165408,Cielo,6f86bedd8137,2.251,3,885211734e1c|4f1ebd5d00ea|8f64054cddba,Hugo|Daniela|Italo,2|3|1,13.812|7.769|1.733,57,0,53
1790896540105051456,Cielo,6f86bedd8137,2.451,3,885211734e1c|4f1ebd5d00ea|8f64054cddba,Hugo|Daniela|Italo,2|3|1,14.012|7.969|1.933,57,0,53
1790896540304778560,Cielo,6f86bedd8137,2.651,3,885211734e1c|4f1ebd5d00ea|8f64054cddba,Hugo|Daniela|Italo,2|3|1,14.212|8.169|2.132,57,0,53
1790896540504809920,Cielo,6f86bedd8137,2.851,3,885211734e1c|4f1ebd5d00ea|8f64054cddba,Hugo|Daniela|Italo,2|3|1,14.412|8.369|2.332,57,0,53
1790896540705094112,Daniela,4f1ebd5d00ea,0.032,2,885211734e1c|8f64054cddba,Hugo|Italo,2|1,14.612|2.532,57,0,54
1790896540904700704,Daniela,4f1ebd5d00ea,0.232,2,885211734e1c|8f64054cddba,Hugo|Italo,2|1,14.812|2.732,57,0,54
1790896541105317536,Daniela,4f1ebd5d00ea,0.433,2,885211734e1c|8f64054cddba,Hugo|Italo,2|1,15.012|2.933,57,0,54
1790896541304844768,Daniela,4f1ebd5d00ea,0.632,3,885211734e1c|8f64054cddba|ae5a7a955255,Hugo|Italo|Cielo,2|1|4,15.212|3.132|0.115,58,0,54
1790896541505189920,Daniela,4f1ebd5d00ea,0.832,3,885211734e1c|8f64054cddba|ae5a7a955255,Hugo|Italo|Cielo,2|1|4,15.412|3.332|0.315,58,0,54
1790896541705461056,Daniela,4f1ebd5d00ea,1.033,3,885211734e1c|8f64054cddba|ae5a7a955255,Hugo|Italo|Cielo,2|1|4,15.612|3.533|0.515,58,0,54
1790896541905272736,Daniela,4f1ebd5d00ea,1.233,3,885211734e1c|8f64054cddba|ae5a7a955255,Hugo|Italo|Cielo,2|1|4,15.812|3.733|0.715,58,0,54
1790896542104970080,Daniela,4f1ebd5d00ea,1.433,3,885211734e1c|8f64054cddba|ae5a7a955255,Hugo|Italo|Cielo,2|1|4,16.012|3.933|0.915,58,0,54
1790896542305108896,Daniela,4f1ebd5d00ea,1.633,3,885211734e1c|8f64054cddba|ae5a7a955255,Hugo|Italo|Cielo,2|1|4,16.212|4.133|1.115,58,0,54
1790896542504785600,Daniela,4f1ebd5d00ea,1.832,3,885211734e1c|8f64054cddba|ae5a7a955255,Hugo|Italo|Cielo,2|1|4,16.412|4.332|1.315,58,0,54
1790896542705096864,Daniela,4f1ebd5d00ea,2.033,3,885211734e1c|8f64054cddba|ae5a7a955255,Hugo|Italo|Cielo,2|1|4,16.612|4.533|1.515,58,0,54
1790896542904796768,Daniela,4f1ebd5d00ea,2.232,3,885211734e1c|8f64054cddba|ae5a7a955255,Hugo|Italo|Cielo,2|1|4,16.812|4.732|1.715,58,0,54
1790896543104964704,Daniela,4f1ebd5d00ea,2.432,3,885211734e1c|8f64054cddba|ae5a7a955255,Hugo|Italo|Cielo,2|1|4,17.012|4.932|1.915,58,0,54
1790896543305067680,Daniela,4f1ebd5d00ea,2.632,3,885211734e1c|8f64054cddba|ae5a7a955255,Hugo|Italo|Cielo,2|1|4,17.212|5.133|2.115,58,0,54
1790896543505318560,Daniela,4f1ebd5d00ea,2.833,3,885211734e1c|8f64054cddba|ae5a7a955255,Hugo|Italo|Cielo,2|1|4,17.412|5.333|2.315,58,0,54
1790896543704821280,Cielo,ae5a7a955255,0.014,2,885211734e1c|8f64054cddba,Hugo|Italo,2|1,17.612|5.532,58,0,55
1790896543904937248,Cielo,ae5a7a955255,0.214,2,885211734e1c|8f64054cddba,Hugo|Italo,2|1,17.812|5.732,58,0,55
1790896544105250752,Cielo,ae5a7a955255,0.415,2,885211734e1c|8f64054cddba,Hugo|Italo,2|1,18.012|5.933,58,0,55
1790896544304937856,Cielo,ae5a7a955255,0.614,3,885211734e1c|8f64054cddba|1a718d8460cd,Hugo|Italo|Daniela,2|1|3,18.212|6.132|0.096,59,0,55
1790896544504910944,Cielo,ae5a7a955255,0.814,3,885211734e1c|8f64054cddba|1a718d8460cd,Hugo|Italo|Daniela,2|1|3,18.412|6.332|0.296,59,0,55
1790896544705297440,Cielo,ae5a7a955255,1.014,3,885211734e1c|8f64054cddba|1a718d8460cd,Hugo|Italo|Daniela,2|1|3,18.612|6.533|0.496,59,0,55
1790896544904995744,Cielo,ae5a7a955255,1.214,3,885211734e1c|8f64054cddba|1a718d8460cd,Hugo|Italo|Daniela,2|1|3,18.812|6.732|0.696,59,0,55
1790896545105046560,Cielo,ae5a7a955255,1.414,3,885211734e1c|8f64054cddba|1a718d8460cd,Hugo|Italo|Daniela,2|1|3,19.012|6.932|0.896,59,0,55
1790896545304986848,Cielo,ae5a7a955255,1.614,3,885211734e1c|8f64054cddba|1a718d8460cd,Hugo|Italo|Daniela,2|1|3,19.212|7.132|1.096,59,0,55
1790896545504864576,Cielo,ae5a7a955255,1.814,3,885211734e1c|8f64054cddba|1a718d8460cd,Hugo|Italo|Daniela,2|1|3,19.412|7.333|1.296,59,0,55
1790896545705207360,Cielo,ae5a7a955255,2.015,3,885211734e1c|8f64054cddba|1a718d8460cd,Hugo|Italo|Daniela,2|1|3,19.612|7.533|1.496,59,0,55
1790896545905220032,Cielo,ae5a7a955255,2.214,3,885211734e1c|8f64054cddba|1a718d8460cd,Hugo|Italo|Daniela,2|1|3,19.812|7.733|1.696,59,0,55
1790896546105067744,Cielo,ae5a7a955255,2.414,3,885211734e1c|8f64054cddba|1a718d8460cd,Hugo|Italo|Daniela,2|1|3,20.012|7.933|1.896,59,0,55
1790896546305130048,Cielo,ae5a7a955255,2.614,3,885211734e1c|8f64054cddba|1a718d8460cd,Hugo|Italo|Daniela,2|1|3,20.212|8.132|2.096,59,0,55
1790896546504953408,Cielo,ae5a7a955255,2.814,3,885211734e1c|8f64054cddba|1a718d8460cd,Hugo|Italo|Daniela,2|1|3,20.412|8.333|2.296,59,0,55
1790896546705799040,Cielo,ae5a7a955255,3.015,3,885211734e1c|8f64054cddba|1a718d8460cd,Hugo|Italo|Daniela,2|1|3,20.612|8.533|2.496,59,0,55
1790896546905098400,Hugo,885211734e1c,0.192,2,8f64054cddba|1a718d8460cd,Italo|Daniela,1|3,8.733|2.696,59,0,56
1790896547105190656,Hugo,885211734e1c,0.392,2,8f64054cddba|1a718d8460cd,Italo|Daniela,1|3,8.933|2.896,59,0,56
1790896547304558016,Hugo,885211734e1c,0.591,3,8f64054cddba|1a718d8460cd|d948fc99d5aa,Italo|Daniela|Cielo,1|3|4,9.132|3.095|0.074,60,0,56
1790896547505255232,Hugo,885211734e1c,0.792,3,8f64054cddba|1a718d8460cd|d948fc99d5aa,Italo|Daniela|Cielo,1|3|4,9.333|3.296|0.274,60,0,56
1790896547705302720,Hugo,885211734e1c,0.992,3,8f64054cddba|1a718d8460cd|d948fc99d5aa,Italo|Daniela|Cielo,1|3|4,9.533|3.496|0.475,60,0,56
1790896547905085152,Hugo,885211734e1c,1.192,3,8f64054cddba|1a718d8460cd|d948fc99d5aa,Italo|Daniela|Cielo,1|3|4,9.732|3.696|0.674,60,0,56
1790896548105420000,Hugo,885211734e1c,1.392,3,8f64054cddba|1a718d8460cd|d948fc99d5aa,Italo|Daniela|Cielo,1|3|4,9.933|3.896|0.875,60,0,56
1790896548305220416,Hugo,885211734e1c,1.592,3,8f64054cddba|1a718d8460cd|d948fc99d5aa,Italo|Daniela|Cielo,1|3|4,10.133|4.096|1.075,60,0,56
1790896548504993568,Hugo,885211734e1c,1.792,3,8f64054cddba|1a718d8460cd|d948fc99d5aa,Italo|Daniela|Cielo,1|3|4,10.333|4.296|1.274,60,0,56
1790896548705169056,Hugo,885211734e1c,1.992,3,8f64054cddba|1a718d8460cd|d948fc99d5aa,Italo|Daniela|Cielo,1|3|4,10.533|4.496|1.474,60,0,56
1790896548905302784,Hugo,885211734e1c,2.192,3,8f64054cddba|1a718d8460cd|d948fc99d5aa,Italo|Daniela|Cielo,1|3|4,10.732|4.696|1.674,60,0,56
1790896549104818592,Hugo,885211734e1c,2.391,3,8f64054cddba|1a718d8460cd|d948fc99d5aa,Italo|Daniela|Cielo,1|3|4,10.932|4.895|1.874,60,0,56
1790896549305848160,Hugo,885211734e1c,2.592,3,8f64054cddba|1a718d8460cd|d948fc99d5aa,Italo|Daniela|Cielo,1|3|4,11.133|5.096|2.075,60,0,56
1790896549505249120,Hugo,885211734e1c,2.792,3,8f64054cddba|1a718d8460cd|d948fc99d5aa,Italo|Daniela|Cielo,1|3|4,11.333|5.296|2.274,60,0,56
1790896549705010944,Hugo,885211734e1c,2.991,3,8f64054cddba|1a718d8460cd|d948fc99d5aa,Italo|Daniela|Cielo,1|3|4,11.532|5.496|2.474,60,0,56
1790896549905475360,Cielo,d948fc99d5aa,0.174,2,8f64054cddba|1a718d8460cd,Italo|Daniela,1|3,11.733|5.696,60,0,57
1790896550105227936,Cielo,d948fc99d5aa,0.374,2,8f64054cddba|1a718d8460cd,Italo|Daniela,1|3,11.933|5.896,60,0,57
1790896550304728896,Cielo,d948fc99d5aa,0.573,3,8f64054cddba|1a718d8460cd|72a85fe70200,Italo|Daniela|Hugo,1|3|2,12.132|6.096|0.056,61,0,57
1790896550505308384,Cielo,d948fc99d5aa,0.774,3,8f64054cddba|1a718d8460cd|72a85fe70200,Italo|Daniela|Hugo,1|3|2,12.333|6.296|0.257,61,0,57
1790896550705133248,Cielo,d948fc99d5aa,0.973,3,8f64054cddba|1a718d8460cd|72a85fe70200,Italo|Daniela|Hugo,1|3|2,12.532|6.496|0.456,61,0,57
1790896550904987136,Cielo,d948fc99d5aa,1.173,3,8f64054cddba|1a718d8460cd|72a85fe70200,Italo|Daniela|Hugo,1|3|2,12.732|6.696|0.656,61,0,57
1790896551105484032,Cielo,d948fc99d5aa,1.374,3,8f64054cddba|1a718d8460cd|72a85fe70200,Italo|Daniela|Hugo,1|3|2,12.933|6.896|0.857,61,0,57
1790896551304987776,Cielo,d948fc99d5aa,1.573,3,8f64054cddba|1a718d8460cd|72a85fe70200,Italo|Daniela|Hugo,1|3|2,13.132|7.096|1.056,61,0,57
1790896551505001600,Cielo,d948fc99d5aa,1.773,3,8f64054cddba|1a718d8460cd|72a85fe70200,Italo|Daniela|Hugo,1|3|2,13.332|7.296|1.256,61,0,57
1790896551705359136,Cielo,d948fc99d5aa,1.974,3,8f64054cddba|1a718d8460cd|72a85fe70200,Italo|Daniela|Hugo,1|3|2,13.533|7.496|1.457,61,0,57
1790896551904888384,Cielo,d948fc99d5aa,2.173,3,8f64054cddba|1a718d8460cd|72a85fe70200,Italo|Daniela|Hugo,1|3|2,13.732|7.696|1.656,61,0,57
1790896552104820896,Cielo,d948fc99d5aa,2.373,3,8f64054cddba|1a718d8460cd|72a85fe70200,Italo|Daniela|Hugo,1|3|2,13.932|7.895|1.856,61,0,57
1790896552305009952,Cielo,d948fc99d5aa,2.573,3,8f64054cddba|1a718d8460cd|72a85fe70200,Italo|Daniela|Hugo,1|3|2,14.132|8.096|2.056,61,0,57
1790896552504913312,Cielo,d948fc99d5aa,2.773,3,8f64054cddba|1a718d8460cd|72a85fe70200,Italo|Daniela|Hugo,1|3|2,14.332|8.296|2.256,61,0,57
1790896552704970720,Cielo,d948fc99d5aa,2.973,3,8f64054cddba|1a718d8460cd|72a85fe70200,Italo|Daniela|Hugo,1|3|2,14.532|8.496|2.456,61,0,57
1790896552905614688,Daniela,1a718d8460cd,0.155,2,8f64054cddba|72a85fe70200,Italo|Hugo,1|2,14.733|2.657,61,0,58
1790896553105401184,Daniela,1a718d8460cd,0.355,2,8f64054cddba|72a85fe70200,Italo|Hugo,1|2,14.933|2.857,61,0,58
1790896553304740928,Daniela,1a718d8460cd,0.554,3,8f64054cddba|72a85fe70200|1c6a4a67f67d,Italo|Hugo|Cielo,1|2|4,15.132|3.056|0.036,62,0,58
1790896553505155232,Daniela,1a718d8460cd,0.755,3,8f64054cddba|72a85fe70200|1c6a4a67f67d,Italo|Hugo|Cielo,1|2|4,15.333|3.257|0.237,62,0,58
1790896553705062304,Daniela,1a718d8460cd,0.954,3,8f64054cddba|72a85fe70200|1c6a4a67f67d,Italo|Hugo|Cielo,1|2|4,15.532|3.456|0.437,62,0,58
1790896553904942688,Daniela,1a718d8460cd,1.154,3,8f64054cddba|72a85fe70200|1c6a4a67f67d,Italo|Hugo|Cielo,1|2|4,15.732|3.656|0.636,62,0,58
1790896554105326784,Daniela,1a718d8460cd,1.355,3,8f64054cddba|72a85fe70200|1c6a4a67f67d,Italo|Hugo|Cielo,1|2|4,15.933|3.857|0.837,62,0,58
1790896554304920800,Daniela,1a718d8460cd,1.555,3,8f64054cddba|72a85fe70200|1c6a4a67f67d,Italo|Hugo|Cielo,1|2|4,16.133|4.056|1.037,62,0,58
1790896554504704256,Daniela,1a718d8460cd,1.754,3,8f64054cddba|72a85fe70200|1c6a4a67f67d,Italo|Hugo|Cielo,1|2|4,16.332|4.256|1.236,62,0,58
1790896554705091136,Daniela,1a718d8460cd,1.954,3,8f64054cddba|72a85fe70200|1c6a4a67f67d,Italo|Hugo|Cielo,1|2|4,16.533|4.456|1.437,62,0,58
1790896554905032992,Daniela,1a718d8460cd,2.154,3,8f64054cddba|72a85fe70200|1c6a4a67f67d,Italo|Hugo|Cielo,1|2|4,16.732|4.656|1.637,62,0,58
1790896555104956352,Daniela,1a718d8460cd,2.354,3,8f64054cddba|72a85fe70200|1c6a4a67f67d,Italo|Hugo|Cielo,1|2|4,16.932|4.856|1.836,62,0,58
1790896555305325472,Daniela,1a718d8460cd,2.555,3,8f64054cddba|72a85fe70200|1c6a4a67f67d,Italo|Hugo|Cielo,1|2|4,17.133|5.057|2.037,62,0,58
1790896555504907008,Daniela,1a718d8460cd,2.755,3,8f64054cddba|72a85fe70200|1c6a4a67f67d,Italo|Hugo|Cielo,1|2|4,17.333|5.257|2.237,62,0,58
1790896555705176128,Daniela,1a718d8460cd,2.955,3,8f64054cddba|72a85fe70200|1c6a4a67f67d,Italo|Hugo|Cielo,1|2|4,17.533|5.457|2.437,62,0,58
1790896555905096832,Cielo,1c6a4a67f67d,0.137,2,8f64054cddba|72a85fe70200,Italo|Hugo,1|2,17.733|5.656,62,0,59
1790896556105150624,Cielo,1c6a4a67f67d,0.337,2,8f64054cddba|72a85fe70200,Italo|Hugo,1|2,17.933|5.857,62,0,59
1790896556304566368,Cielo,1c6a4a67f67d,0.537,3,8f64054cddba|72a85fe70200|aca621a0e617,Italo|Hugo|Daniela,1|2|3,18.132|6.056|0.018,63,0,59
1790896556505298208,Cielo,1c6a4a67f67d,0.737,3,8f64054cddba|72a85fe70200|aca621a0e617,Italo|Hugo|Daniela,1|2|3,18.333|6.257|0.219,63,0,59
1790896556704978720,Cielo,1c6a4a67f67d,0.937,3,8f64054cddba|72a85fe70200|aca621a0e617,Italo|Hugo|Daniela,1|2|3,18.533|6.457|0.419,63,0,59
1790896556905239872,Cielo,1c6a4a67f67d,1.137,3,8f64054cddba|72a85fe70200|aca621a0e617,Italo|Hugo|Daniela,1|2|3,18.733|6.657|0.619,63,0,59
1790896557105229504,Cielo,1c6a4a67f67d,1.337,3,8f64054cddba|72a85fe70200|aca621a0e617,Italo|Hugo|Daniela,1|2|3,18.933|6.857|0.819,63,0,59
1790896557304802560,Cielo,1c6a4a67f67d,1.537,3,8f64054cddba|72a85fe70200|aca621a0e617,Italo|Hugo|Daniela,1|2|3,19.132|7.056|1.019,63,0,59
1790896557504671776,Cielo,1c6a4a67f67d,1.737,3,8f64054cddba|72a85fe70200|aca621a0e617,Italo|Hugo|Daniela,1|2|3,19.332|7.256|1.218,63,0,59
1790896557705286656,Cielo,1c6a4a67f67d,1.937,3,8f64054cddba|72a85fe70200|aca621a0e617,Italo|Hugo|Daniela,1|2|3,19.533|7.457|1.419,63,0,59
1790896557905165280,Cielo,1c6a4a67f67d,2.137,3,8f64054cddba|72a85fe70200|aca621a0e617,Italo|Hugo|Daniela,1|2|3,19.733|7.657|1.619,63,0,59
1790896558105047040,Cielo,1c6a4a67f67d,2.337,3,8f64054cddba|72a85fe70200|aca621a0e617,Italo|Hugo|Daniela,1|2|3,19.932|7.856|1.819,63,0,59
1790896558304833984,Cielo,1c6a4a67f67d,2.537,3,8f64054cddba|72a85fe70200|aca621a0e617,Italo|Hugo|Daniela,1|2|3,20.132|8.056|2.019,63,0,59
1790896558504825728,Cielo,1c6a4a67f67d,2.737,3,8f64054cddba|72a85fe70200|aca621a0e617,Italo|Hugo|Daniela,1|2|3,20.332|8.256|2.219,63,0,59
1790896558704667008,Cielo,1c6a4a67f67d,2.937,3,8f64054cddba|72a85fe70200|aca621a0e617,Italo|Hugo|Daniela,1|2|3,20.532|8.456|2.418,63,0,59
1790896558905467232,Italo,8f64054cddba,0.119,2,72a85fe70200|aca621a0e617,Hugo|Daniela,2|3,8.656|2.619,63,0,60
1790896559105051616,Italo,8f64054cddba,0.319,2,72a85fe70200|aca621a0e617,Hugo|Daniela,2|3,8.856|2.819,63,0,60
1790896559306275104,Italo,8f64054cddba,0.520,2,72a85fe70200|aca621a0e617,Hugo|Daniela,2|3,9.058|3.020,64,0,60
1790896559505092896,Italo,8f64054cddba,0.719,3,72a85fe70200|aca621a0e617|6151da2dda86,Hugo|Daniela|Cielo,2|3|4,9.257|3.219|0.194,64,0,60
1790896559704825408,Italo,8f64054cddba,0.919,3,72a85fe70200|aca621a0e617|6151da2dda86,Hugo|Daniela|Cielo,2|3|4,9.456|3.419|0.394,64,0,60
1790896559905181376,Italo,8f64054cddba,1.119,3,72a85fe70200|aca621a0e617|6151da2dda86,Hugo|Daniela|Cielo,2|3|4,9.657|3.619|0.594,64,0,60
1790896560105004640,Italo,8f64054cddba,1.319,3,72a85fe70200|aca621a0e617|6151da2dda86,Hugo|Daniela|Cielo,2|3|4,9.857|3.819|0.794,64,0,60
1790896560304865952,Italo,8f64054cddba,1.519,3,72a85fe70200|aca621a0e617|6151da2dda86,Hugo|Daniela|Cielo,2|3|4,10.056|4.019|0.994,64,0,60
1790896560505072736,Italo,8f64054cddba,1.719,3,72a85fe70200|aca621a0e617|6151da2dda86,Hugo|Daniela|Cielo,2|3|4,10.256|4.219|1.194,64,0,60
1790896560704806016,Italo,8f64054cddba,1.918,3,72a85fe70200|aca621a0e617|6151da2dda86,Hugo|Daniela|Cielo,2|3|4,10.456|4.419|1.394,64,0,60
1790896560904763168,Italo,8f64054cddba,2.118,3,72a85fe70200|aca621a0e617|6151da2dda86,Hugo|Daniela|Cielo,2|3|4,10.656|4.619|1.594,64,0,60
1790896561105109760,Italo,8f64054cddba,2.319,3,72a85fe70200|aca621a0e617|6151da2dda86,Hugo|Daniela|Cielo,2|3|4,10.857|4.819|1.794,64,0,60
1790896561305056512,Italo,8f64054cddba,2.519,3,72a85fe70200|aca621a0e617|6151da2dda86,Hugo|Daniela|Cielo,2|3|4,11.057|5.019|1.994,64,0,60
1790896561505042240,Italo,8f64054cddba,2.719,3,72a85fe70200|aca621a0e617|6151da2dda86,Hugo|Daniela|Cielo,2|3|4,11.257|5.219|2.194,64,0,60
1790896561704790944,Italo,8f64054cddba,2.918,3,72a85fe70200|aca621a0e617|6151da2dda86,Hugo|Daniela|Cielo,2|3|4,11.456|5.419|2.394,64,0,60
1790896561905114624,Cielo,6151da2dda86,0.098,2,72a85fe70200|aca621a0e617,Hugo|Daniela,2|3,11.657|5.619,64,0,61
1790896562105056864,Cielo,6151da2dda86,0.298,2,72a85fe70200|aca621a0e617,Hugo|Daniela,2|3,11.856|5.819,64,0,61
1790896562305193888,Cielo,6151da2dda86,0.499,2,72a85fe70200|aca621a0e617,Hugo|Daniela,2|3,12.057|6.019,64,0,61
1790896562505093824,Cielo,6151da2dda86,0.698,3,72a85fe70200|aca621a0e617|ee3d71efe049,Hugo|Daniela|Italo,2|3|1,12.257|6.219|0.179,65,0,61
1790896562705241728,Cielo,6151da2dda86,0.898,3,72a85fe70200|aca621a0e617|ee3d71efe049,Hugo|Daniela|Italo,2|3|1,12.457|6.419|0.379,65,0,61
1790896562905140832,Cielo,6151da2dda86,1.098,3,72a85fe70200|aca621a0e617|ee3d71efe049,Hugo|Daniela|Italo,2|3|1,12.656|6.619|0.579,65,0,61
1790896563105041152,Cielo,6151da2dda86,1.298,3,72a85fe70200|aca621a0e617|ee3d71efe049,Hugo|Daniela|Italo,2|3|1,12.856|6.819|0.779,65,0,61
1790896563304858336,Cielo,6151da2dda86,1.498,3,72a85fe70200|aca621a0e617|ee3d71efe049,Hugo|Daniela|Italo,2|3|1,13.056|7.019|0.979,65,0,61
1790896563504682208,Cielo,6151da2dda86,1.698,3,72a85fe70200|aca621a0e617|ee3d71efe049,Hugo|Daniela|Italo,2|3|1,13.256|7.218|1.179,65,0,61
1790896563705026144,Cielo,6151da2dda86,1.898,3,72a85fe70200|aca621a0e617|ee3d71efe049,Hugo|Daniela|Italo,2|3|1,13.457|7.419|1.379,65,0,61
1790896563904917824,Cielo,6151da2dda86,2.098,3,72a85fe70200|aca621a0e617|ee3d71efe049,Hugo|Daniela|Italo,2|3|1,13.657|7.619|1.579,65,0,61
1790896564105104128,Cielo,6151da2dda86,2.298,3,72a85fe70200|aca621a0e617|ee3d71efe049,Hugo|Daniela|Italo,2|3|1,13.857|7.819|1.779,65,0,61
1790896564304820768,Cielo,6151da2dda86,2.498,3,72a85fe70200|aca621a0e617|ee3d71efe049,Hugo|Daniela|Italo,2|3|1,14.056|8.019|1.979,65,0,61
1790896564504872288,Cielo,6151da2dda86,2.698,3,72a85fe70200|aca621a0e617|ee3d71efe049,Hugo|Daniela|Italo,2|3|1,14.256|8.219|2.179,65,0,61
1790896564705273952,Cielo,6151da2dda86,2.899,3,72a85fe70200|aca621a0e617|ee3d71efe049,Hugo|Daniela|Italo,2|3|1,14.457|8.419|2.379,65,0,61
1790896564904854624,Daniela,aca621a0e617,0.081,2,72a85fe70200|ee3d71efe049,Hugo|Italo,2|1,14.656|2.579,65,0,62
1790896565104683072,Daniela,aca621a0e617,0.281,2,72a85fe70200|ee3d71efe049,Hugo|Italo,2|1,14.856|2.779,65,0,62
1790896565304747808,Daniela,aca621a0e617,0.481,2,72a85fe70200|ee3d71efe049,Hugo|Italo,2|1,15.056|2.979,65,0,62
1790896565504862208,Daniela,aca621a0e617,0.681,3,72a85fe70200|ee3d71efe049|7cdb3f6a8367,Hugo|Italo|Cielo,2|1|4,15.256|3.179|0.162,66,0,62
1790896565705167072,Daniela,aca621a0e617,0.881,3,72a85fe70200|ee3d71efe049|7cdb3f6a8367,Hugo|Italo|Cielo,2|1|4,15.457|3.379|0.362,66,0,62
1790896565905308512,Daniela,aca621a0e617,1.081,3,72a85fe70200|ee3d71efe049|7cdb3f6a8367,Hugo|Italo|Cielo,2|1|4,15.657|3.579|0.562,66,0,62
1790896566104902368,Daniela,aca621a0e617,1.281,3,72a85fe70200|ee3d71efe049|7cdb3f6a8367,Hugo|Italo|Cielo,2|1|4,15.856|3.779|0.762,66,0,62
1790896566304756352,Daniela,aca621a0e617,1.481,3,72a85fe70200|ee3d71efe049|7cdb3f6a8367,Hugo|Italo|Cielo,2|1|4,16.056|3.979|0.962,66,0,62
1790896566504716288,Daniela,aca621a0e617,1.681,3,72a85fe70200|ee3d71efe049|7cdb3f6a8367,Hugo|Italo|Cielo,2|1|4,16.256|4.179|1.161,66,0,62
1790896566704712640,Daniela,aca621a0e617,1.881,3,72a85fe70200|ee3d71efe049|7cdb3f6a8367,Hugo|Italo|Cielo,2|1|4,16.456|4.379|1.361,66,0,62
1790896566905039680,Daniela,aca621a0e617,2.081,3,72a85fe70200|ee3d71efe049|7cdb3f6a8367,Hugo|Italo|Cielo,2|1|4,16.657|4.579|1.562,66,0,62
1790896567105406880,Daniela,aca621a0e617,2.281,3,72a85fe70200|ee3d71efe049|7cdb3f6a8367,Hugo|Italo|Cielo,2|1|4,16.857|4.780|1.762,66,0,62
1790896567305028992,Daniela,aca621a0e617,2.481,3,72a85fe70200|ee3d71efe049|7cdb3f6a8367,Hugo|Italo|Cielo,2|1|4,17.057|4.979|1.962,66,0,62
1790896567504774752,Daniela,aca621a0e617,2.681,3,72a85fe70200|ee3d71efe049|7cdb3f6a8367,Hugo|Italo|Cielo,2|1|4,17.256|5.179|2.162,66,0,62
1790896567704902400,Daniela,aca621a0e617,2.881,3,72a85fe70200|ee3d71efe049|7cdb3f6a8367,Hugo|Italo|Cielo,2|1|4,17.456|5.379|2.362,66,0,62
1790896567904955776,Cielo,7cdb3f6a8367,0.062,2,72a85fe70200|ee3d71efe049,Hugo|Italo,2|1,17.656|5.579,66,0,63
1790896568104963968,Cielo,7cdb3f6a8367,0.262,2,72a85fe70200|ee3d71efe049,Hugo|Italo,2|1,17.856|5.779,66,0,63
1790896568305402720,Cielo,7cdb3f6a8367,0.463,2,72a85fe70200|ee3d71efe049,Hugo|Italo,2|1,18.057|5.980,66,0,63
1790896568504834784,Cielo,7cdb3f6a8367,0.662,3,72a85fe70200|ee3d71efe049|82b44ca1d07c,Hugo|Italo|Daniela,2|1|3,18.256|6.179|0.143,67,0,63
1790896568704733696,Cielo,7cdb3f6a8367,0.862,3,72a85fe70200|ee3d71efe049|82b44ca1d07c,Hugo|Italo|Daniela,2|1|3,18.456|6.379|0.343,67,0,63
1790896568905258592,Cielo,7cdb3f6a8367,1.063,3,72a85fe70200|ee3d71efe049|82b44ca1d07c,Hugo|Italo|Daniela,2|1|3,18.657|6.579|0.544,67,0,63
1790896569104940416,Cielo,7cdb3f6a8367,1.263,3,72a85fe70200|ee3d71efe049|82b44ca1d07c,Hugo|Italo|Daniela,2|1|3,18.857|6.779|0.744,67,0,63
1790896569305065440,Cielo,7cdb3f6a8367,1.462,3,72a85fe70200|ee3d71efe049|82b44ca1d07c,Hugo|Italo|Daniela,2|1|3,19.057|6.979|0.944,67,0,63
1790896569505410752,Cielo,7cdb3f6a8367,1.663,3,72a85fe70200|ee3d71efe049|82b44ca1d07c,Hugo|Italo|Daniela,2|1|3,19.257|7.180|1.144,67,0,63
1790896569704995936,Cielo,7cdb3f6a8367,1.863,3,72a85fe70200|ee3d71efe049|82b44ca1d07c,Hugo|Italo|Daniela,2|1|3,19.457|7.379|1.344,67,0,63
1790896569904777600,Cielo,7cdb3f6a8367,2.062,3,72a85fe70200|ee3d71efe049|82b44ca1d07c,Hugo|Italo|Daniela,2|1|3,19.656|7.579|1.543,67,0,63
1790896570104984544,Cielo,7cdb3f6a8367,2.262,3,72a85fe70200|ee3d71efe049|82b44ca1d07c,Hugo|Italo|Daniela,2|1|3,19.856|7.779|1.743,67,0,63
1790896570304763648,Cielo,7cdb3f6a8367,2.462,3,72a85fe70200|ee3d71efe049|82b44ca1d07c,Hugo|Italo|Daniela,2|1|3,20.056|7.979|1.943,67,0,63
1790896570505037824,Cielo,7cdb3f6a8367,2.662,3,72a85fe70200|ee3d71efe049|82b44ca1d07c,Hugo|Italo|Daniela,2|1|3,20.257|8.179|2.144,67,0,63
1790896570705326368,Cielo,7cdb3f6a8367,2.863,3,72a85fe70200|ee3d71efe049|82b44ca1d07c,Hugo|Italo|Daniela,2|1|3,20.457|8.379|2.344,67,0,63
1790896570904974848,Hugo,72a85fe70200,0.044,2,ee3d71efe049|82b44ca1d07c,Italo|Daniela,1|3,8.579|2.544,67,0,64
1790896571104737312,Hugo,72a85fe70200,0.243,2,ee3d71efe049|82b44ca1d07c,Italo|Daniela,1|3,8.779|2.743,67,0,64
1790896571304768736,Hugo,72a85fe70200,0.443,2,ee3d71efe049|82b44ca1d07c,Italo|Daniela,1|3,8.979|2.943,67,0,64
1790896571504963072,Hugo,72a85fe70200,0.643,3,ee3d71efe049|82b44ca1d07c|562657982c8b,Italo|Daniela|Cielo,1|3|4,9.179|3.144|0.124,68,0,64
1790896571704823296,Hugo,72a85fe70200,0.843,3,ee3d71efe049|82b44ca1d07c|562657982c8b,Italo|Daniela|Cielo,1|3|4,9.379|3.343|0.323,68,0,64
1790896571905322240,Hugo,72a85fe70200,1.044,3,ee3d71efe049|82b44ca1d07c|562657982c8b,Italo|Daniela|Cielo,1|3|4,9.579|3.544|0.524,68,0,64
1790896572104913696,Hugo,72a85fe70200,1.243,3,ee3d71efe049|82b44ca1d07c|562657982c8b,Italo|Daniela|Cielo,1|3|4,9.779|3.743|0.724,68,0,64
1790896572305016480,Hugo,72a85fe70200,1.444,3,ee3d71efe049|82b44ca1d07c|562657982c8b,Italo|Daniela|Cielo,1|3|4,9.979|3.944|0.924,68,0,64
1790896572504896832,Hugo,72a85fe70200,1.643,3,ee3d71efe049|82b44ca1d07c|562657982c8b,Italo|Daniela|Cielo,1|3|4,10.179|4.143|1.124,68,0,64
1790896572704770528,Hugo,72a85fe70200,1.843,3,ee3d71efe049|82b44ca1d07c|562657982c8b,Italo|Daniela|Cielo,1|3|4,10.379|4.343|1.323,68,0,64
1790896572904751360,Hugo,72a85fe70200,2.043,3,ee3d71efe049|82b44ca1d07c|562657982c8b,Italo|Daniela|Cielo,1|3|4,10.579|4.543|1.523,68,0,64
1790896573105145728,Hugo,72a85fe70200,2.244,3,ee3d71efe049|82b44ca1d07c|562657982c8b,Italo|Daniela|Cielo,1|3|4,10.779|4.744|1.724,68,0,64
1790896573304945216,Hugo,72a85fe70200,2.444,3,ee3d71efe049|82b44ca1d07c|562657982c8b,Italo|Daniela|Cielo,1|3|4,10.979|4.944|1.924,68,0,64
1790896573504826176,Hugo,72a85fe70200,2.643,3,ee3d71efe049|82b44ca1d07c|562657982c8b,Italo|Daniela|Cielo,1|3|4,11.179|5.143|2.124,68,0,64
1790896573704815872,Hugo,72a85fe70200,2.843,3,ee3d71efe049|82b44ca1d07c|562657982c8b,Italo|Daniela|Cielo,1|3|4,11.379|5.343|2.324,68,0,64
1790896573904720608,Cielo,562657982c8b,0.025,2,ee3d71efe049|82b44ca1d07c,Italo|Daniela,1|3,11.579|5.543,68,0,65
1790896574104211232,Cielo,562657982c8b,0.224,2,ee3d71efe049|82b44ca1d07c,Italo|Daniela,1|3,11.779|5.743,68,0,65
1790896574304958016,Cielo,562657982c8b,0.425,2,ee3d71efe049|82b44ca1d07c,Italo|Daniela,1|3,11.979|5.944,68,0,65
1790896574504808064,Cielo,562657982c8b,0.625,3,ee3d71efe049|82b44ca1d07c|b95d25501d6c,Italo|Daniela|Hugo,1|3|2,12.179|6.143|0.105,69,0,65
1790896574704776768,Cielo,562657982c8b,0.825,3,ee3d71efe049|82b44ca1d07c|b95d25501d6c,Italo|Daniela|Hugo,1|3|2,12.379|6.343|0.305,69,0,65
1790896574904805984,Cielo,562657982c8b,1.025,3,ee3d71efe049|82b44ca1d07c|b95d25501d6c,Italo|Daniela|Hugo,1|3|2,12.579|6.543|0.505,69,0,65
1790896575105044480,Cielo,562657982c8b,1.225,3,ee3d71efe049|82b44ca1d07c|b95d25501d6c,Italo|Daniela|Hugo,1|3|2,12.779|6.744|0.705,69,0,65
1790896575304345024,Cielo,562657982c8b,1.424,3,ee3d71efe049|82b44ca1d07c|b95d25501d6c,Italo|Daniela|Hugo,1|3|2,12.979|6.943|0.905,69,0,65
1790896575504998176,Cielo,562657982c8b,1.625,3,ee3d71efe049|82b44ca1d07c|b95d25501d6c,Italo|Daniela|Hugo,1|3|2,13.179|7.144|1.105,69,0,65
1790896575704921408,Cielo,562657982c8b,1.825,3,ee3d71efe049|82b44ca1d07c|b95d25501d6c,Italo|Daniela|Hugo,1|3|2,13.379|7.343|1.305,69,0,65
1790896575904731776,Cielo,562657982c8b,2.025,3,ee3d71efe049|82b44ca1d07c|b95d25501d6c,Italo|Daniela|Hugo,1|3|2,13.579|7.543|1.505,69,0,65
1790896576104820608,Cielo,562657982c8b,2.225,3,ee3d71efe049|82b44ca1d07c|b95d25501d6c,Italo|Daniela|Hugo,1|3|2,13.779|7.743|1.705,69,0,65
1790896576304753824,Cielo,562657982c8b,2.425,3,ee3d71efe049|82b44ca1d07c|b95d25501d6c,Italo|Daniela|Hugo,1|3|2,13.979|7.943|1.905,69,0,65
1790896576505065984,Cielo,562657982c8b,2.625,3,ee3d71efe049|82b44ca1d07c|b95d25501d6c,Italo|Daniela|Hugo,1|3|2,14.179|8.144|2.105,69,0,65
1790896576705196288,Cielo,562657982c8b,2.825,3,ee3d71efe049|82b44ca1d07c|b95d25501d6c,Italo|Daniela|Hugo,1|3|2,14.379|8.344|2.305,69,0,65
1790896576904889568,Daniela,82b44ca1d07c,0.006,2,ee3d71efe049|b95d25501d6c,Italo|Hugo,1|2,14.579|2.505,69,0,66
1790896577104784448,Daniela,82b44ca1d07c,0.206,2,ee3d71efe049|b95d25501d6c,Italo|Hugo,1|2,14.779|2.705,69,0,66
1790896577304951136,Daniela,82b44ca1d07c,0.406,2,ee3d71efe049|b95d25501d6c,Italo|Hugo,1|2,14.979|2.905,69,0,66
1790896577505570624,Daniela,82b44ca1d07c,0.606,3,ee3d71efe049|b95d25501d6c|bdd6cd6b5abb,Italo|Hugo|Cielo,1|2|4,15.180|3.106|0.086,70,0,66
1790896577704972704,Daniela,82b44ca1d07c,0.806,3,ee3d71efe049|b95d25501d6c|bdd6cd6b5abb,Italo|Hugo|Cielo,1|2|4,15.379|3.305|0.286,70,0,66
1790896577904961056,Daniela,82b44ca1d07c,1.006,3,ee3d71efe049|b95d25501d6c|bdd6cd6b5abb,Italo|Hugo|Cielo,1|2|4,15.579|3.505|0.486,70,0,66
1790896578105036992,Daniela,82b44ca1d07c,1.206,3,ee3d71efe049|b95d25501d6c|bdd6cd6b5abb,Italo|Hugo|Cielo,1|2|4,15.779|3.705|0.685,70,0,66
1790896578305310208,Daniela,82b44ca1d07c,1.406,3,ee3d71efe049|b95d25501d6c|bdd6cd6b5abb,Italo|Hugo|Cielo,1|2|4,15.979|3.905|0.886,70,0,66
1790896578504861088,Daniela,82b44ca1d07c,1.606,3,ee3d71efe049|b95d25501d6c|bdd6cd6b5abb,Italo|Hugo|Cielo,1|2|4,16.179|4.105|1.086,70,0,66
1790896578704846848,Daniela,82b44ca1d07c,1.806,3,ee3d71efe049|b95d25501d6c|bdd6cd6b5abb,Italo|Hugo|Cielo,1|2|4,16.379|4.305|1.285,70,0,66
1790896578904745696,Daniela,82b44ca1d07c,2.006,3,ee3d71efe049|b95d25501d6c|bdd6cd6b5abb,Italo|Hugo|Cielo,1|2|4,16.579|4.505|1.485,70,0,66
1790896579105184576,Daniela,82b44ca1d07c,2.206,3,ee3d71efe049|b95d25501d6c|bdd6cd6b5abb,Italo|Hugo|Cielo,1|2|4,16.779|4.705|1.686,70,0,66
1790896579304974848,Daniela,82b44ca1d07c,2.406,3,ee3d71efe049|b95d25501d6c|bdd6cd6b5abb,Italo|Hugo|Cielo,1|2|4,16.979|4.905|1.885,70,0,66
1790896579504823104,Daniela,82b44ca1d07c,2.606,3,ee3d71efe049|b95d25501d6c|bdd6cd6b5abb,Italo|Hugo|Cielo,1|2|4,17.179|5.105|2.086,70,0,66
1790896579704758176,Daniela,82b44ca1d07c,2.806,3,ee3d71efe049|b95d25501d6c|bdd6cd6b5abb,Italo|Hugo|Cielo,1|2|4,17.379|5.305|2.285,70,0,66
1790896579904762784,Daniela,82b44ca1d07c,3.006,3,ee3d71efe049|b95d25501d6c|bdd6cd6b5abb,Italo|Hugo|Cielo,1|2|4,17.579|5.505|2.485,70,0,66
1790896580104634592,Cielo,bdd6cd6b5abb,0.186,2,ee3d71efe049|b95d25501d6c,Italo|Hugo,1|2,17.779|5.705,70,0,67
1790896580304976832,Cielo,bdd6cd6b5abb,0.386,2,ee3d71efe049|b95d25501d6c,Italo|Hugo,1|2,17.979|5.905,70,0,67
1790896580504666560,Cielo,bdd6cd6b5abb,0.586,3,ee3d71efe049|b95d25501d6c|dde5a6955cf6,Italo|Hugo|Daniela,1|2|3,18.179|6.105|0.063,71,0,67
1790896580704789344,Cielo,bdd6cd6b5abb,0.786,3,ee3d71efe049|b95d25501d6c|dde5a6955cf6,Italo|Hugo|Daniela,1|2|3,18.379|6.305|0.263,71,0,67
1790896580904763680,Cielo,bdd6cd6b5abb,0.986,3,ee3d71efe049|b95d25501d6c|dde5a6955cf6,Italo|Hugo|Daniela,1|2|3,18.579|6.505|0.463,71,0,67
1790896581104604064,Cielo,bdd6cd6b5abb,1.186,3,ee3d71efe049|b95d25501d6c|dde5a6955cf6,Italo|Hugo|Daniela,1|2|3,18.779|6.705|0.663,71,0,67
1790896581305277632,Cielo,bdd6cd6b5abb,1.387,3,ee3d71efe049|b95d25501d6c|dde5a6955cf6,Italo|Hugo|Daniela,1|2|3,18.979|6.905|0.863,71,0,67
1790896581504707680,Cielo,bdd6cd6b5abb,1.586,3,ee3d71efe049|b95d25501d6c|dde5a6955cf6,Italo|Hugo|Daniela,1|2|3,19.179|7.105|1.063,71,0,67
1790896581705181568,Cielo,bdd6cd6b5abb,1.786,3,ee3d71efe049|b95d25501d6c|dde5a6955cf6,Italo|Hugo|Daniela,1|2|3,19.379|7.305|1.263,71,0,67
1790896581904865696,Cielo,bdd6cd6b5abb,1.986,3,ee3d71efe049|b95d25501d6c|dde5a6955cf6,Italo|Hugo|Daniela,1|2|3,19.579|7.505|1.463,71,0,67
1790896582104822720,Cielo,bdd6cd6b5abb,2.186,3,ee3d71efe049|b95d25501d6c|dde5a6955cf6,Italo|Hugo|Daniela,1|2|3,19.779|7.705|1.663,71,0,67
1790896582304955232,Cielo,bdd6cd6b5abb,2.386,3,ee3d71efe049|b95d25501d6c|dde5a6955cf6,Italo|Hugo|Daniela,1|2|3,19.979|7.905|1.863,71,0,67
1790896582505305312,Cielo,bdd6cd6b5abb,2.587,3,ee3d71efe049|b95d25501d6c|dde5a6955cf6,Italo|Hugo|Daniela,1|2|3,20.179|8.105|2.063,71,0,67
1790896582704854304,Cielo,bdd6cd6b5abb,2.786,3,ee3d71efe049|b95d25501d6c|dde5a6955cf6,Italo|Hugo|Daniela,1|2|3,20.379|8.305|2.263,71,0,67
1790896582904814816,Cielo,bdd6cd6b5abb,2.986,3,ee3d71efe049|b95d25501d6c|dde5a6955cf6,Italo|Hugo|Daniela,1|2|3,20.579|8.505|2.463,71,0,67
1790896583104791008,Italo,ee3d71efe049,0.168,2,b95d25501d6c|dde5a6955cf6,Hugo|Daniela,2|3,8.705|2.663,71,0,68
1790896583304856352,Italo,ee3d71efe049,0.368,2,b95d25501d6c|dde5a6955cf6,Hugo|Daniela,2|3,8.905|2.863,71,0,68
1790896583504815840,Italo,ee3d71efe049,0.568,3,b95d25501d6c|dde5a6955cf6|40162835d2f4,Hugo|Daniela|Cielo,2|3|4,9.105|3.063|0.048,72,0,68
1790896583705341504,Italo,ee3d71efe049,0.768,3,b95d25501d6c|dde5a6955cf6|40162835d2f4,Hugo|Daniela|Cielo,2|3|4,9.306|3.263|0.249,72,0,68
1790896583904859744,Italo,ee3d71efe049,0.968,3,b95d25501d6c|dde5a6955cf6|40162835d2f4,Hugo|Daniela|Cielo,2|3|4,9.505|3.463|0.448,72,0,68
1790896584104671040,Italo,ee3d71efe049,1.168,3,b95d25501d6c|dde5a6955cf6|40162835d2f4,Hugo|Daniela|Cielo,2|3|4,9.705|3.663|0.648,72,0,68
1790896584304696416,Italo,ee3d71efe049,1.368,3,b95d25501d6c|dde5a6955cf6|40162835d2f4,Hugo|Daniela|Cielo,2|3|4,9.905|3.863|0.848,72,0,68
1790896584504878784,Italo,ee3d71efe049,1.568,3,b95d25501d6c|dde5a6955cf6|40162835d2f4,Hugo|Daniela|Cielo,2|3|4,10.105|4.063|1.048,72,0,68
1790896584704866944,Italo,ee3d71efe049,1.768,3,b95d25501d6c|dde5a6955cf6|40162835d2f4,Hugo|Daniela|Cielo,2|3|4,10.305|4.263|1.248,72,0,68
1790896584905402208,Italo,ee3d71efe049,1.968,3,b95d25501d6c|dde5a6955cf6|40162835d2f4,Hugo|Daniela|Cielo,2|3|4,10.506|4.463|1.449,72,0,68
1790896585104878528,Italo,ee3d71efe049,2.168,3,b95d25501d6c|dde5a6955cf6|40162835d2f4,Hugo|Daniela|Cielo,2|3|4,10.705|4.663|1.648,72,0,68
1790896585305518016,Italo,ee3d71efe049,2.368,3,b95d25501d6c|dde5a6955cf6|40162835d2f4,Hugo|Daniela|Cielo,2|3|4,10.906|4.863|1.849,72,0,68
1790896585505383776,Italo,ee3d71efe049,2.568,3,b95d25501d6c|dde5a6955cf6|40162835d2f4,Hugo|Daniela|Cielo,2|3|4,11.106|5.063|2.049,72,0,68
1790896585705086432,Italo,ee3d71efe049,2.768,3,b95d25501d6c|dde5a6955cf6|40162835d2f4,Hugo|Daniela|Cielo,2|3|4,11.305|5.263|2.249,72,0,68
1790896585904700000,Italo,ee3d71efe049,2.968,3,b95d25501d6c|dde5a6955cf6|40162835d2f4,Hugo|Daniela|Cielo,2|3|4,11.505|5.463|2.448,72,0,68
1790896586105336928,Cielo,40162835d2f4,0.150,2,b95d25501d6c|dde5a6955cf6,Hugo|Daniela,2|3,11.706|5.663,72,0,69
1790896586304999200,Cielo,40162835d2f4,0.350,2,b95d25501d6c|dde5a6955cf6,Hugo|Daniela,2|3,11.905|5.863,72,0,69
1790896586504611456,Cielo,40162835d2f4,0.549,3,b95d25501d6c|dde5a6955cf6|797ef07e2baa,Hugo|Daniela|Italo,2|3|1,12.105|6.063|0.029,73,0,69
1790896586705334656,Cielo,40162835d2f4,0.750,3,b95d25501d6c|dde5a6955cf6|797ef07e2baa,Hugo|Daniela|Italo,2|3|1,12.306|6.263|0.229,73,0,69
1790896586904919840,Cielo,40162835d2f4,0.950,3,b95d25501d6c|dde5a6955cf6|797ef07e2baa,Hugo|Daniela|Italo,2|3|1,12.505|6.463|0.429,73,0,69
1790896587105068896,Cielo,40162835d2f4,1.150,3,b95d25501d6c|dde5a6955cf6|797ef07e2baa,Hugo|Daniela|Italo,2|3|1,12.705|6.663|0.629,73,0,69
1790896587305190464,Cielo,40162835d2f4,1.350,3,b95d25501d6c|dde5a6955cf6|797ef07e2baa,Hugo|Daniela|Italo,2|3|1,12.905|6.863|0.829,73,0,69
1790896587504765376,Cielo,40162835d2f4,1.549,3,b95d25501d6c|dde5a6955cf6|797ef07e2baa,Hugo|Daniela|Italo,2|3|1,13.105|7.063|1.029,73,0,69
1790896587705589440,Cielo,40162835d2f4,1.750,3,b95d25501d6c|dde5a6955cf6|797ef07e2baa,Hugo|Daniela|Italo,2|3|1,13.306|7.263|1.229,73,0,69
1790896587905134240,Cielo,40162835d2f4,1.950,3,b95d25501d6c|dde5a6955cf6|797ef07e2baa,Hugo|Daniela|Italo,2|3|1,13.505|7.463|1.429,73,0,69
1790896588104916896,Cielo,40162835d2f4,2.150,3,b95d25501d6c|dde5a6955cf6|797ef07e2baa,Hugo|Daniela|Italo,2|3|1,13.705|7.663|1.629,73,0,69
1790896588304564224,Cielo,40162835d2f4,2.349,3,b95d25501d6c|dde5a6955cf6|797ef07e2baa,Hugo|Daniela|Italo,2|3|1,13.905|7.863|1.829,73,0,69
1790896588505190752,Cielo,40162835d2f4,2.550,3,b95d25501d6c|dde5a6955cf6|797ef07e2baa,Hugo|Daniela|Italo,2|3|1,14.105|8.063|2.029,73,0,69
1790896588705010304,Cielo,40162835d2f4,2.750,3,b95d25501d6c|dde5a6955cf6|797ef07e2baa,Hugo|Daniela|Italo,2|3|1,14.305|8.263|2.229,73,0,69
1790896588905065440,Cielo,40162835d2f4,2.950,3,b95d25501d6c|dde5a6955cf6|797ef07e2baa,Hugo|Daniela|Italo,2|3|1,14.505|8.463|2.429,73,0,69
1790896589104560480,Daniela,dde5a6955cf6,0.132,2,b95d25501d6c|797ef07e2baa,Hugo|Italo,2|1,14.705|2.629,73,0,70
1790896589304640224,Daniela,dde5a6955cf6,0.332,2,b95d25501d6c|797ef07e2baa,Hugo|Italo,2|1,14.905|2.829,73,0,70
1790896589504267104,Daniela,dde5a6955cf6,0.532,2,b95d25501d6c|797ef07e2baa,Hugo|Italo,2|1,15.105|3.028,73,0,70
1790896589704965888,Daniela,dde5a6955cf6,0.732,2,b95d25501d6c|797ef07e2baa,Hugo|Italo,2|1,15.305|3.229,73,0,70
1790896589904585696,Daniela,dde5a6955cf6,0.932,2,b95d25501d6c|797ef07e2baa,Hugo|Italo,2|1,15.505|3.429,73,0,70
1790896590104421216,Daniela,dde5a6955cf6,1.132,2,b95d25501d6c|797ef07e2baa,Hugo|Italo,2|1,15.705|3.629,73,0,70
1790896590304580000,Daniela,dde5a6955cf6,1.332,2,b95d25501d6c|797ef07e2baa,Hugo|Italo,2|1,15.905|3.829,73,0,70
1790896590504607808,Daniela,dde5a6955cf6,1.532,2,b95d25501d6c|797ef07e2baa,Hugo|Italo,2|1,16.105|4.029,73,0,70
1790896590704697760,Daniela,dde5a6955cf6,1.732,2,b95d25501d6c|797ef07e2baa,Hugo|Italo,2|1,16.305|4.229,73,0,70
1790896590905306912,Daniela,dde5a6955cf6,1.933,2,b95d25501d6c|797ef07e2baa,Hugo|Italo,2|1,16.506|4.429,73,0,70
1790896591104623392,Daniela,dde5a6955cf6,2.132,2,b95d25501d6c|797ef07e2baa,Hugo|Italo,2|1,16.705|4.629,73,0,70
1790896591305261376,Daniela,dde5a6955cf6,2.332,2,b95d25501d6c|797ef07e2baa,Hugo|Italo,2|1,16.905|4.829,73,0,70
1790896591504871264,Daniela,dde5a6955cf6,2.532,2,b95d25501d6c|797ef07e2baa,Hugo|Italo,2|1,17.105|5.029,73,0,70
1790896591704641664,Daniela,dde5a6955cf6,2.732,2,b95d25501d6c|797ef07e2baa,Hugo|Italo,2|1,17.305|5.229,73,0,70
1790896591904624448,Daniela,dde5a6955cf6,2.932,2,b95d25501d6c|797ef07e2baa,Hugo|Italo,2|1,17.505|5.429,73,0,70
1790896592104629696,Hugo,b95d25501d6c,0.116,1,797ef07e2baa,Italo,1,5.629,73,0,71
1790896592304583520,Hugo,b95d25501d6c,0.316,1,797ef07e2baa,Italo,1,5.829,73,0,71
1790896592504709792,Hugo,b95d25501d6c,0.515,1,797ef07e2baa,Italo,1,6.028,73,0,71
1790896592704790816,Hugo,b95d25501d6c,0.716,1,797ef07e2baa,Italo,1,6.229,73,0,71
1790896592904395776,Hugo,b95d25501d6c,0.916,1,797ef07e2baa,Italo,1,6.429,73,0,71
1790896593104463552,Hugo,b95d25501d6c,1.116,1,797ef07e2baa,Italo,1,6.629,73,0,71
1790896593304730912,Hugo,b95d25501d6c,1.316,1,797ef07e2baa,Italo,1,6.829,73,0,71
1790896593504597440,Hugo,b95d25501d6c,1.516,1,797ef07e2baa,Italo,1,7.029,73,0,71
1790896593704487552,Hugo,b95d25501d6c,1.716,1,797ef07e2baa,Italo,1,7.229,73,0,71
1790896593904541856,Hugo,b95d25501d6c,1.916,1,797ef07e2baa,Italo,1,7.429,73,0,71
1790896594104538208,Hugo,b95d25501d6c,2.116,1,797ef07e2baa,Italo,1,7.629,73,0,71
1790896594305078208,Hugo,b95d25501d6c,2.316,1,797ef07e2baa,Italo,1,7.829,73,0,71
1790896594504541536,Hugo,b95d25501d6c,2.516,1,797ef07e2baa,Italo,1,8.029,73,0,71
1790896594704708320,Hugo,b95d25501d6c,2.716,1,797ef07e2baa,Italo,1,8.229,73,0,71
1790896594904583712,Hugo,b95d25501d6c,2.916,1,797ef07e2baa,Italo,1,8.429,73,0,71
1790896595104505984,Italo,797ef07e2baa,0.099,0,,,,,73,0,72
1790896595304756928,Italo,797ef07e2baa,0.299,0,,,,,73,0,72
1790896595505022976,Italo,797ef07e2baa,0.499,0,,,,,73,0,72
1790896595704961856,Italo,797ef07e2baa,0.699,0,,,,,73,0,72
1790896595904841024,Italo,797ef07e2baa,0.899,0,,,,,73,0,72
1790896596104773120,Italo,797ef07e2baa,1.099,0,,,,,73,0,72
1790896596304552288,Italo,797ef07e2baa,1.299,0,,,,,73,0,72
1790896596504658176,Italo,797ef07e2baa,1.499,0,,,,,73,0,72
1790896596705133920,Italo,797ef07e2baa,1.699,0,,,,,73,0,72
1790896596904566176,Italo,797ef07e2baa,1.899,0,,,,,73,0,72
1790896597104479552,Italo,797ef07e2baa,2.099,0,,,,,73,0,72
1790896597304672416,Italo,797ef07e2baa,2.299,0,,,,,73,0,72
1790896597504604864,Italo,797ef07e2baa,2.499,0,,,,,73,0,72
1790896597704517952,Italo,797ef07e2baa,2.699,0,,,,,73,0,72
1790896597905306720,Italo,797ef07e2baa,2.899,0,,,,,73,0,72
1790896598104649952,,,0.000,0,,,,,73,0,73
1790896598304588416,,,0.000,0,,,,,73,0,73
1790896598504500768,,,0.000,0,,,,,73,0,73
1790896598704524544,,,0.000,0,,,,,73,0,73
1790896598904537792,,,0.000,0,,,,,73,0,73
1790896599105030016,,,0.000,0,,,,,73,0,73
1790896599304593408,,,0.000,0,,,,,73,0,73
1790896599504576512,,,0.000,0,,,,,73,0,73
1790896599704432480,,,0.000,0,,,,,73,0,73
1790896599904403648,,,0.000,0,,,,,73,0,73
1790896600104277824,,,0.000,0,,,,,73,0,73
1790896600305018016,,,0.000,0,,,,,73,0,73
1790896600504617888,,,0.000,0,,,,,73,0,73
1790896600704826528,,,0.000,0,,,,,73,0,73
1790896600904412576,,,0.000,0,,,,,73,0,73
1790896601105084736,,,0.000,0,,,,,73,0,73
1790896601304471168,,,0.000,0,,,,,73,0,73
1790896601505053632,,,0.000,0,,,,,73,0,73
1790896601704504768,,,0.000,0,,,,,73,0,73
1790896601904443904,,,0.000,0,,,,,73,0,73
1790896602104489728,,,0.000,0,,,,,73,0,73
1790896602304463200,,,0.000,0,,,,,73,0,73
1790896602504457280,,,0.000,0,,,,,73,0,73
1790896602704976192,,,0.000,0,,,,,73,0,73
1790896602904600032,,,0.000,0,,,,,73,0,73
1790896603104467296,,,0.000,0,,,,,73,0,73
1790896603304461408,,,0.000,0,,,,,73,0,73
1790896603504510816,,,0.000,0,,,,,73,0,73
1790896603704728352,,,0.000,0,,,,,73,0,73
1790896603905004864,,,0.000,0,,,,,73,0,73
1790896604104632736,,,0.000,0,,,,,73,0,73
1790896604305116128,,,0.000,0,,,,,73,0,73
1790896604504482400,,,0.000,0,,,,,73,0,73
1790896604704499040,,,0.000,0,,,,,73,0,73
1790896604904629792,,,0.000,0,,,,,73,0,73
1790896605104930272,,,0.000,0,,,,,73,0,73
1790896605304511968,,,0.000,0,,,,,73,0,73
1790896605504477920,,,0.000,0,,,,,73,0,73
1790896605704467904,,,0.000,0,,,,,73,0,73
1790896605904732832,,,0.000,0,,,,,73,0,73
1790896606105164416,,,0.000,0,,,,,73,0,73
1790896606304622720,,,0.000,0,,,,,73,0,73
1790896606504605728,,,0.000,0,,,,,73,0,73
1790896606704706656,,,0.000,0,,,,,73,0,73
1790896606904521248,,,0.000,0,,,,,73,0,73
1790896607104507712,,,0.000,0,,,,,73,0,73
1790896607305113536,,,0.000,0,,,,,73,0,73
1790896607504530784,,,0.000,0,,,,,73,0,73
1790896607704969888,,,0.000,0,,,,,73,0,73
1790896607904527104,,,0.000,0,,,,,73,0,73
1790896608104749472,,,0.000,0,,,,,73,0,73
1790896608304882336,,,0.000,0,,,,,73,0,73
1790896608505019808,,,0.000,0,,,,,73,0,73
1790896608704630816,,,0.000,0,,,,,73,0,73
1790896608904411488,,,0.000,0,,,,,73,0,73
1790896609104434400,,,0.000,0,,,,,73,0,73
1790896609304529056,,,0.000,0,,,,,73,0,73
1790896609505030496,,,0.000,0,,,,,73,0,73
1790896609705090784,,,0.000,0,,,,,73,0,73
1790896609904826976,,,0.000,0,,,,,73,0,73
1790896610104785280,,,0.000,0,,,,,73,0,73
1790896610304644320,,,0.000,0,,,,,73,0,73
1790896610504511872,,,0.000,0,,,,,73,0,73
1790896610704734912,,,0.000,0,,,,,73,0,73
1790896610905254496,,,0.000,0,,,,,73,0,73
1790896611104543968,,,0.000,0,,,,,73,0,73
1790896611304615936,,,0.000,0,,,,,73,0,73
1790896611504520832,,,0.000,0,,,,,73,0,73
1790896611704555904,,,0.000,0,,,,,73,0,73
1790896611904458656,,,0.000,0,,,,,73,0,73
1790896612105023264,,,0.000,0,,,,,73,0,73
1790896612304514336,,,0.000,0,,,,,73,0,73
1790896612504568736,,,0.000,0,,,,,73,0,73
1790896612704455072,,,0.000,0,,,,,73,0,73
1790896612904367712,,,0.000,0,,,,,73,0,73
1790896613104298592,,,0.000,0,,,,,73,0,73
1790896613305357568,,,0.000,0,,,,,73,0,73
1790896613504561824,,,0.000,0,,,,,73,0,73
1790896613704472896,,,0.000,0,,,,,73,0,73
1790896613904472704,,,0.000,0,,,,,73,0,73
1790896614105083808,,,0.000,0,,,,,73,0,73
1790896614304343168,,,0.000,0,,,,,73,0,73
1790896614505187264,,,0.000,0,,,,,73,0,73
1790896614704578016,,,0.000,0,,,,,73,0,73
1790896614904680384,,,0.000,0,,,,,73,0,73
1790896615104439360,,,0.000,0,,,,,73,0,73
1790896615304446784,,,0.000,0,,,,,73,0,73
1790896615504599392,,,0.000,0,,,,,73,0,73
1790896615705075552,,,0.000,0,,,,,73,0,73
1790896615904428832,,,0.000,0,,,,,73,0,73
1790896616104377824,,,0.000,0,,,,,73,0,73
1790896616304417184,,,0.000,0,,,,,73,0,73
1790896616504355104,,,0.000,0,,,,,73,0,73
1790896616704974208,,,0.000,0,,,,,73,0,73
1790896616904859008,,,0.000,0,,,,,73,0,73
1790896617104748480,,,0.000,0,,,,,73,0,73
1790896617305155104,,,0.000,0,,,,,73,0,73
1790896617504535328,,,0.000,0,,,,,73,0,73
1790896617704443072,,,0.000,0,,,,,73,0,73
1790896617904425664,,,0.000,0,,,,,73,0,73
1790896618104800768,,,0.000,0,,,,,73,0,73
1790896618304468000,,,0.000,0,,,,,73,0,73
1790896618504525920,,,0.000,0,,,,,73,0,73
1790896618704520160,,,0.000,0,,,,,73,0,73
1790896618904485632,,,0.000,0,,,,,73,0,73
1790896619105152000,,,0.000,0,,,,,73,0,73
1790896619304590880,,,0.000,0,,,,,73,0,73
1790896619504516928,,,0.000,0,,,,,73,0,73
1790896619704591488,,,0.000,0,,,,,73,0,73
1790896619904462496,,,0.000,0,,,,,73,0,73
1790896620104904992,,,0.000,0,,,,,73,0,73
1790896620305067744,,,0.000,0,,,,,73,0,73
1790896620504472832,,,0.000,0,,,,,73,0,73
1790896620704985536,,,0.000,0,,,,,73,0,73
1790896620904524608,,,0.000,0,,,,,73,0,73
1790896621104416288,,,0.000,0,,,,,73,0,73
1790896621304897184,,,0.000,0,,,,,73,0,73
1790896621505030336,,,0.000,0,,,,,73,0,73
1790896621705020064,,,0.000,0,,,,,73,0,73
1790896621904492800,,,0.000,0,,,,,73,0,73
1790896622104440736,,,0.000,0,,,,,73,0,73
1790896622304446720,,,0.000,0,,,,,73,0,73
1790896622504624192,,,0.000,0,,,,,73,0,73
1790896622705030144,,,0.000,0,,,,,73,0,73
1790896622904475296,,,0.000,0,,,,,73,0,73
1790896623104453344,,,0.000,0,,,,,73,0,73
1790896623304602528,,,0.000,0,,,,,73,0,73
1790896623504551200,,,0.000,0,,,,,73,0,73
1790896623704324000,,,0.000,0,,,,,73,0,73
1790896623905382304,,,0.000,0,,,,,73,0,73
1790896624104873344,,,0.000,0,,,,,73,0,73
1790896624304541088,,,0.000,0,,,,,73,0,73
1790896624504520832,,,0.000,0,,,,,73,0,73
1790896624704942112,,,0.000,0,,,,,73,0,73
1790896624904324896,,,0.000,0,,,,,73,0,73
1790896625105275328,,,0.000,0,,,,,73,0,73
1790896625304599456,,,0.000,0,,,,,73,0,73
1790896625504466464,,,0.000,0,,,,,73,0,73
1790896625704438176,,,0.000,0,,,,,73,0,73
1790896625904832864,,,0.000,0,,,,,73,0,73
1790896626104632352,,,0.000,0,,,,,73,0,73
1790896626304989472,,,0.000,0,,,,,73,0,73
1790896626504465536,,,0.000,0,,,,,73,0,73
1790896626704441536,,,0.000,0,,,,,73,0,73
1790896626904352416,,,0.000,0,,,,,73,0,73
1790896627105143648,,,0.000,0,,,,,73,0,73
1790896627304586272,,,0.000,0,,,,,73,0,73
1790896627505049088,,,0.000,0,,,,,73,0,73
1790896627704498880,,,0.000,0,,,,,73,0,73
1790896627904787808,,,0.000,0,,,,,73,0,73
1790896628104477312,,,0.000,0,,,,,73,0,73
1790896628304537344,,,0.000,0,,,,,73,0,73
1790896628504460544,,,0.000,0,,,,,73,0,73
1790896628704863552,,,0.000,0,,,,,73,0,73
1790896628904466688,,,0.000,0,,,,,73,0,73
1790896629104439488,,,0.000,0,,,,,73,0,73
1790896629304391744,,,0.000,0,,,,,73,0,73
1790896629504461248,,,0.000,0,,,,,73,0,73
1790896629705078976,,,0.000,0,,,,,73,0,73
1790896629904514880,,,0.000,0,,,,,73,0,73
1790896630104439424,,,0.000,0,,,,,73,0,73
1790896630305136032,,,0.000,0,,,,,73,0,73
1790896630505032512,,,0.000,0,,,,,73,0,73
1790896630705120256,,,0.000,0,,,,,73,0,73
1790896630905123392,,,0.000,0,,,,,73,0,73
1790896631104602496,,,0.000,0,,,,,73,0,73
1790896631304751584,,,0.000,0,,,,,73,0,73
1790896631504683360,,,0.000,0,,,,,73,0,73
1790896631704745632,,,0.000,0,,,,,73,0,73
1790896631905123872,,,0.000,0,,,,,73,0,73
1790896632105072800,,,0.000,0,,,,,73,0,73
1790896632304562976,,,0.000,0,,,,,73,0,73
1790896632504609248,,,0.000,0,,,,,73,0,73
1790896632704588640,,,0.000,0,,,,,73,0,73
1790896632904512352,,,0.000,0,,,,,73,0,73
1790896633104789056,,,0.000,0,,,,,73,0,73
1790896633305071744,,,0.000,0,,,,,73,0,73
1790896633504489888,,,0.000,0,,,,,73,0,73
1790896633705285312,,,0.000,0,,,,,73,0,73
1790896633904915168,,,0.000,0,,,,,73,0,73
1790896634104539584,,,0.000,0,,,,,73,0,73
1790896634304465056,,,0.000,0,,,,,73,0,73
1790896634504990720,,,0.000,0,,,,,73,0,73
1790896634704559584,,,0.000,0,,,,,73,0,73
1790896634904510336,,,0.000,0,,,,,73,0,73
1790896635104403008,,,0.000,0,,,,,73,0,73
1790896635304603328,,,0.000,0,,,,,73,0,73
1790896635504743872,,,0.000,0,,,,,73,0,73
1790896635704999264,,,0.000,0,,,,,73,0,73
1790896635904467392,,,0.000,0,,,,,73,0,73
1790896636104364960,,,0.000,0,,,,,73,0,73
1790896636304398176,,,0.000,0,,,,,73,0,73
1790896636504329408,,,0.000,0,,,,,73,0,73
1790896636704159840,,,0.000,0,,,,,73,0,73
1790896636905211584,,,0.000,0,,,,,73,0,73
1790896637104566784,,,0.000,0,,,,,73,0,73
1790896637304508032,,,0.000,0,,,,,73,0,73
1790896637504522368,,,0.000,0,,,,,73,0,73
1790896637704443904,,,0.000,0,,,,,73,0,73
1790896637904673792,,,0.000,0,,,,,73,0,73
1790896638104912416,,,0.000,0,,,,,73,0,73
1790896638304613312,,,0.000,0,,,,,73,0,73
1790896638504498176,,,0.000,0,,,,,73,0,73
1790896638704480352,,,0.000,0,,,,,73,0,73
1790896638904416352,,,0.000,0,,,,,73,0,73
1790896639104494592,,,0.000,0,,,,,73,0,73
1790896639304875648,,,0.000,0,,,,,73,0,73
1790896639504627168,,,0.000,0,,,,,73,0,73
1790896639704479712,,,0.000,0,,,,,73,0,73
1790896639904387584,,,0.000,0,,,,,73,0,73
1790896640105039968,,,0.000,0,,,,,73,0,73
1790896640305082080,,,0.000,0,,,,,73,0,73
1790896640504555616,,,0.000,0,,,,,73,0,73
1790896640704490464,,,0.000,0,,,,,73,0,73
1790896640904410944,,,0.000,0,,,,,73,0,73
1790896641104345440,,,0.000,0,,,,,73,0,73
1790896641304465664,,,0.000,0,,,,,73,0,73
1790896641505039872,,,0.000,0,,,,,73,0,73
1790896641704460192,,,0.000,0,,,,,73,0,73
1790896641904410464,,,0.000,0,,,,,73,0,73
1790896642104766592,,,0.000,0,,,,,73,0,73
1790896642304360256,,,0.000,0,,,,,73,0,73
1790896642504842080,,,0.000,0,,,,,73,0,73
1790896642705166848,,,0.000,0,,,,,73,0,73
1790896642904769024,,,0.000,0,,,,,73,0,73
1790896643104502624,,,0.000,0,,,,,73,0,73
1790896643305122592,,,0.000,0,,,,,73,0,73
1790896643504641056,,,0.000,0,,,,,73,0,73
1790896643704813728,,,0.000,0,,,,,73,0,73
1790896643905055808,,,0.000,0,,,,,73,0,73
1790896644104593856,,,0.000,0,,,,,73,0,73
1790896644304530304,,,0.000,0,,,,,73,0,73
1790896644504468448,,,0.000,0,,,,,73,0,73
1790896644704482784,,,0.000,0,,,,,73,0,73
1790896644904667168,,,0.000,0,,,,,73,0,73
1790896645104985248,,,0.000,0,,,,,73,0,73
1790896645304504544,,,0.000,0,,,,,73,0,73
1790896645504507552,,,0.000,0,,,,,73,0,73
1790896645704525536,,,0.000,0,,,,,73,0,73
1790896645904304576,,,0.000,0,,,,,73,0,73
1790896646104350944,,,0.000,0,,,,,73,0,73
1790896646305013280,,,0.000,0,,,,,73,0,73
1790896646504517152,,,0.000,0,,,,,73,0,73
1790896646704925312,,,0.000,0,,,,,73,0,73
1790896646904651680,,,0.000,0,,,,,73,0,73
1790896647104797312,,,0.000,0,,,,,73,0,73
1790896647304340224,,,0.000,0,,,,,73,0,73
1790896647505000128,,,0.000,0,,,,,73,0,73
1790896647704526176,,,0.000,0,,,,,73,0,73
1790896647904468480,,,0.000,0,,,,,73,0,73
1790896648104386976,,,0.000,0,,,,,73,0,73
1790896648304362944,,,0.000,0,,,,,73,0,73
1790896648504107040,,,0.000,0,,,,,73,0,73
1790896648705009504,,,0.000,0,,,,,73,0,73
1790896648904417216,,,0.000,0,,,,,73,0,73
1790896649104715232,,,0.000,0,,,,,73,0,73
1790896649304427552,,,0.000,0,,,,,73,0,73
1790896649504383712,,,0.000,0,,,,,73,0,73
1790896649705032000,,,0.000,0,,,,,73,0,73
1790896649905502880,,,0.000,0,,,,,73,0,73
1790896650104617312,,,0.000,0,,,,,73,0,73
1790896650304497184,,,0.000,0,,,,,73,0,73
1790896650504784928,,,0.000,0,,,,,73,0,73
1790896650704672704,,,0.000,0,,,,,73,0,73
1790896650904796768,,,0.000,0,,,,,73,0,73
1790896651104761920,,,0.000,0,,,,,73,0,73
1790896651304580000,,,0.000,0,,,,,73,0,73
1790896651504508352,,,0.000,0,,,,,73,0,73
1790896651704491264,,,0.000,0,,,,,73,0,73
1790896651904458144,,,0.000,0,,,,,73,0,73
1790896652104997152,,,0.000,0,,,,,73,0,73
1790896652304738368,,,0.000,0,,,,,73,0,73
1790896652505113536,,,0.000,0,,,,,73,0,73
1790896652704502368,,,0.000,0,,,,,73,0,73
1790896652904515680,,,0.000,0,,,,,73,0,73
1790896653105254976,,,0.000,0,,,,,73,0,73
1790896653304967296,,,0.000,0,,,,,73,0,73
1790896653504664480,,,0.000,0,,,,,73,0,73
1790896653704573120,,,0.000,0,,,,,73,0,73
1790896653904474592,,,0.000,0,,,,,73,0,73
1790896654104499968,,,0.000,0,,,,,73,0,73
1790896654304910240,,,0.000,0,,,,,73,0,73
1790896654505255392,,,0.000,0,,,,,73,0,73
1790896654704681120,,,0.000,0,,,,,73,0,73
1790896654904550752,,,0.000,0,,,,,73,0,73
1790896655104672704,,,0.000,0,,,,,73,0,73
1790896655304932128,,,0.000,0,,,,,73,0,73
1790896655504786496,,,0.000,0,,,,,73,0,73
1790896655705137504,,,0.000,0,,,,,73,0,73
1790896655904737312,,,0.000,0,,,,,73,0,73
1790896656104689344,,,0.000,0,,,,,73,0,73
1790896656305243360,,,0.000,0,,,,,73,0,73
1790896656505114336,,,0.000,0,,,,,73,0,73
1790896656704612160,,,0.000,0,,,,,73,0,73
1790896656905084096,,,0.000,0,,,,,73,0,73
1790896657104607808,,,0.000,0,,,,,73,0,73
1790896657304502144,,,0.000,0,,,,,73,0,73
1790896657504728416,,,0.000,0,,,,,73,0,73
1790896657704516448,,,0.000,0,,,,,73,0,73
1790896657904862528,,,0.000,0,,,,,73,0,73
1790896658105359968,,,0.000,0,,,,,73,0,73
1790896658304801184,,,0.000,0,,,,,73,0,73
1790896658504726752,,,0.000,0,,,,,73,0,73
1790896658704544928,,,0.000,0,,,,,73,0,73
1790896658905050528,,,0.000,0,,,,,73,0,73
1790896659104592640,,,0.000,0,,,,,73,0,73
1790896659305289216,,,0.000,0,,,,,73,0,73
1790896659504776160,,,0.000,0,,,,,73,0,73
1790896659705247488,,,0.000,0,,,,,73,0,73
1790896659904607456,,,0.000,0,,,,,73,0,73
1790896660104493216,,,0.000,0,,,,,73,0,73
1790896660304607456,,,0.000,0,,,,,73,0,73
1790896660504999680,,,0.000,0,,,,,73,0,73
1790896660704767136,,,0.000,0,,,,,73,0,73
1790896660904539360,,,0.000,0,,,,,73,0,73
1790896661104454720,,,0.000,0,,,,,73,0,73
1790896661304490816,,,0.000,0,,,,,73,0,73
1790896661504716640,,,0.000,0,,,,,73,0,73
1790896661704954464,,,0.000,0,,,,,73,0,73
1790896661904571680,,,0.000,0,,,,,73,0,73
1790896662104811968,,,0.000,0,,,,,73,0,73
1790896662304488800,,,0.000,0,,,,,73,0,73
1790896662504549408,,,0.000,0,,,,,73,0,73
1790896662705054016,,,0.000,0,,,,,73,0,73
1790896662905000896,,,0.000,0,,,,,73,0,73
1790896663104764928,,,0.000,0,,,,,73,0,73
1790896663304666400,,,0.000,0,,,,,73,0,73
1790896663504722592,,,0.000,0,,,,,73,0,73
1790896663704752960,,,0.000,0,,,,,73,0,73
1790896663905294240,,,0.000,0,,,,,73,0,73
1790896664104781248,,,0.000,0,,,,,73,0,73
1790896664304745696,,,0.000,0,,,,,73,0,73
1790896664504551456,,,0.000,0,,,,,73,0,73
1790896664704694656,,,0.000,0,,,,,73,0,73
1790896664904672160,,,0.000,0,,,,,73,0,73
1790896665105181312,,,0.000,0,,,,,73,0,73
1790896665304710496,,,0.000,0,,,,,73,0,73
1790896665504851680,,,0.000,0,,,,,73,0,73
1790896665704719232,,,0.000,0,,,,,73,0,73
1790896665905532352,,,0.000,0,,,,,73,0,73
1790896666104898176,,,0.000,0,,,,,73,0,73
1790896666305176800,,,0.000,0,,,,,73,0,73
1790896666504849984,,,0.000,0,,,,,73,0,73
1790896666704680640,,,0.000,0,,,,,73,0,73
1790896666904723424,,,0.000,0,,,,,73,0,73
1790896667104484032,,,0.000,0,,,,,73,0,73
1790896667304675072,,,0.000,0,,,,,73,0,73
1790896667504938208,,,0.000,0,,,,,73,0,73
1790896667704843616,,,0.000,0,,,,,73,0,73
1790896667904803840,,,0.000,0,,,,,73,0,73
1790896668104781792,,,0.000,0,,,,,73,0,73
1790896668304988320,,,0.000,0,,,,,73,0,73
1790896668504595840,,,0.000,0,,,,,73,0,73
1790896668705152544,,,0.000,0,,,,,73,0,73
1790896668904835232,,,0.000,0,,,,,73,0,73
1790896669105266656,,,0.000,0,,,,,73,0,73
1790896669304576640,,,0.000,0,,,,,73,0,73
1790896669504956640,,,0.000,0,,,,,73,0,73
1790896669704705184,,,0.000,0,,,,,73,0,73
1790896669905427840,,,0.000,0,,,,,73,0,73
1790896670104635040,,,0.000,0,,,,,73,0,73
1790896670305040736,,,0.000,0,,,,,73,0,73
1790896670504788512,,,0.000,0,,,,,73,0,73
1790896670704845952,,,0.000,0,,,,,73,0,73
1790896670904644480,,,0.000,0,,,,,73,0,73
1790896671105480416,,,0.000,0,,,,,73,0,73
1790896671305035488,,,0.000,0,,,,,73,0,73
1790896671504846432,,,0.000,0,,,,,73,0,73
1790896671704803776,,,0.000,0,,,,,73,0,73
1790896671905085056,,,0.000,0,,,,,73,0,73
1790896672104807040,,,0.000,0,,,,,73,0,73
1790896672305451456,,,0.000,0,,,,,73,0,73
1790896672505035104,,,0.000,0,,,,,73,0,73
1790896672704970784,,,0.000,0,,,,,73,0,73
1790896672904779424,,,0.000,0,,,,,73,0,73
1790896673104948896,,,0.000,0,,,,,73,0,73
1790896673304745312,,,0.000,0,,,,,73,0,73
1790896673505156992,,,0.000,0,,,,,73,0,73
1790896673704719936,,,0.000,0,,,,,73,0,73
1790896673904507552,,,0.000,0,,,,,73,0,73
1790896674104708928,,,0.000,0,,,,,73,0,73
1790896674304729088,,,0.000,0,,,,,73,0,73
1790896674504538176,,,0.000,0,,,,,73,0,73
1790896674705385440,,,0.000,0,,,,,73,0,73
1790896674904699328,,,0.000,0,,,,,73,0,73
1790896675104706880,,,0.000,0,,,,,73,0,73
1790896675305244032,,,0.000,0,,,,,73,0,73
1790896675504750432,,,0.000,0,,,,,73,0,73
1790896675705238880,,,0.000,0,,,,,73,0,73
1790896675905117728,,,0.000,0,,,,,73,0,73
1790896676104877120,,,0.000,0,,,,,73,0,73
1790896676304725760,,,0.000,0,,,,,73,0,73
1790896676504601408,,,0.000,0,,,,,73,0,73
1790896676704860448,,,0.000,0,,,,,73,0,73
1790896676905201376,,,0.000,0,,,,,73,0,73
1790896677105125472,,,0.000,0,,,,,73,0,73
1790896677304568640,,,0.000,0,,,,,73,0,73
1790896677504489632,,,0.000,0,,,,,73,0,73
1790896677704467456,,,0.000,0,,,,,73,0,73
1790896677904702496,,,0.000,0,,,,,73,0,73
1790896678105104992,,,0.000,0,,,,,73,0,73
1790896678304650496,,,0.000,0,,,,,73,0,73
1790896678504523936,,,0.000,0,,,,,73,0,73
1790896678705205440,,,0.000,0,,,,,73,0,73
1790896678904653280,,,0.000,0,,,,,73,0,73
1790896679104965312,,,0.000,0,,,,,73,0,73
1790896679305308224,,,0.000,0,,,,,73,0,73
1790896679504492896,,,0.000,0,,,,,73,0,73
1790896679704618496,,,0.000,0,,,,,73,0,73
1790896679904575520,,,0.000,0,,,,,73,0,73
1790896680104687392,,,0.000,0,,,,,73,0,73
1790896680304599328,,,0.000,0,,,,,73,0,73
1790896680505062432,,,0.000,0,,,,,73,0,73
1790896680704434944,,,0.000,0,,,,,73,0,73
1790896680904636192,,,0.000,0,,,,,73,0,73
1790896681104449984,,,0.000,0,,,,,73,0,73
1790896681304709920,,,0.000,0,,,,,73,0,73
1790896681504476896,,,0.000,0,,,,,73,0,73
1790896681705425120,,,0.000,0,,,,,73,0,73
1790896681904807456,,,0.000,0,,,,,73,0,73
1790896682104761664,,,0.000,0,,,,,73,0,73
1790896682304481248,,,0.000,0,,,,,73,0,73
1790896682504389888,,,0.000,0,,,,,73,0,73
1790896682704324096,,,0.000,0,,,,,73,0,73
1790896682905071680,,,0.000,0,,,,,73,0,73
1790896683104431456,,,0.000,0,,,,,73,0,73
1790896683304703200,,,0.000,0,,,,,73,0,73
1790896683504659040,,,0.000,0,,,,,73,0,73
1790896683704690784,,,0.000,0,,,,,73,0,73
1790896683904611872,,,0.000,0,,,,,73,0,73
1790896684105212672,,,0.000,0,,,,,73,0,73
1790896684304949504,,,0.000,0,,,,,73,0,73
1790896684505110912,,,0.000,0,,,,,73,0,73
1790896684705007840,,,0.000,0,,,,,73,0,73
1790896684905537056,,,0.000,0,,,,,73,0,73
1790896685104714400,,,0.000,0,,,,,73,0,73
1790896685305264032,,,0.000,0,,,,,73,0,73
1790896685504753536,,,0.000,0,,,,,73,0,73
1790896685704693056,,,0.000,0,,,,,73,0,73
1790896685904649728,,,0.000,0,,,,,73,0,73
1790896686104625760,,,0.000,0,,,,,73,0,73
1790896686304687008,,,0.000,0,,,,,73,0,73
1790896686504923488,,,0.000,0,,,,,73,0,73
1790896686704450752,,,0.000,0,,,,,73,0,73
1790896686904344544,,,0.000,0,,,,,73,0,73
1790896687104371456,,,0.000,0,,,,,73,0,73
1790896687304589472,,,0.000,0,,,,,73,0,73
1790896687505235232,,,0.000,0,,,,,73,0,73
1790896687704764480,,,0.000,0,,,,,73,0,73
1790896687904659424,,,0.000,0,,,,,73,0,73
1790896688105199104,,,0.000,0,,,,,73,0,73
1790896688304594528,,,0.000,0,,,,,73,0,73
1790896688504765728,,,0.000,0,,,,,73,0,73
1790896688705152576,,,0.000,0,,,,,73,0,73
1790896688904620736,,,0.000,0,,,,,73,0,73
1790896689104621312,,,0.000,0,,,,,73,0,73
1790896689304390656,,,0.000,0,,,,,73,0,73
1790896689504416192,,,0.000,0,,,,,73,0,73
1790896689704700160,,,0.000,0,,,,,73,0,73
1790896689905070080,,,0.000,0,,,,,73,0,73
1790896690104497600,,,0.000,0,,,,,73,0,73
1790896690304614112,,,0.000,0,,,,,73,0,73
1790896690504967008,,,0.000,0,,,,,73,0,73
1790896690705019040,,,0.000,0,,,,,73,0,73
1790896690904721792,,,0.000,0,,,,,73,0,73
1790896691105068128,,,0.000,0,,,,,73,0,73
1790896691305181984,,,0.000,0,,,,,73,0,73
1790896691504583808,,,0.000,0,,,,,73,0,73
1790896691704618272,,,0.000,0,,,,,73,0,73
1790896691904560352,,,0.000,0,,,,,73,0,73
1790896692104954112,,,0.000,0,,,,,73,0,73
1790896692305130624,,,0.000,0,,,,,73,0,73
1790896692504649344,,,0.000,0,,,,,73,0,73
1790896692704746976,,,0.000,0,,,,,73,0,73
1790896692904665856,,,0.000,0,,,,,73,0,73
1790896693104902080,,,0.000,0,,,,,73,0,73
1790896693304704384,,,0.000,0,,,,,73,0,73
1790896693505343712,,,0.000,0,,,,,73,0,73
1790896693704800128,,,0.000,0,,,,,73,0,73
1790896693904472384,,,0.000,0,,,,,73,0,73
1790896694104696640,,,0.000,0,,,,,73,0,73
1790896694304685088,,,0.000,0,,,,,73,0,73
1790896694504742336,,,0.000,0,,,,,73,0,73
1790896694705313568,,,0.000,0,,,,,73,0,73
1790896694904699072,,,0.000,0,,,,,73,0,73
1790896695104569088,,,0.000,0,,,,,73,0,73
1790896695304810816,,,0.000,0,,,,,73,0,73
1790896695504432704,,,0.000,0,,,,,73,0,73
1790896695704451968,,,0.000,0,,,,,73,0,73
1790896695905100192,,,0.000,0,,,,,73,0,73
1790896696104697920,,,0.000,0,,,,,73,0,73
1790896696304725024,,,0.000,0,,,,,73,0,73
1790896696504720128,,,0.000,0,,,,,73,0,73
1790896696704709152,,,0.000,0,,,,,73,0,73
1790896696904733984,,,0.000,0,,,,,73,0,73
1790896697105102080,,,0.000,0,,,,,73,0,73
1790896697304652736,,,0.000,0,,,,,73,0,73
1790896697504536512,,,0.000,0,,,,,73,0,73
1790896697704404896,,,0.000,0,,,,,73,0,73
1790896697905135456,,,0.000,0,,,,,73,0,73
1790896698104926752,,,0.000,0,,,,,73,0,73
1790896698305180000,,,0.000,0,,,,,73,0,73
1790896698504927744,,,0.000,0,,,,,73,0,73
1790896698704647104,,,0.000,0,,,,,73,0,73
1790896698904772032,,,0.000,0,,,,,73,0,73
1790896699104562976,,,0.000,0,,,,,73,0,73
1790896699304694336,,,0.000,0,,,,,73,0,73
1790896699504611744,,,0.000,0,,,,,73,0,73
1790896699704764128,,,0.000,0,,,,,73,0,73
1790896699904728288,,,0.000,0,,,,,73,0,73
1790896700104683360,,,0.000,0,,,,,73,0,73
1790896700304572224,,,0.000,0,,,,,73,0,73
1790896700505110368,,,0.000,0,,,,,73,0,73
1790896700704740832,,,0.000,0,,,,,73,0,73
1790896700904616352,,,0.000,0,,,,,73,0,73
1790896701105145472,,,0.000,0,,,,,73,0,73
1790896701304780864,,,0.000,0,,,,,73,0,73
1790896701505054944,,,0.000,0,,,,,73,0,73
1790896701705356544,,,0.000,0,,,,,73,0,73
1790896701904728352,,,0.000,0,,,,,73,0,73
1790896702104625024,,,0.000,0,,,,,73,0,73
1790896702304374304,,,0.000,0,,,,,73,0,73
1790896702504594560,,,0.000,0,,,,,73,0,73
1790896702704914816,,,0.000,0,,,,,73,0,73
1790896702905091616,,,0.000,0,,,,,73,0,73
1790896703104680576,,,0.000,0,,,,,73,0,73
1790896703304609696,,,0.000,0,,,,,73,0,73
1790896703504440640,,,0.000,0,,,,,73,0,73
1790896703704583680,,,0.000,0,,,,,73,0,73
1790896703904802688,,,0.000,0,,,,,73,0,73
1790896704105318720,,,0.000,0,,,,,73,0,73
1790896704305428832,,,0.000,0,,,,,73,0,73
1790896704504723328,,,0.000,0,,,,,73,0,73
1790896704704596128,,,0.000,0,,,,,73,0,73
1790896704904563968,,,0.000,0,,,,,73,0,73
1790896705104861024,,,0.000,0,,,,,73,0,73
1790896705305085856,,,0.000,0,,,,,73,0,73
1790896705504522656,,,0.000,0,,,,,73,0,73
1790896705704486816,,,0.000,0,,,,,73,0,73
1790896705904460544,,,0.000,0,,,,,73,0,73
1790896706104630752,,,0.000,0,,,,,73,0,73
1790896706304238176,,,0.000,0,,,,,73,0,73
1790896706504987136,,,0.000,0,,,,,73,0,73
1790896706704515968,,,0.000,0,,,,,73,0,73
1790896706904343296,,,0.000,0,,,,,73,0,73
1790896707104489152,,,0.000,0,,,,,73,0,73
1790896707304695776,,,0.000,0,,,,,73,0,73
1790896707504529088,,,0.000,0,,,,,73,0,73
1790896707705185376,,,0.000,0,,,,,73,0,73
1790896707904388928,,,0.000,0,,,,,73,0,73
1790896708104356768,,,0.000,0,,,,,73,0,73
1790896708304293280,,,0.000,0,,,,,73,0,73
1790896708504310048,,,0.000,0,,,,,73,0,73
1790896708704532928,,,0.000,0,,,,,73,0,73
1790896708905032544,,,0.000,0,,,,,73,0,73
1790896709104492480,,,0.000,0,,,,,73,0,73
1790896709304818592,,,0.000,0,,,,,73,0,73
1790896709504401088,,,0.000,0,,,,,73,0,73
1790896709704308672,,,0.000,0,,,,,73,0,73
1790896709904609024,,,0.000,0,,,,,73,0,73
1790896710104885088,,,0.000,0,,,,,73,0,73
1790896710304736576,,,0.000,0,,,,,73,0,73
1790896710504674208,,,0.000,0,,,,,73,0,73
1790896710704327776,,,0.000,0,,,,,73,0,73
1790896710905345344,,,0.000,0,,,,,73,0,73
1790896711104561088,,,0.000,0,,,,,73,0,73
1790896711304948576,,,0.000,0,,,,,73,0,73
1790896711504793280,,,0.000,0,,,,,73,0,73
1790896711704460128,,,0.000,0,,,,,73,0,73
1790896711904480768,,,0.000,0,,,,,73,0,73
1790896712104401568,,,0.000,0,,,,,73,0,73
1790896712305094368,,,0.000,0,,,,,73,0,73
1790896712504536832,,,0.000,0,,,,,73,0,73
1790896712704405472,,,0.000,0,,,,,73,0,73
1790896712904367968,,,0.000,0,,,,,73,0,73
1790896713104377344,,,0.000,0,,,,,73,0,73
1790896713304654624,,,0.000,0,,,,,73,0,73
1790896713505142976,,,0.000,0,,,,,73,0,73
1790896713704574816,,,0.000,0,,,,,73,0,73
1790896713904405120,,,0.000,0,,,,,73,0,73
1790896714105184320,,,0.000,0,,,,,73,0,73
1790896714304587680,,,0.000,0,,,,,73,0,73
1790896714504913952,,,0.000,0,,,,,73,0,73
1790896714705130240,,,0.000,0,,,,,73,0,73
1790896714904782784,,,0.000,0,,,,,73,0,73
1790896715104481920,,,0.000,0,,,,,73,0,73
1790896715304463360,,,0.000,0,,,,,73,0,73
1790896715504629280,,,0.000,0,,,,,73,0,73
1790896715704807104,,,0.000,0,,,,,73,0,73
1790896715905074656,,,0.000,0,,,,,73,0,73
1790896716104776192,,,0.000,0,,,,,73,0,73
1790896716304574656,,,0.000,0,,,,,73,0,73
1790896716504441504,,,0.000,0,,,,,73,0,73
1790896716704688000,,,0.000,0,,,,,73,0,73
1790896716904641728,,,0.000,0,,,,,73,0,73
1790896717105039648,,,0.000,0,,,,,73,0,73
1790896717305182304,,,0.000,0,,,,,73,0,73
1790896717504601888,,,0.000,0,,,,,73,0,73
1790896717704343616,,,0.000,0,,,,,73,0,73
1790896717904288384,,,0.000,0,,,,,73,0,73
1790896718104453088,,,0.000,0,,,,,73,0,73
1790896718305069216,,,0.000,0,,,,,73,0,73
1790896718504478304,,,0.000,0,,,,,73,0,73
1790896718704418176,,,0.000,0,,,,,73,0,73
1790896718904361248,,,0.000,0,,,,,73,0,73
1790896719104385536,,,0.000,0,,,,,73,0,73
1790896719304199072,,,0.000,0,,,,,73,0,73
1790896719504973088,,,0.000,0,,,,,73,0,73
1790896719704504960,,,0.000,0,,,,,73,0,73
1790896719904609504,,,0.000,0,,,,,73,0,73
1790896720104257344,,,0.000,0,,,,,73,0,73
1790896720304414752,,,0.000,0,,,,,73,0,73
1790896720504840736,,,0.000,0,,,,,73,0,73
1790896720705179776,,,0.000,0,,,,,73,0,73
1790896720904476480,,,0.000,0,,,,,73,0,73
1790896721104581440,,,0.000,0,,,,,73,0,73
1790896721304459840,,,0.000,0,,,,,73,0,73
1790896721504560416,,,0.000,0,,,,,73,0,73
1790896721704725728,,,0.000,0,,,,,73,0,73
1790896721904906560,,,0.000,0,,,,,73,0,73
1790896722104859232,,,0.000,0,,,,,73,0,73
1790896722304477472,,,0.000,0,,,,,73,0,73
1790896722504639808,,,0.000,0,,,,,73,0,73
1790896722704474240,,,0.000,0,,,,,73,0,73
1790896722904598944,,,0.000,0,,,,,73,0,73
1790896723104909248,,,0.000,0,,,,,73,0,73
1790896723304588704,,,0.000,0,,,,,73,0,73
1790896723504606208,,,0.000,0,,,,,73,0,73
1790896723704547392,,,0.000,0,,,,,73,0,73
1790896723905172288,,,0.000,0,,,,,73,0,73
1790896724104595232,,,0.000,0,,,,,73,0,73
1790896724304929664,,,0.000,0,,,,,73,0,73
1790896724504528704,,,0.000,0,,,,,73,0,73
1790896724704630464,,,0.000,0,,,,,73,0,73
1790896724904727104,,,0.000,0,,,,,73,0,73
1790896725104495552,,,0.000,0,,,,,73,0,73
1790896725305112032,,,0.000,0,,,,,73,0,73
1790896725504657152,,,0.000,0,,,,,73,0,73
1790896725704500928,,,0.000,0,,,,,73,0,73
1790896725904488512,,,0.000,0,,,,,73,0,73
1790896726104672768,,,0.000,0,,,,,73,0,73
1790896726304783424,,,0.000,0,,,,,73,0,73
1790896726505059872,,,0.000,0,,,,,73,0,73
1790896726704677760,,,0.000,0,,,,,73,0,73
1790896726904745216,,,0.000,0,,,,,73,0,73
1790896727105053536,,,0.000,0,,,,,73,0,73
1790896727304697760,,,0.000,0,,,,,73,0,73
1790896727504899520,,,0.000,0,,,,,73,0,73
1790896727705059552,,,0.000,0,,,,,73,0,73
1790896727904591168,,,0.000,0,,,,,73,0,73
1790896728104607008,,,0.000,0,,,,,73,0,73
1790896728304617600,,,0.000,0,,,,,73,0,73
1790896728504839008,,,0.000,0,,,,,73,0,73
1790896728704835296,,,0.000,0,,,,,73,0,73
1790896728905045024,,,0.000,0,,,,,73,0,73
1790896729104547552,,,0.000,0,,,,,73,0,73
1790896729304604736,,,0.000,0,,,,,73,0,73
1790896729504622368,,,0.000,0,,,,,73,0,73
1790896729704474944,,,0.000,0,,,,,73,0,73
1790896729904378144,,,0.000,0,,,,,73,0,73
1790896730105026528,,,0.000,0,,,,,73,0,73
1790896730305175104,,,0.000,0,,,,,73,0,73
1790896730504756864,,,0.000,0,,,,,73,0,73
1790896730704635840,,,0.000,0,,,,,73,0,73
1790896730904748928,,,0.000,0,,,,,73,0,73
1790896731104266400,,,0.000,0,,,,,73,0,73
1790896731305006112,,,0.000,0,,,,,73,0,73
1790896731504761216,,,0.000,0,,,,,73,0,73
1790896731704501792,,,0.000,0,,,,,73,0,73
1790896731904553280,,,0.000,0,,,,,73,0,73
1790896732104422784,,,0.000,0,,,,,73,0,73
1790896732304218112,,,0.000,0,,,,,73,0,73
1790896732505001120,,,0.000,0,,,,,73,0,73
1790896732704550400,,,0.000,0,,,,,73,0,73
1790896732904422656,,,0.000,0,,,,,73,0,73
1790896733104384256,,,0.000,0,,,,,73,0,73
1790896733304463904,,,0.000,0,,,,,73,0,73
1790896733504614400,,,0.000,0,,,,,73,0,73
1790896733705137056,,,0.000,0,,,,,73,0,73
1790896733904550848,,,0.000,0,,,,,73,0,73
1790896734104403040,,,0.000,0,,,,,73,0,73
1790896734304571584,,,0.000,0,,,,,73,0,73
1790896734504403200,,,0.000,0,,,,,73,0,73
1790896734704472544,,,0.000,0,,,,,73,0,73
1790896734904890880,,,0.000,0,,,,,73,0,73
1790896735104418688,,,0.000,0,,,,,73,0,73
1790896735304493120,,,0.000,0,,,,,73,0,73
1790896735504454944,,,0.000,0,,,,,73,0,73
1790896735704484352,,,0.000,0,,,,,73,0,73
1790896735905075200,,,0.000,0,,,,,73,0,73
1790896736104493536,,,0.000,0,,,,,73,0,73
1790896736304359488,,,0.000,0,,,,,73,0,73
1790896736504435072,,,0.000,0,,,,,73,0,73
1790896736704468544,,,0.000,0,,,,,73,0,73
1790896736905121664,,,0.000,0,,,,,73,0,73
1790896737105082368,,,0.000,0,,,,,73,0,73
1790896737304483680,,,0.000,0,,,,,73,0,73
1790896737504386592,,,0.000,0,,,,,73,0,73
1790896737704394784,,,0.000,0,,,,,73,0,73
1790896737904328448,,,0.000,0,,,,,73,0,73
1790896738104787136,,,0.000,0,,,,,73,0,73
1790896738305044192,,,0.000,0,,,,,73,0,73
1790896738504496512,,,0.000,0,,,,,73,0,73
1790896738704500320,,,0.000,0,,,,,73,0,73
1790896738904411360,,,0.000,0,,,,,73,0,73
1790896739104351712,,,0.000,0,,,,,73,0,73
1790896739304705568,,,0.000,0,,,,,73,0,73
1790896739505066592,,,0.000,0,,,,,73,0,73
1790896739704486848,,,0.000,0,,,,,73,0,73
1790896739904449792,,,0.000,0,,,,,73,0,73
1790896740105180320,,,0.000,0,,,,,73,0,73
1790896740304475520,,,0.000,0,,,,,73,0,73
1790896740504503648,,,0.000,0,,,,,73,0,73
1790896740705045376,,,0.000,0,,,,,73,0,73
1790896740904432672,,,0.000,0,,,,,73,0,73
1790896741104345920,,,0.000,0,,,,,73,0,73
1790896741304325856,,,0.000,0,,,,,73,0,73
1790896741504328800,,,0.000,0,,,,,73,0,73
1790896741704409280,,,0.000,0,,,,,73,0,73
1790896741904997280,,,0.000,0,,,,,73,0,73
1790896742104766624,,,0.000,0,,,,,73,0,73
1790896742304359008,,,0.000,0,,,,,73,0,73
1790896742504711488,,,0.000,0,,,,,73,0,73
1790896742704391872,,,0.000,0,,,,,73,0,73
1790896742904330144,,,0.000,0,,,,,73,0,73
1790896743105085536,,,0.000,0,,,,,73,0,73
1790896743305150912,,,0.000,0,,,,,73,0,73
1790896743504608448,,,0.000,0,,,,,73,0,73
1790896743704402912,,,0.000,0,,,,,73,0,73
1790896743904349056,,,0.000,0,,,,,73,0,73
1790896744104180576,,,0.000,0,,,,,73,0,73
1790896744304977216,,,0.000,0,,,,,73,0,73
1790896744504529280,,,0.000,0,,,,,73,0,73
1790896744704605344,,,0.000,0,,,,,73,0,73
1790896744904468864,,,0.000,0,,,,,73,0,73
1790896745104380832,,,0.000,0,,,,,73,0,73
1790896745304814624,,,0.000,0,,,,,73,0,73
1790896745504897664,,,0.000,0,,,,,73,0,73
1790896745704580512,,,0.000,0,,,,,73,0,73
1790896745904413120,,,0.000,0,,,,,73,0,73
1790896746104412160,,,0.000,0,,,,,73,0,73
1790896746304522272,,,0.000,0,,,,,73,0,73
1790896746504908608,,,0.000,0,,,,,73,0,73
1790896746705129024,,,0.000,0,,,,,73,0,73
1790896746904597824,,,0.000,0,,,,,73,0,73
1790896747104560160,,,0.000,0,,,,,73,0,73
1790896747304521408,,,0.000,0,,,,,73,0,73
1790896747504402208,,,0.000,0,,,,,73,0,73
1790896747705171936,,,0.000,0,,,,,73,0,73
1790896747904600096,,,0.000,0,,,,,73,0,73
1790896748104512128,,,0.000,0,,,,,73,0,73
1790896748304464416,,,0.000,0,,,,,73,0,73
1790896748504444864,,,0.000,0,,,,,73,0,73
1790896748704701568,,,0.000,0,,,,,73,0,73
1790896748905071200,,,0.000,0,,,,,73,0,73
1790896749104500032,,,0.000,0,,,,,73,0,73
1790896749304448352,,,0.000,0,,,,,73,0,73
1790896749504364384,,,0.000,0,,,,,73,0,73
1790896749704542112,,,0.000,0,,,,,73,0,73
1790896749905253472,,,0.000,0,,,,,73,0,73
1790896750105154528,,,0.000,0,,,,,73,0,73
1790896750304559744,,,0.000,0,,,,,73,0,73
1790896750504769440,,,0.000,0,,,,,73,0,73
1790896750705184768,,,0.000,0,,,,,73,0,73
1790896750904511360,,,0.000,0,,,,,73,0,73
1790896751104868992,,,0.000,0,,,,,73,0,73
1790896751305047296,,,0.000,0,,,,,73,0,73
1790896751504550400,,,0.000,0,,,,,73,0,73
1790896751704791328,,,0.000,0,,,,,73,0,73
1790896751904456992,,,0.000,0,,,,,73,0,73
1790896752104601376,,,0.000,0,,,,,73,0,73
1790896752304499456,,,0.000,0,,,,,73,0,73
1790896752505108896,,,0.000,0,,,,,73,0,73
1790896752704498816,,,0.000,0,,,,,73,0,73
1790896752904480480,,,0.000,0,,,,,73,0,73
1790896753105216064,,,0.000,0,,,,,73,0,73
1790896753304521248,,,0.000,0,,,,,73,0,73
1790896753504359840,,,0.000,0,,,,,73,0,73
1790896753705061664,,,0.000,0,,,,,73,0,73
1790896753904476480,,,0.000,0,,,,,73,0,73
1790896754104508992,,,0.000,0,,,,,73,0,73
1790896754304389280,,,0.000,0,,,,,73,0,73
1790896754504473024,,,0.000,0,,,,,73,0,73
1790896754704264352,,,0.000,0,,,,,73,0,73
1790896754904996768,,,0.000,0,,,,,73,0,73
1790896755104464192,,,0.000,0,,,,,73,0,73
1790896755304495872,,,0.000,0,,,,,73,0,73
1790896755504388512,,,0.000,0,,,,,73,0,73
1790896755704474720,,,0.000,0,,,,,73,0,73
1790896755904265440,,,0.000,0,,,,,73,0,73
1790896756105014432,,,0.000,0,,,,,73,0,73
1790896756305109088,,,0.000,0,,,,,73,0,73
1790896756504412160,,,0.000,0,,,,,73,0,73
1790896756704482592,,,0.000,0,,,,,73,0,73
1790896756904470976,,,0.000,0,,,,,73,0,73
1790896757104851040,,,0.000,0,,,,,73,0,73
1790896757304939040,,,0.000,0,,,,,73,0,73
1790896757504426688,,,0.000,0,,,,,73,0,73
1790896757704666560,,,0.000,0,,,,,73,0,73
1790896757904332992,,,0.000,0,,,,,73,0,73
1790896758104447808,,,0.000,0,,,,,73,0,73
1790896758304549472,,,0.000,0,,,,,73,0,73
1790896758504930880,,,0.000,0,,,,,73,0,73
1790896758704462688,,,0.000,0,,,,,73,0,73
1790896758904347136,,,0.000,0,,,,,73,0,73
1790896759104464448,,,0.000,0,,,,,73,0,73
1790896759304388672,,,0.000,0,,,,,73,0,73
1790896759505291936,,,0.000,0,,,,,73,0,73
1790896759704577984,,,0.000,0,,,,,73,0,73
1790896759904521248,,,0.000,0,,,,,73,0,73
1790896760104418752,,,0.000,0,,,,,73,0,73
1790896760304489600,,,0.000,0,,,,,73,0,73
1790896760504544256,,,0.000,0,,,,,73,0,73
1790896760705131872,,,0.000,0,,,,,73,0,73
1790896760904564896,,,0.000,0,,,,,73,0,73
1790896761104774400,,,0.000,0,,,,,73,0,73
1790896761304409440,,,0.000,0,,,,,73,0,73
1790896761504489696,,,0.000,0,,,,,73,0,73
1790896761704783072,,,0.000,0,,,,,73,0,73
1790896761905132416,,,0.000,0,,,,,73,0,73
1790896762104536832,,,0.000,0,,,,,73,0,73
1790896762304362208,,,0.000,0,,,,,73,0,73
1790896762504643872,,,0.000,0,,,,,73,0,73
1790896762704389600,,,0.000,0,,,,,73,0,73
1790896762905101248,,,0.000,0,,,,,73,0,73
1790896763105150112,,,0.000,0,,,,,73,0,73
1790896763304775744,,,0.000,0,,,,,73,0,73
1790896763504829280,,,0.000,0,,,,,73,0,73
1790896763704685376,,,0.000,0,,,,,73,0,73
1790896763904539904,,,0.000,0,,,,,73,0,73
1790896764104885312,,,0.000,0,,,,,73,0,73
1790896764305042912,,,0.000,0,,,,,73,0,73
1790896764504930208,,,0.000,0,,,,,73,0,73
1790896764704701664,,,0.000,0,,,,,73,0,73
1790896764904524064,,,0.000,0,,,,,73,0,73
1790896765104603168,,,0.000,0,,,,,73,0,73
1790896765304394816,,,0.000,0,,,,,73,0,73
1790896765505093984,,,0.000,0,,,,,73,0,73
1790896765704742304,,,0.000,0,,,,,73,0,73
1790896765904489472,,,0.000,0,,,,,73,0,73
1790896766105121792,,,0.000,0,,,,,73,0,73
1790896766304501664,,,0.000,0,,,,,73,0,73
1790896766504237120,,,0.000,0,,,,,73,0,73
1790896766705300416,,,0.000,0,,,,,73,0,73
1790896766904709568,,,0.000,0,,,,,73,0,73
1790896767104948064,,,0.000,0,,,,,73,0,73
1790896767304532736,,,0.000,0,,,,,73,0,73
1790896767504472000,,,0.000,0,,,,,73,0,73
1790896767704475232,,,0.000,0,,,,,73,0,73
1790896767904897760,,,0.000,0,,,,,73,0,73
1790896768104470592,,,0.000,0,,,,,73,0,73
1790896768304367520,,,0.000,0,,,,,73,0,73
1790896768504438272,,,0.000,0,,,,,73,0,73
1790896768704685344,,,0.000,0,,,,,73,0,73
1790896768904625696,,,0.000,0,,,,,73,0,73
1790896769104963168,,,0.000,0,,,,,73,0,73
1790896769304830208,,,0.000,0,,,,,73,0,73
1790896769504877760,,,0.000,0,,,,,73,0,73
1790896769704507360,,,0.000,0,,,,,73,0,73
1790896769904755360,,,0.000,0,,,,,73,0,73
1790896770104463776,,,0.000,0,,,,,73,0,73
1790896770304894496,,,0.000,0,,,,,73,0,73
1790896770504569920,,,0.000,0,,,,,73,0,73
1790896770704432832,,,0.000,0,,,,,73,0,73
1790896770904496384,,,0.000,0,,,,,73,0,73
1790896771104442816,,,0.000,0,,,,,73,0,73
1790896771305038592,,,0.000,0,,,,,73,0,73
1790896771504514144,,,0.000,0,,,,,73,0,73
1790896771704368576,,,0.000,0,,,,,73,0,73
1790896771904331232,,,0.000,0,,,,,73,0,73
1790896772104364384,,,0.000,0,,,,,73,0,73
1790896772304747296,,,0.000,0,,,,,73,0,73
1790896772505276192,,,0.000,0,,,,,73,0,73
1790896772704469920,,,0.000,0,,,,,73,0,73
1790896772904310176,,,0.000,0,,,,,73,0,73
1790896773104337152,,,0.000,0,,,,,73,0,73
1790896773304342784,,,0.000,0,,,,,73,0,73
1790896773504760480,,,0.000,0,,,,,73,0,73
1790896773705112800,,,0.000,0,,,,,73,0,73
1790896773904503840,,,0.000,0,,,,,73,0,73
1790896774104765504,,,0.000,0,,,,,73,0,73
1790896774304406976,,,0.000,0,,,,,73,0,73
1790896774504453248,,,0.000,0,,,,,73,0,73
1790896774704657856,,,0.000,0,,,,,73,0,73
1790896774905072480,,,0.000,0,,,,,73,0,73
1790896775104430464,,,0.000,0,,,,,73,0,73
1790896775304381568,,,0.000,0,,,,,73,0,73
1790896775504513536,,,0.000,0,,,,,73,0,73
1790896775704968160,,,0.000,0,,,,,73,0,73
1790896775904751040,,,0.000,0,,,,,73,0,73
1790896776105029216,,,0.000,0,,,,,73,0,73
1790896776304477824,,,0.000,0,,,,,73,0,73
1790896776504340096,,,0.000,0,,,,,73,0,73
1790896776704406560,,,0.000,0,,,,,73,0,73
1790896776904300832,,,0.000,0,,,,,73,0,73
1790896777104296736,,,0.000,0,,,,,73,0,73
1790896777305042240,,,0.000,0,,,,,73,0,73
1790896777504567520,,,0.000,0,,,,,73,0,73
1790896777704459136,,,0.000,0,,,,,73,0,73
1790896777904496512,,,0.000,0,,,,,73,0,73
1790896778104361376,,,0.000,0,,,,,73,0,73
1790896778304221632,,,0.000,0,,,,,73,0,73
1790896778505022080,,,0.000,0,,,,,73,0,73
1790896778704529376,,,0.000,0,,,,,73,0,73
1790896778905120256,,,0.000,0,,,,,73,0,73
1790896779104555936,,,0.000,0,,,,,73,0,73
1790896779304787904,,,0.000,0,,,,,73,0,73
1790896779504891648,,,0.000,0,,,,,73,0,73
1790896779705353984,,,0.000,0,,,,,73,0,73
1790896779904475264,,,0.000,0,,,,,73,0,73
1790896780104778336,,,0.000,0,,,,,73,0,73
1790896780304625856,,,0.000,0,,,,,73,0,73
1790896780504687904,,,0.000,0,,,,,73,0,73
1790896780704580576,,,0.000,0,,,,,73,0,73
1790896780904925856,,,0.000,0,,,,,73,0,73
1790896781104827296,,,0.000,0,,,,,73,0,73
1790896781304436768,,,0.000,0,,,,,73,0,73
1790896781504639232,,,0.000,0,,,,,73,0,73
1790896781704496800,,,0.000,0,,,,,73,0,73
1790896781905338592,,,0.000,0,,,,,73,0,73
1790896782105153440,,,0.000,0,,,,,73,0,73
1790896782304571520,,,0.000,0,,,,,73,0,73
1790896782504400992,,,0.000,0,,,,,73,0,73
1790896782704451456,,,0.000,0,,,,,73,0,73
1790896782904378784,,,0.000,0,,,,,73,0,73
1790896783105222304,,,0.000,0,,,,,73,0,73
1790896783304507584,,,0.000,0,,,,,73,0,73
1790896783504583360,,,0.000,0,,,,,73,0,73
1790896783704422720,,,0.000,0,,,,,73,0,73
1790896783904428288,,,0.000,0,,,,,73,0,73
1790896784104812544,,,0.000,0,,,,,73,0,73
1790896784305098912,,,0.000,0,,,,,73,0,73
1790896784504465888,,,0.000,0,,,,,73,0,73
1790896784704745472,,,0.000,0,,,,,73,0,73
1790896784904430688,,,0.000,0,,,,,73,0,73
1790896785105140832,,,0.000,0,,,,,73,0,73
1790896785304947680,,,0.000,0,,,,,73,0,73
1790896785505044768,,,0.000,0,,,,,73,0,73
1790896785704817728,,,0.000,0,,,,,73,0,73
1790896785904396416,,,0.000,0,,,,,73,0,73
1790896786104715584,,,0.000,0,,,,,73,0,73
1790896786304347040,,,0.000,0,,,,,73,0,73
1790896786504544608,,,0.000,0,,,,,73,0,73
1790896786705052608,,,0.000,0,,,,,73,0,73
1790896786904560064,,,0.000,0,,,,,73,0,73
1790896787104428096,,,0.000,0,,,,,73,0,73
1790896787304482944,,,0.000,0,,,,,73,0,73
1790896787504483072,,,0.000,0,,,,,73,0,73
1790896787704356768,,,0.000,0,,,,,73,0,73
1790896787905039040,,,0.000,0,,,,,73,0,73
1790896788104632576,,,0.000,0,,,,,73,0,73
1790896788305184160,,,0.000,0,,,,,73,0,73
1790896788504681248,,,0.000,0,,,,,73,0,73
1790896788704450048,,,0.000,0,,,,,73,0,73
1790896788904314144,,,0.000,0,,,,,73,0,73
1790896789105068352,,,0.000,0,,,,,73,0,73
1790896789304477600,,,0.000,0,,,,,73,0,73
1790896789504420960,,,0.000,0,,,,,73,0,73
1790896789704394944,,,0.000,0,,,,,73,0,73
1790896789904390304,,,0.000,0,,,,,73,0,73
1790896790104158752,,,0.000,0,,,,,73,0,73
1790896790305309696,,,0.000,0,,,,,73,0,73
1790896790504430592,,,0.000,0,,,,,73,0,73
1790896790704439040,,,0.000,0,,,,,73,0,73
1790896790904640000,,,0.000,0,,,,,73,0,73
1790896791104513568,,,0.000,0,,,,,73,0,73
1790896791304922208,,,0.000,0,,,,,73,0,73
1790896791505238688,,,0.000,0,,,,,73,0,73
1790896791704725984,,,0.000,0,,,,,73,0,73
1790896791904490752,,,0.000,0,,,,,73,0,73
1790896792104660128,,,0.000,0,,,,,73,0,73
1790896792304344832,,,0.000,0,,,,,73,0,73
1790896792504838592,,,0.000,0,,,,,73,0,73
1790896792705265600,,,0.000,0,,,,,73,0,73
1790896792904814976,,,0.000,0,,,,,73,0,73
1790896793104744448,,,0.000,0,,,,,73,0,73
1790896793304719456,,,0.000,0,,,,,73,0,73
1790896793504828640,,,0.000,0,,,,,73,0,73
1790896793704589088,,,0.000,0,,,,,73,0,73
1790896793905126464,,,0.000,0,,,,,73,0,73
1790896794104532992,,,0.000,0,,,,,73,0,73
1790896794304841952,,,0.000,0,,,,,73,0,73
1790896794504450048,,,0.000,0,,,,,73,0,73
1790896794705350368,,,0.000,0,,,,,73,0,73
1790896794905107072,,,0.000,0,,,,,73,0,73
1790896795104595008,,,0.000,0,,,,,73,0,73
1790896795304510528,,,0.000,0,,,,,73,0,73
1790896795504431744,,,0.000,0,,,,,73,0,73
1790896795704428704,,,0.000,0,,,,,73,0,73
1790896795904698528,,,0.000,0,,,,,73,0,73
1790896796105116864,,,0.000,0,,,,,73,0,73
1790896796304536640,,,0.000,0,,,,,73,0,73
1790896796504530304,,,0.000,0,,,,,73,0,73
1790896796704625952,,,0.000,0,,,,,73,0,73
1790896796904363072,,,0.000,0,,,,,73,0,73
1790896797104754048,,,0.000,0,,,,,73,0,73
1790896797305101600,,,0.000,0,,,,,73,0,73
1790896797504451616,,,0.000,0,,,,,73,0,73
1790896797704587936,,,0.000,0,,,,,73,0,73
1790896797905087264,,,0.000,0,,,,,73,0,73
1790896798104513152,,,0.000,0,,,,,73,0,73
1790896798304796448,,,0.000,0,,,,,73,0,73
1790896798505054656,,,0.000,0,,,,,73,0,73
1790896798704667168,,,0.000,0,,,,,73,0,73
1790896798904787232,,,0.000,0,,,,,73,0,73
1790896799104459936,,,0.000,0,,,,,73,0,73
1790896799304477376,,,0.000,0,,,,,73,0,73
1790896799504438688,,,0.000,0,,,,,73,0,73
1790896799705356192,,,0.000,0,,,,,73,0,73
1790896799904589824,,,0.000,0,,,,,73,0,73
1790896800104642720,,,0.000,0,,,,,73,0,73
1790896800304773280,,,0.000,0,,,,,73,0,73
1790896800504777472,,,0.000,0,,,,,73,0,73
1790896800704410048,,,0.000,0,,,,,73,0,73
1790896800905185568,,,0.000,0,,,,,73,0,73
1790896801105262912,,,0.000,0,,,,,73,0,73
1790896801304581696,,,0.000,0,,,,,73,0,73
1790896801504546656,,,0.000,0,,,,,73,0,73
1790896801704861824,,,0.000,0,,,,,73,0,73
1790896801904369248,,,0.000,0,,,,,73,0,73
1790896802105017568,,,0.000,0,,,,,73,0,73
1790896802304639648,,,0.000,0,,,,,73,0,73
1790896802504481696,,,0.000,0,,,,,73,0,73
1790896802704814560,,,0.000,0,,,,,73,0,73
1790896802904461248,,,0.000,0,,,,,73,0,73
1790896803104713696,,,0.000,0,,,,,73,0,73
1790896803305304640,,,0.000,0,,,,,73,0,73
1790896803504921312,,,0.000,0,,,,,73,0,73
1790896803704926016,,,0.000,0,,,,,73,0,73
1790896803904742144,,,0.000,0,,,,,73,0,73
1790896804104764928,,,0.000,0,,,,,73,0,73
1790896804305232704,,,0.000,0,,,,,73,0,73
1790896804505515552,,,0.000,0,,,,,73,0,73
1790896804705576160,,,0.000,0,,,,,73,0,73
1790896804904761440,,,0.000,0,,,,,73,0,73
1790896805105096480,,,0.000,0,,,,,73,0,73
1790896805304725120,,,0.000,0,,,,,73,0,73
1790896805504896896,,,0.000,0,,,,,73,0,73
1790896805705061664,,,0.000,0,,,,,73,0,73
1790896805904619136,,,0.000,0,,,,,73,0,73
1790896806104490752,,,0.000,0,,,,,73,0,73
1790896806305080704,,,0.000,0,,,,,73,0,73
1790896806504697056,,,0.000,0,,,,,73,0,73
1790896806705120832,,,0.000,0,,,,,73,0,73
1790896806904801824,,,0.000,0,,,,,73,0,73
1790896807104749280,,,0.000,0,,,,,73,0,73
1790896807304503712,,,0.000,0,,,,,73,0,73
1790896807504892992,,,0.000,0,,,,,73,0,73
1790896807705366880,,,0.000,0,,,,,73,0,73
1790896807905229184,,,0.000,0,,,,,73,0,73
1790896808104544256,,,0.000,0,,,,,73,0,73
1790896808304654304,,,0.000,0,,,,,73,0,73
1790896808504536768,,,0.000,0,,,,,73,0,73
1790896808704555488,,,0.000,0,,,,,73,0,73
1790896808904736320,,,0.000,0,,,,,73,0,73
1790896809105031584,,,0.000,0,,,,,73,0,73
1790896809304652320,,,0.000,0,,,,,73,0,73
1790896809504514560,,,0.000,0,,,,,73,0,73
1790896809704557376,,,0.000,0,,,,,73,0,73
1790896809904514880,,,0.000,0,,,,,73,0,73
1790896810104635776,,,0.000,0,,,,,73,0,73
1790896810305275296,,,0.000,0,,,,,73,0,73
1790896810504793408,,,0.000,0,,,,,73,0,73
1790896810704852480,,,0.000,0,,,,,73,0,73
1790896810905470368,,,0.000,0,,,,,73,0,73
1790896811104569568,,,0.000,0,,,,,73,0,73
1790896811304615808,,,0.000,0,,,,,73,0,73
1790896811504913408,,,0.000,0,,,,,73,0,73
1790896811704568224,,,0.000,0,,,,,73,0,73
1790896811904526336,,,0.000,0,,,,,73,0,73
1790896812104508704,,,0.000,0,,,,,73,0,73
1790896812304613632,,,0.000,0,,,,,73,0,73
1790896812504395936,,,0.000,0,,,,,73,0,73
1790896812705147808,,,0.000,0,,,,,73,0,73
1790896812904454592,,,0.000,0,,,,,73,0,73
1790896813104485952,,,0.000,0,,,,,73,0,73
1790896813304453056,,,0.000,0,,,,,73,0,73
1790896813504773792,,,0.000,0,,,,,73,0,73
1790896813704422560,,,0.000,0,,,,,73,0,73
1790896813904892032,,,0.000,0,,,,,73,0,73
1790896814105399776,,,0.000,0,,,,,73,0,73
1790896814304568736,,,0.000,0,,,,,73,0,73
1790896814504872352,,,0.000,0,,,,,73,0,73
1790896814704554176,,,0.000,0,,,,,73,0,73
1790896814904393472,,,0.000,0,,,,,73,0,73
1790896815104900672,,,0.000,0,,,,,73,0,73
1790896815304646848,,,0.000,0,,,,,73,0,73
1790896815504538432,,,0.000,0,,,,,73,0,73
1790896815704501376,,,0.000,0,,,,,73,0,73
1790896815904732064,,,0.000,0,,,,,73,0,73
1790896816104574624,,,0.000,0,,,,,73,0,73
1790896816305446912,,,0.000,0,,,,,73,0,73
1790896816504878784,,,0.000,0,,,,,73,0,73
1790896816704780096,,,0.000,0,,,,,73,0,73
1790896816904577792,,,0.000,0,,,,,73,0,73
1790896817104730272,,,0.000,0,,,,,73,0,73
1790896817305107200,,,0.000,0,,,,,73,0,73
1790896817504993824,,,0.000,0,,,,,73,0,73
1790896817704977568,,,0.000,0,,,,,73,0,73
1790896817904536704,,,0.000,0,,,,,73,0,73
1790896818104424544,,,0.000,0,,,,,73,0,73
1790896818304517664,,,0.000,0,,,,,73,0,73
1790896818504533760,,,0.000,0,,,,,73,0,73
1790896818704834592,,,0.000,0,,,,,73,0,73
1790896818904541664,,,0.000,0,,,,,73,0,73
1790896819104835200,,,0.000,0,,,,,73,0,73
1790896819304759552,,,0.000,0,,,,,73,0,73
1790896819504577536,,,0.000,0,,,,,73,0,73
1790896819704832736,,,0.000,0,,,,,73,0,73
1790896819904679712,,,0.000,0,,,,,73,0,73
1790896820104820832,,,0.000,0,,,,,73,0,73
1790896820304544736,,,0.000,0,,,,,73,0,73
1790896820504801952,,,0.000,0,,,,,73,0,73
1790896820705171168,,,0.000,0,,,,,73,0,73
1790896820905099232,,,0.000,0,,,,,73,0,73
1790896821104605568,,,0.000,0,,,,,73,0,73
1790896821304613696,,,0.000,0,,,,,73,0,73
1790896821504544832,,,0.000,0,,,,,73,0,73
1790896821704541792,,,0.000,0,,,,,73,0,73
1790896821904724416,,,0.000,0,,,,,73,0,73
1790896822104792928,,,0.000,0,,,,,73,0,73
1790896822304557600,,,0.000,0,,,,,73,0,73
1790896822504537184,,,0.000,0,,,,,73,0,73
1790896822704545536,,,0.000,0,,,,,73,0,73
1790896822904391648,,,0.000,0,,,,,73,0,73
1790896823104533024,,,0.000,0,,,,,73,0,73
1790896823304718432,,,0.000,0,,,,,73,0,73
1790896823504574496,,,0.000,0,,,,,73,0,73
1790896823704603776,,,0.000,0,,,,,73,0,73
1790896823905338720,,,0.000,0,,,,,73,0,73
1790896824104783488,,,0.000,0,,,,,73,0,73
1790896824304558336,,,0.000,0,,,,,73,0,73
1790896824504859008,,,0.000,0,,,,,73,0,73
1790896824704602944,,,0.000,0,,,,,73,0,73
1790896824904382208,,,0.000,0,,,,,73,0,73
1790896825104371872,,,0.000,0,,,,,73,0,73
1790896825304372736,,,0.000,0,,,,,73,0,73
1790896825504463424,,,0.000,0,,,,,73,0,73
1790896825704789632,,,0.000,0,,,,,73,0,73
1790896825904959584,,,0.000,0,,,,,73,0,73
1790896826104435648,,,0.000,0,,,,,73,0,73
1790896826304459168,,,0.000,0,,,,,73,0,73
1790896826504601184,,,0.000,0,,,,,73,0,73
1790896826704346656,,,0.000,0,,,,,73,0,73
1790896826905256416,,,0.000,0,,,,,73,0,73
1790896827105371392,,,0.000,0,,,,,73,0,73
1790896827304868320,,,0.000,0,,,,,73,0,73
1790896827504570272,,,0.000,0,,,,,73,0,73
1790896827704516768,,,0.000,0,,,,,73,0,73
1790896827904595232,,,0.000,0,,,,,73,0,73
1790896828104759840,,,0.000,0,,,,,73,0,73
1790896828304851488,,,0.000,0,,,,,73,0,73
1790896828504514112,,,0.000,0,,,,,73,0,73
1790896828704500128,,,0.000,0,,,,,73,0,73
1790896828904438112,,,0.000,0,,,,,73,0,73
1790896829104574592,,,0.000,0,,,,,73,0,73
1790896829304772416,,,0.000,0,,,,,73,0,73
1790896829504521600,,,0.000,0,,,,,73,0,73
1790896829704609408,,,0.000,0,,,,,73,0,73
1790896829904452064,,,0.000,0,,,,,73,0,73
1790896830104508384,,,0.000,0,,,,,73,0,73
1790896830305077088,,,0.000,0,,,,,73,0,73
1790896830504843744,,,0.000,0,,,,,73,0,73
1790896830704596896,,,0.000,0,,,,,73,0,73
1790896830904476160,,,0.000,0,,,,,73,0,73
1790896831104350912,,,0.000,0,,,,,73,0,73
1790896831304412032,,,0.000,0,,,,,73,0,73
1790896831504838304,,,0.000,0,,,,,73,0,73
1790896831704824320,,,0.000,0,,,,,73,0,73
1790896831904536288,,,0.000,0,,,,,73,0,73
1790896832104509344,,,0.000,0,,,,,73,0,73
1790896832304696896,,,0.000,0,,,,,73,0,73
1790896832504872352,,,0.000,0,,,,,73,0,73
1790896832704813760,,,0.000,0,,,,,73,0,73
1790896832904654496,,,0.000,0,,,,,73,0,73
1790896833104700768,,,0.000,0,,,,,73,0,73
1790896833304530464,,,0.000,0,,,,,73,0,73
1790896833504842528,,,0.000,0,,,,,73,0,73
1790896833704895104,,,0.000,0,,,,,73,0,73
1790896833904799520,,,0.000,0,,,,,73,0,73
1790896834104641472,,,0.000,0,,,,,73,0,73
1790896834304611552,,,0.000,0,,,,,73,0,73
1790896834504605440,,,0.000,0,,,,,73,0,73
1790896834704506752,,,0.000,0,,,,,73,0,73
1790896834904606464,,,0.000,0,,,,,73,0,73
1790896835104715168,,,0.000,0,,,,,73,0,73
1790896835304558176,,,0.000,0,,,,,73,0,73
1790896835504583584,,,0.000,0,,,,,73,0,73
1790896835704531872,,,0.000,0,,,,,73,0,73
1790896835904480672,,,0.000,0,,,,,73,0,73
1790896836104474688,,,0.000,0,,,,,73,0,73
1790896836304719168,,,0.000,0,,,,,73,0,73
1790896836504540064,,,0.000,0,,,,,73,0,73
1790896836704534592,,,0.000,0,,,,,73,0,73
1790896836905318720,,,0.000,0,,,,,73,0,73
1790896837104585600,,,0.000,0,,,,,73,0,73
1790896837304541344,,,0.000,0,,,,,73,0,73
1790896837505224736,,,0.000,0,,,,,73,0,73
1790896837704596448,,,0.000,0,,,,,73,0,73
1790896837904588384,,,0.000,0,,,,,73,0,73
1790896838104493280,,,0.000,0,,,,,73,0,73
1790896838304673312,,,0.000,0,,,,,73,0,73
1790896838504368992,,,0.000,0,,,,,73,0,73
1790896838704998496,,,0.000,0,,,,,73,0,73
1790896838904539296,,,0.000,0,,,,,73,0,73
1790896839104516192,,,0.000,0,,,,,73,0,73
1790896839304534304,,,0.000,0,,,,,73,0,73
1790896839504495232,,,0.000,0,,,,,73,0,73
1790896839704621472,,,0.000,0,,,,,73,0,73
1790896839904795392,,,0.000,0,,,,,73,0,73
1790896840105287552,,,0.000,0,,,,,73,0,73
1790896840304617376,,,0.000,0,,,,,73,0,73
1790896840504747168,,,0.000,0,,,,,73,0,73
1790896840704525024,,,0.000,0,,,,,73,0,73
1790896840904578048,,,0.000,0,,,,,73,0,73
1790896841104748768,,,0.000,0,,,,,73,0,73
1790896841304594944,,,0.000,0,,,,,73,0,73
1790896841504654656,,,0.000,0,,,,,73,0,73
1790896841704509888,,,0.000,0,,,,,73,0,73
1790896841904431424,,,0.000,0,,,,,73,0,73
1790896842104899296,,,0.000,0,,,,,73,0,73
1790896842304658208,,,0.000,0,,,,,73,0,73
1790896842504613856,,,0.000,0,,,,,73,0,73
1790896842704598624,,,0.000,0,,,,,73,0,73
1790896842904685280,,,0.000,0,,,,,73,0,73
1790896843104549664,,,0.000,0,,,,,73,0,73
1790896843305316896,,,0.000,0,,,,,73,0,73
1790896843504807776,,,0.000,0,,,,,73,0,73
1790896843704562112,,,0.000,0,,,,,73,0,73
1790896843904528512,,,0.000,0,,,,,73,0,73
1790896844104429568,,,0.000,0,,,,,73,0,73
1790896844304676864,,,0.000,0,,,,,73,0,73
1790896844504763232,,,0.000,0,,,,,73,0,73
1790896844704517216,,,0.000,0,,,,,73,0,73
1790896844904692416,,,0.000,0,,,,,73,0,73
1790896845104539744,,,0.000,0,,,,,73,0,73
1790896845304472672,,,0.000,0,,,,,73,0,73
1790896845504570880,,,0.000,0,,,,,73,0,73
1790896845705194560,,,0.000,0,,,,,73,0,73
1790896845904553344,,,0.000,0,,,,,73,0,73
1790896846104526464,,,0.000,0,,,,,73,0,73
1790896846304573152,,,0.000,0,,,,,73,0,73
1790896846504388032,,,0.000,0,,,,,73,0,73
1790896846705003296,,,0.000,0,,,,,73,0,73
1790896846905435520,,,0.000,0,,,,,73,0,73
1790896847104782400,,,0.000,0,,,,,73,0,73
1790896847304562208,,,0.000,0,,,,,73,0,73
1790896847504544032,,,0.000,0,,,,,73,0,73
1790896847704543264,,,0.000,0,,,,,73,0,73
1790896847904545152,,,0.000,0,,,,,73,0,73
1790896848104665056,,,0.000,0,,,,,73,0,73
1790896848304729248,,,0.000,0,,,,,73,0,73
1790896848504594944,,,0.000,0,,,,,73,0,73
1790896848704700672,,,0.000,0,,,,,73,0,73
1790896848904957216,,,0.000,0,,,,,73,0,73
1790896849104482688,,,0.000,0,,,,,73,0,73
1790896849304961344,,,0.000,0,,,,,73,0,73
1790896849504655456,,,0.000,0,,,,,73,0,73
1790896849704813792,,,0.000,0,,,,,73,0,73
1790896849905509184,,,0.000,0,,,,,73,0,73
1790896850104905728,,,0.000,0,,,,,73,0,73
1790896850304556800,,,0.000,0,,,,,73,0,73
1790896850504924864,,,0.000,0,,,,,73,0,73
1790896850704970304,,,0.000,0,,,,,73,0,73
1790896850904796960,,,0.000,0,,,,,73,0,73
1790896851104792704,,,0.000,0,,,,,73,0,73
1790896851304910816,,,0.000,0,,,,,73,0,73
1790896851504684960,,,0.000,0,,,,,73,0,73
1790896851704937312,,,0.000,0,,,,,73,0,73
1790896851904692128,,,0.000,0,,,,,73,0,73
1790896852104772896,,,0.000,0,,,,,73,0,73
1790896852304685984,,,0.000,0,,,,,73,0,73
1790896852504696640,,,0.000,0,,,,,73,0,73
1790896852704477376,,,0.000,0,,,,,73,0,73
1790896852904690336,,,0.000,0,,,,,73,0,73
1790896853105422560,,,0.000,0,,,,,73,0,73
1790896853304911232,,,0.000,0,,,,,73,0,73
1790896853504821888,,,0.000,0,,,,,73,0,73
1790896853704584512,,,0.000,0,,,,,73,0,73
1790896853904556960,,,0.000,0,,,,,73,0,73
1790896854104661888,,,0.000,0,,,,,73,0,73
1790896854304615040,,,0.000,0,,,,,73,0,73
1790896854504739296,,,0.000,0,,,,,73,0,73
1790896854704522176,,,0.000,0,,,,,73,0,73
1790896854904414080,,,0.000,0,,,,,73,0,73
1790896855104623104,,,0.000,0,,,,,73,0,73
1790896855304694208,,,0.000,0,,,,,73,0,73
1790896855504610624,,,0.000,0,,,,,73,0,73
1790896855704523456,,,0.000,0,,,,,73,0,73
1790896855904387008,,,0.000,0,,,,,73,0,73
1790896856104514656,,,0.000,0,,,,,73,0,73
1790896856305239520,,,0.000,0,,,,,73,0,73
1790896856504704512,,,0.000,0,,,,,73,0,73
1790896856704844736,,,0.000,0,,,,,73,0,73
1790896856904607456,,,0.000,0,,,,,73,0,73
1790896857104541312,,,0.000,0,,,,,73,0,73
1790896857304715552,,,0.000,0,,,,,73,0,73
1790896857504718432,,,0.000,0,,,,,73,0,73
1790896857704630432,,,0.000,0,,,,,73,0,73
1790896857904737312,,,0.000,0,,,,,73,0,73
1790896858104738112,,,0.000,0,,,,,73,0,73
1790896858304747520,,,0.000,0,,,,,73,0,73
1790896858504614528,,,0.000,0,,,,,73,0,73
1790896858705202592,,,0.000,0,,,,,73,0,73
1790896858904670688,,,0.000,0,,,,,73,0,73
1790896859104736128,,,0.000,0,,,,,73,0,73
1790896859304500448,,,0.000,0,,,,,73,0,73
1790896859504694528,,,0.000,0,,,,,73,0,73
1790896859705003744,,,0.000,0,,,,,73,0,73
1790896859904880416,,,0.000,0,,,,,73,0,73
1790896860104647168,,,0.000,0,,,,,73,0,73
1790896860304945216,,,0.000,0,,,,,73,0,73
1790896860504614528,,,0.000,0,,,,,73,0,73
1790896860704969216,,,0.000,0,,,,,73,0,73
1790896860904379008,,,0.000,0,,,,,73,0,73
1790896861104706144,,,0.000,0,,,,,73,0,73
1790896861304831808,,,0.000,0,,,,,73,0,73
1790896861504750880,,,0.000,0,,,,,73,0,73
1790896861704619296,,,0.000,0,,,,,73,0,73
1790896861904527104,,,0.000,0,,,,,73,0,73
1790896862104350880,,,0.000,0,,,,,73,0,73
1790896862305100896,,,0.000,0,,,,,73,0,73
1790896862505005984,,,0.000,0,,,,,73,0,73
1790896862704964032,,,0.000,0,,,,,73,0,73
1790896862905156832,,,0.000,0,,,,,73,0,73
1790896863104845920,,,0.000,0,,,,,73,0,73
1790896863304491712,,,0.000,0,,,,,73,0,73
1790896863504996640,,,0.000,0,,,,,73,0,73
1790896863704671456,,,0.000,0,,,,,73,0,73
1790896863904862816,,,0.000,0,,,,,73,0,73
1790896864104638976,,,0.000,0,,,,,73,0,73
1790896864304663136,,,0.000,0,,,,,73,0,73
1790896864504508608,,,0.000,0,,,,,73,0,73
1790896864704777696,,,0.000,0,,,,,73,0,73
1790896864904498304,,,0.000,0,,,,,73,0,73
1790896865104675616,,,0.000,0,,,,,73,0,73
1790896865304650624,,,0.000,0,,,,,73,0,73
1790896865504694560,,,0.000,0,,,,,73,0,73
1790896865704535488,,,0.000,0,,,,,73,0,73
1790896865904517056,,,0.000,0,,,,,73,0,73
1790896866105152128,,,0.000,0,,,,,73,0,73
1790896866304721760,,,0.000,0,,,,,73,0,73
1790896866504492384,,,0.000,0,,,,,73,0,73
1790896866704446304,,,0.000,0,,,,,73,0,73
1790896866904525440,,,0.000,0,,,,,73,0,73
1790896867104418144,,,0.000,0,,,,,73,0,73
1790896867304455936,,,0.000,0,,,,,73,0,73
1790896867504430528,,,0.000,0,,,,,73,0,73
1790896867704433088,,,0.000,0,,,,,73,0,73
1790896867904408576,,,0.000,0,,,,,73,0,73
1790896868104596800,,,0.000,0,,,,,73,0,73
1790896868304693728,,,0.000,0,,,,,73,0,73
1790896868504433952,,,0.000,0,,,,,73,0,73
1790896868704475360,,,0.000,0,,,,,73,0,73
1790896868904416704,,,0.000,0,,,,,73,0,73
1790896869104564032,,,0.000,0,,,,,73,0,73
1790896869305241728,,,0.000,0,,,,,73,0,73
1790896869504877184,,,0.000,0,,,,,73,0,73
1790896869704822976,,,0.000,0,,,,,73,0,73
1790896869904443968,,,0.000,0,,,,,73,0,73
1790896870104395392,,,0.000,0,,,,,73,0,73
1790896870304508576,,,0.000,0,,,,,73,0,73
1790896870504725728,,,0.000,0,,,,,73,0,73
1790896870704513568,,,0.000,0,,,,,73,0,73
1790896870904416960,,,0.000,0,,,,,73,0,73
1790896871104303520,,,0.000,0,,,,,73,0,73
1790896871304594528,,,0.000,0,,,,,73,0,73
1790896871504422912,,,0.000,0,,,,,73,0,73
1790896871704469888,,,0.000,0,,,,,73,0,73
1790896871904400224,,,0.000,0,,,,,73,0,73
1790896872104634720,,,0.000,0,,,,,73,0,73
1790896872304346560,,,0.000,0,,,,,73,0,73
1790896872504572992,,,0.000,0,,,,,73,0,73
1790896872704862624,,,0.000,0,,,,,73,0,73
1790896872904528512,,,0.000,0,,,,,73,0,73
1790896873104372160,,,0.000,0,,,,,73,0,73
1790896873304656608,,,0.000,0,,,,,73,0,73
1790896873504667680,,,0.000,0,,,,,73,0,73
1790896873704354720,,,0.000,0,,,,,73,0,73
1790896873904370752,,,0.000,0,,,,,73,0,73
1790896874104511808,,,0.000,0,,,,,73,0,73
1790896874304582688,,,0.000,0,,,,,73,0,73
1790896874504339104,,,0.000,0,,,,,73,0,73
1790896874704618496,,,0.000,0,,,,,73,0,73
1790896874904345888,,,0.000,0,,,,,73,0,73
1790896875104553632,,,0.000,0,,,,,73,0,73
1790896875304521696,,,0.000,0,,,,,73,0,73
1790896875504482592,,,0.000,0,,,,,73,0,73
1790896875704657760,,,0.000,0,,,,,73,0,73
1790896875904976320,,,0.000,0,,,,,73,0,73
1790896876104455104,,,0.000,0,,,,,73,0,73
1790896876304446720,,,0.000,0,,,,,73,0,73
1790896876504479104,,,0.000,0,,,,,73,0,73
1790896876704374624,,,0.000,0,,,,,73,0,73
1790896876904604576,,,0.000,0,,,,,73,0,73
1790896877104336704,,,0.000,0,,,,,73,0,73
1790896877304406624,,,0.000,0,,,,,73,0,73
1790896877504451296,,,0.000,0,,,,,73,0,73
1790896877704415776,,,0.000,0,,,,,73,0,73
1790896877904359904,,,0.000,0,,,,,73,0,73
1790896878104615648,,,0.000,0,,,,,73,0,73
1790896878304337312,,,0.000,0,,,,,73,0,73
1790896878504460832,,,0.000,0,,,,,73,0,73
1790896878704460256,,,0.000,0,,,,,73,0,73
1790896878904617600,,,0.000,0,,,,,73,0,73
1790896879105064192,,,0.000,0,,,,,73,0,73
1790896879304417888,,,0.000,0,,,,,73,0,73
1790896879504470112,,,0.000,0,,,,,73,0,73
1790896879704407296,,,0.000,0,,,,,73,0,73
1790896879904467680,,,0.000,0,,,,,73,0,73
1790896880104480512,,,0.000,0,,,,,73,0,73
1790896880304398144,,,0.000,0,,,,,73,0,73
1790896880504442144,,,0.000,0,,,,,73,0,73
1790896880704389344,,,0.000,0,,,,,73,0,73
1790896880904418816,,,0.000,0,,,,,73,0,73
1790896881104554880,,,0.000,0,,,,,73,0,73
1790896881304777824,,,0.000,0,,,,,73,0,73
1790896881504464992,,,0.000,0,,,,,73,0,73
1790896881704495936,,,0.000,0,,,,,73,0,73
1790896881904367520,,,0.000,0,,,,,73,0,73
1790896882104475904,,,0.000,0,,,,,73,0,73
1790896882305134656,,,0.000,0,,,,,73,0,73
1790896882504849920,,,0.000,0,,,,,73,0,73
1790896882704488512,,,0.000,0,,,,,73,0,73
1790896882904703488,,,0.000,0,,,,,73,0,73
1790896883104394592,,,0.000,0,,,,,73,0,73
1790896883304471808,,,0.000,0,,,,,73,0,73
1790896883504453824,,,0.000,0,,,,,73,0,73
1790896883704655808,,,0.000,0,,,,,73,0,73
1790896883904374816,,,0.000,0,,,,,73,0,73
1790896884104482784,,,0.000,0,,,,,73,0,73
1790896884304384000,,,0.000,0,,,,,73,0,73
1790896884504497664,,,0.000,0,,,,,73,0,73
1790896884704452288,,,0.000,0,,,,,73,0,73
1790896884904508096,,,0.000,0,,,,,73,0,73
1790896885104390144,,,0.000,0,,,,,73,0,73
1790896885304941568,,,0.000,0,,,,,73,0,73
1790896885504765600,,,0.000,0,,,,,73,0,73
1790896885704456096,,,0.000,0,,,,,73,0,73
1790896885904532512,,,0.000,0,,,,,73,0,73
1790896886104432864,,,0.000,0,,,,,73,0,73
1790896886304359488,,,0.000,0,,,,,73,0,73
1790896886504379488,,,0.000,0,,,,,73,0,73
1790896886704404640,,,0.000,0,,,,,73,0,73
1790896886904388320,,,0.000,0,,,,,73,0,73
1790896887104461664,,,0.000,0,,,,,73,0,73
1790896887304380768,,,0.000,0,,,,,73,0,73
1790896887504460064,,,0.000,0,,,,,73,0,73
1790896887704367072,,,0.000,0,,,,,73,0,73
1790896887904452800,,,0.000,0,,,,,73,0,73
1790896888105039840,,,0.000,0,,,,,73,0,73
1790896888304558720,,,0.000,0,,,,,73,0,73
1790896888505489536,,,0.000,0,,,,,73,0,73
1790896888704813024,,,0.000,0,,,,,73,0,73
1790896888904429440,,,0.000,0,,,,,73,0,73
1790896889104436736,,,0.000,0,,,,,73,0,73
1790896889304452224,,,0.000,0,,,,,73,0,73
1790896889504477792,,,0.000,0,,,,,73,0,73
1790896889704451296,,,0.000,0,,,,,73,0,73
1790896889904670432,,,0.000,0,,,,,73,0,73
1790896890104382496,,,0.000,0,,,,,73,0,73
1790896890304460160,,,0.000,0,,,,,73,0,73
1790896890504433408,,,0.000,0,,,,,73,0,73
1790896890704701664,,,0.000,0,,,,,73,0,73
1790896890904394112,,,0.000,0,,,,,73,0,73
1790896891104669952,,,0.000,0,,,,,73,0,73
1790896891304393056,,,0.000,0,,,,,73,0,73
1790896891504500288,,,0.000,0,,,,,73,0,73
1790896891705102048,,,0.000,0,,,,,73,0,73
1790896891904564640,,,0.000,0,,,,,73,0,73
1790896892104536192,,,0.000,0,,,,,73,0,73
1790896892304360352,,,0.000,0,,,,,73,0,73
1790896892504434144,,,0.000,0,,,,,73,0,73
1790896892704667936,,,0.000,0,,,,,73,0,73
1790896892904781920,,,0.000,0,,,,,73,0,73
1790896893104388416,,,0.000,0,,,,,73,0,73
1790896893304518976,,,0.000,0,,,,,73,0,73
1790896893504393280,,,0.000,0,,,,,73,0,73
1790896893704471040,,,0.000,0,,,,,73,0,73
1790896893904506720,,,0.000,0,,,,,73,0,73
1790896894104830624,,,0.000,0,,,,,73,0,73
1790896894304434176,,,0.000,0,,,,,73,0,73
1790896894504524320,,,0.000,0,,,,,73,0,73
1790896894704388224,,,0.000,0,,,,,73,0,73
1790896894905254720,,,0.000,0,,,,,73,0,73
1790896895104519968,,,0.000,0,,,,,73,0,73
1790896895304846368,,,0.000,0,,,,,73,0,73
1790896895504384128,,,0.000,0,,,,,73,0,73
1790896895704701504,,,0.000,0,,,,,73,0,73
1790896895904563712,,,0.000,0,,,,,73,0,73
1790896896104496384,,,0.000,0,,,,,73,0,73
1790896896304275040,,,0.000,0,,,,,73,0,73
1790896896504849088,,,0.000,0,,,,,73,0,73
1790896896704419712,,,0.000,0,,,,,73,0,73
1790896896904457024,,,0.000,0,,,,,73,0,73
1790896897104350592,,,0.000,0,,,,,73,0,73
1790896897304426432,,,0.000,0,,,,,73,0,73
1790896897504545312,,,0.000,0,,,,,73,0,73
1790896897705206688,,,0.000,0,,,,,73,0,73
1790896897904442784,,,0.000,0,,,,,73,0,73
1790896898105188384,,,0.000,0,,,,,73,0,73
1790896898304481824,,,0.000,0,,,,,73,0,73
1790896898504485312,,,0.000,0,,,,,73,0,73
1790896898705003488,,,0.000,0,,,,,73,0,73
1790896898904845088,,,0.000,0,,,,,73,0,73
1790896899104420128,,,0.000,0,,,,,73,0,73
1790896899304352192,,,0.000,0,,,,,73,0,73
1790896899504445024,,,0.000,0,,,,,73,0,73
1790896899704347008,,,0.000,0,,,,,73,0,73
1790896899904522208,,,0.000,0,,,,,73,0,73
1790896900104796384,,,0.000,0,,,,,73,0,73
1790896900304390624,,,0.000,0,,,,,73,0,73
1790896900504396672,,,0.000,0,,,,,73,0,73
1790896900704396480,,,0.000,0,,,,,73,0,73
1790896900904375040,,,0.000,0,,,,,73,0,73
1790896901105309632,,,0.000,0,,,,,73,0,73
1790896901304535200,,,0.000,0,,,,,73,0,73
1790896901504420608,,,0.000,0,,,,,73,0,73
1790896901704405824,,,0.000,0,,,,,73,0,73
1790896901904388384,,,0.000,0,,,,,73,0,73
1790896902104874944,,,0.000,0,,,,,73,0,73
1790896902304855968,,,0.000,0,,,,,73,0,73
1790896902504497664,,,0.000,0,,,,,73,0,73
1790896902704432064,,,0.000,0,,,,,73,0,73
1790896902904363584,,,0.000,0,,,,,73,0,73
1790896903104358784,,,0.000,0,,,,,73,0,73
1790896903304570464,,,0.000,0,,,,,73,0,73
1790896903504860704,,,0.000,0,,,,,73,0,73
1790896903704475520,,,0.000,0,,,,,73,0,73
1790896903904424256,,,0.000,0,,,,,73,0,73
1790896904104357312,,,0.000,0,,,,,73,0,73
1790896904305260896,,,0.000,0,,,,,73,0,73
1790896904504560576,,,0.000,0,,,,,73,0,73
1790896904704926848,,,0.000,0,,,,,73,0,73
1790896904904431808,,,0.000,0,,,,,73,0,73
1790896905104380032,,,0.000,0,,,,,73,0,73
1790896905304400256,,,0.000,0,,,,,73,0,73
1790896905504400416,,,0.000,0,,,,,73,0,73
1790896905704482400,,,0.000,0,,,,,73,0,73
1790896905904893536,,,0.000,0,,,,,73,0,73
1790896906104610368,,,0.000,0,,,,,73,0,73
1790896906304501248,,,0.000,0,,,,,73,0,73
1790896906504470528,,,0.000,0,,,,,73,0,73
1790896906704518720,,,0.000,0,,,,,73,0,73
1790896906904384416,,,0.000,0,,,,,73,0,73
1790896907104801728,,,0.000,0,,,,,73,0,73
1790896907304399104,,,0.000,0,,,,,73,0,73
1790896907504591808,,,0.000,0,,,,,73,0,73
1790896907705020416,,,0.000,0,,,,,73,0,73
1790896907904620640,,,0.000,0,,,,,73,0,73
1790896908104407040,,,0.000,0,,,,,73,0,73
1790896908305330624,,,0.000,0,,,,,73,0,73
1790896908504502496,,,0.000,0,,,,,73,0,73
1790896908704447072,,,0.000,0,,,,,73,0,73
1790896908904302048,,,0.000,0,,,,,73,0,73
1790896909104317344,,,0.000,0,,,,,73,0,73
1790896909304527104,,,0.000,0,,,,,73,0,73
1790896909505063008,,,0.000,0,,,,,73,0,73
1790896909704433664,,,0.000,0,,,,,73,0,73
1790896909904527104,,,0.000,0,,,,,73,0,73
1790896910104733344,,,0.000,0,,,,,73,0,73
1790896910304646912,,,0.000,0,,,,,73,0,73
1790896910504460224,,,0.000,0,,,,,73,0,73
1790896910704670784,,,0.000,0,,,,,73,0,73
1790896910905212192,,,0.000,0,,,,,73,0,73
1790896911104656448,,,0.000,0,,,,,73,0,73
1790896911304379104,,,0.000,0,,,,,73,0,73
1790896911504617984,,,0.000,0,,,,,73,0,73
1790896911704812704,,,0.000,0,,,,,73,0,73
1790896911904562688,,,0.000,0,,,,,73,0,73
1790896912104397088,,,0.000,0,,,,,73,0,73
1790896912304516608,,,0.000,0,,,,,73,0,73
1790896912504337952,,,0.000,0,,,,,73,0,73
1790896912704548448,,,0.000,0,,,,,73,0,73
1790896912904795904,,,0.000,0,,,,,73,0,73
1790896913104379520,,,0.000,0,,,,,73,0,73
1790896913304454976,,,0.000,0,,,,,73,0,73
1790896913504331872,,,0.000,0,,,,,73,0,73
1790896913704472576,,,0.000,0,,,,,73,0,73
1790896913904799200,,,0.000,0,,,,,73,0,73
1790896914105384192,,,0.000,0,,,,,73,0,73
1790896914304608896,,,0.000,0,,,,,73,0,73
1790896914504472160,,,0.000,0,,,,,73,0,73
1790896914704632832,,,0.000,0,,,,,73,0,73
1790896914904367520,,,0.000,0,,,,,73,0,73
1790896915104699328,,,0.000,0,,,,,73,0,73
1790896915305247104,,,0.000,0,,,,,73,0,73
1790896915504767296,,,0.000,0,,,,,73,0,73
1790896915704608384,,,0.000,0,,,,,73,0,73
1790896915904648928,,,0.000,0,,,,,73,0,73
1790896916104515232,,,0.000,0,,,,,73,0,73
1790896916305019840,,,0.000,0,,,,,73,0,73
1790896916505165184,,,0.000,0,,,,,73,0,73
1790896916704616352,,,0.000,0,,,,,73,0,73
1790896916904525632,,,0.000,0,,,,,73,0,73
1790896917104497824,,,0.000,0,,,,,73,0,73
1790896917305375616,,,0.000,0,,,,,73,0,73
1790896917504929536,,,0.000,0,,,,,73,0,73
1790896917705261408,,,0.000,0,,,,,73,0,73
1790896917904732384,,,0.000,0,,,,,73,0,73
1790896918104576032,,,0.000,0,,,,,73,0,73
1790896918304622784,,,0.000,0,,,,,73,0,73
1790896918504538368,,,0.000,0,,,,,73,0,73
1790896918704509664,,,0.000,0,,,,,73,0,73
1790896918905127264,,,0.000,0,,,,,73,0,73
1790896919104738176,,,0.000,0,,,,,73,0,73
1790896919304555904,,,0.000,0,,,,,73,0,73
1790896919504670048,,,0.000,0,,,,,73,0,73
1790896919704464448,,,0.000,0,,,,,73,0,73
1790896919904217632,,,0.000,0,,,,,73,0,73
1790896920105133408,,,0.000,0,,,,,73,0,73
1790896920304506176,,,0.000,0,,,,,73,0,73
1790896920504703008,,,0.000,0,,,,,73,0,73
1790896920705103424,,,0.000,0,,,,,73,0,73
1790896920904503488,,,0.000,0,,,,,73,0,73
1790896921104521440,,,0.000,0,,,,,73,0,73
1790896921305076512,,,0.000,0,,,,,73,0,73
1790896921504734368,,,0.000,0,,,,,73,0,73
1790896921704531936,,,0.000,0,,,,,73,0,73
1790896921904642368,,,0.000,0,,,,,73,0,73
1790896922104454976,,,0.000,0,,,,,73,0,73
1790896922304586272,,,0.000,0,,,,,73,0,73
1790896922504934176,,,0.000,0,,,,,73,0,73
1790896922704757184,,,0.000,0,,,,,73,0,73
1790896922904434368,,,0.000,0,,,,,73,0,73
1790896923104644896,,,0.000,0,,,,,73,0,73
1790896923304387616,,,0.000,0,,,,,73,0,73
1790896923504643424,,,0.000,0,,,,,73,0,73
1790896923704878752,,,0.000,0,,,,,73,0,73
1790896923905487360,,,0.000,0,,,,,73,0,73
1790896924104623680,,,0.000,0,,,,,73,0,73
1790896924304427840,,,0.000,0,,,,,73,0,73
1790896924504493984,,,0.000,0,,,,,73,0,73
1790896924705069376,,,0.000,0,,,,,73,0,73
1790896924904569344,,,0.000,0,,,,,73,0,73
1790896925104669152,,,0.000,0,,,,,73,0,73
1790896925304530784,,,0.000,0,,,,,73,0,73
1790896925504421344,,,0.000,0,,,,,73,0,73
1790896925704770496,,,0.000,0,,,,,73,0,73
1790896925905073888,,,0.000,0,,,,,73,0,73
1790896926104582880,,,0.000,0,,,,,73,0,73
1790896926304450528,,,0.000,0,,,,,73,0,73
1790896926504796768,,,0.000,0,,,,,73,0,73
1790896926704714688,,,0.000,0,,,,,73,0,73
1790896926904687776,,,0.000,0,,,,,73,0,73
1790896927105488448,,,0.000,0,,,,,73,0,73
1790896927304630368,,,0.000,0,,,,,73,0,73
1790896927504721696,,,0.000,0,,,,,73,0,73
1790896927704515264,,,0.000,0,,,,,73,0,73
1790896927904624896,,,0.000,0,,,,,73,0,73
1790896928104716384,,,0.000,0,,,,,73,0,73
1790896928305334688,,,0.000,0,,,,,73,0,73
1790896928504578528,,,0.000,0,,,,,73,0,73
1790896928704664160,,,0.000,0,,,,,73,0,73
1790896928904461568,,,0.000,0,,,,,73,0,73
1790896929104760704,,,0.000,0,,,,,73,0,73
1790896929304579136,,,0.000,0,,,,,73,0,73
1790896929505384352,,,0.000,0,,,,,73,0,73
1790896929704636032,,,0.000,0,,,,,73,0,73
1790896929904674624,,,0.000,0,,,,,73,0,73
1790896930104508416,,,0.000,0,,,,,73,0,73
1790896930305550144,,,0.000,0,,,,,73,0,73
1790896930504806432,,,0.000,0,,,,,73,0,73
1790896930705508512,,,0.000,0,,,,,73,0,73
1790896930904593120,,,0.000,0,,,,,73,0,73
1790896931104736096,,,0.000,0,,,,,73,0,73
1790896931304476064,,,0.000,0,,,,,73,0,73
1790896931504428096,,,0.000,0,,,,,73,0,73
1790896931704565440,,,0.000,0,,,,,73,0,73
1790896931905446528,,,0.000,0,,,,,73,0,73
1790896932104877984,,,0.000,0,,,,,73,0,73
1790896932304519008,,,0.000,0,,,,,73,0,73
1790896932504651808,,,0.000,0,,,,,73,0,73
1790896932704732864,,,0.000,0,,,,,73,0,73
1790896932904859712,,,0.000,0,,,,,73,0,73
1790896933105036480,,,0.000,0,,,,,73,0,73
1790896933304664160,,,0.000,0,,,,,73,0,73
1790896933504824192,,,0.000,0,,,,,73,0,73
1790896933705186400,,,0.000,0,,,,,73,0,73
1790896933904655296,,,0.000,0,,,,,73,0,73
1790896934104605024,,,0.000,0,,,,,73,0,73
1790896934305160704,,,0.000,0,,,,,73,0,73
1790896934504475872,,,0.000,0,,,,,73,0,73
1790896934704596928,,,0.000,0,,,,,73,0,73
1790896934904590656,,,0.000,0,,,,,73,0,73
1790896935104646368,,,0.000,0,,,,,73,0,73
1790896935304440992,,,0.000,0,,,,,73,0,73
1790896935505037504,,,0.000,0,,,,,73,0,73
1790896935704641568,,,0.000,0,,,,,73,0,73
1790896935904580000,,,0.000,0,,,,,73,0,73
1790896936104561728,,,0.000,0,,,,,73,0,73
1790896936304522112,,,0.000,0,,,,,73,0,73
1790896936505081600,,,0.000,0,,,,,73,0,73
1790896936704707328,,,0.000,0,,,,,73,0,73
1790896936905507872,,,0.000,0,,,,,73,0,73
1790896937104738944,,,0.000,0,,,,,73,0,73
1790896937304649344,,,0.000,0,,,,,73,0,73
1790896937504948448,,,0.000,0,,,,,73,0,73
1790896937705051360,,,0.000,0,,,,,73,0,73
1790896937904617984,,,0.000,0,,,,,73,0,73
1790896938104603872,,,0.000,0,,,,,73,0,73
1790896938304659136,,,0.000,0,,,,,73,0,73
1790896938504614624,,,0.000,0,,,,,73,0,73
1790896938704964736,,,0.000,0,,,,,73,0,73
1790896938905291648,,,0.000,0,,,,,73,0,73
1790896939104649600,,,0.000,0,,,,,73,0,73
1790896939304665952,,,0.000,0,,,,,73,0,73
1790896939504696960,,,0.000,0,,,,,73,0,73
1790896939704646432,,,0.000,0,,,,,73,0,73
1790896939904474400,,,0.000,0,,,,,73,0,73
1790896940105541152,,,0.000,0,,,,,73,0,73
1790896940304853088,,,0.000,0,,,,,73,0,73
1790896940504571744,,,0.000,0,,,,,73,0,73
1790896940704877888,,,0.000,0,,,,,73,0,73
1790896940904667712,,,0.000,0,,,,,73,0,73
1790896941104891552,,,0.000,0,,,,,73,0,73
1790896941305268256,,,0.000,0,,,,,73,0,73
1790896941504836288,,,0.000,0,,,,,73,0,73
1790896941704901152,,,0.000,0,,,,,73,0,73
1790896941904963904,,,0.000,0,,,,,73,0,73
1790896942104884832,,,0.000,0,,,,,73,0,73
1790896942304571456,,,0.000,0,,,,,73,0,73
1790896942505192160,,,0.000,0,,,,,73,0,73
1790896942704680192,,,0.000,0,,,,,73,0,73
1790896942904510880,,,0.000,0,,,,,73,0,73
1790896943104543520,,,0.000,0,,,,,73,0,73
1790896943305199680,,,0.000,0,,,,,73,0,73
1790896943504711008,,,0.000,0,,,,,73,0,73
1790896943705278624,,,0.000,0,,,,,73,0,73
1790896943905018784,,,0.000,0,,,,,73,0,73
1790896944104910336,,,0.000,0,,,,,73,0,73
1790896944305023456,,,0.000,0,,,,,73,0,73
1790896944504499264,,,0.000,0,,,,,73,0,73
1790896944704665536,,,0.000,0,,,,,73,0,73
1790896944904918304,,,0.000,0,,,,,73,0,73
1790896945104420448,,,0.000,0,,,,,73,0,73
1790896945304377600,,,0.000,0,,,,,73,0,73
1790896945504564032,,,0.000,0,,,,,73,0,73
1790896945704581088,,,0.000,0,,,,,73,0,73
1790896945904557760,,,0.000,0,,,,,73,0,73
1790896946105325248,,,0.000,0,,,,,73,0,73
1790896946304991264,,,0.000,0,,,,,73,0,73
1790896946504952992,,,0.000,0,,,,,73,0,73
1790896946705034528,,,0.000,0,,,,,73,0,73
1790896946904609056,,,0.000,0,,,,,73,0,73
1790896947104606176,,,0.000,0,,,,,73,0,73
1790896947305091456,,,0.000,0,,,,,73,0,73
1790896947504889088,,,0.000,0,,,,,73,0,73
1790896947704658368,,,0.000,0,,,,,73,0,73
1790896947904980832,,,0.000,0,,,,,73,0,73
1790896948104820608,,,0.000,0,,,,,73,0,73
1790896948305479552,,,0.000,0,,,,,73,0,73
1790896948504779840,,,0.000,0,,,,,73,0,73
1790896948705070656,,,0.000,0,,,,,73,0,73
1790896948904887680,,,0.000,0,,,,,73,0,73
1790896949104747872,,,0.000,0,,,,,73,0,73
1790896949304917408,,,0.000,0,,,,,73,0,73
1790896949505317920,,,0.000,0,,,,,73,0,73
1790896949704731232,,,0.000,0,,,,,73,0,73
1790896949905515904,,,0.000,0,,,,,73,0,73
1790896950104801056,,,0.000,0,,,,,73,0,73
1790896950304831392,,,0.000,0,,,,,73,0,73
1790896950505008672,,,0.000,0,,,,,73,0,73
1790896950705275584,,,0.000,0,,,,,73,0,73
