t_ns,executing_client,executing_goal_id,executing_elapsed_s,queue_length,queued_goal_ids,queued_clients,queued_priorities,queued_wait_s,total_accepted,total_rejected,total_completed
1790895891320978880,,,0.000,0,,,,,0,0,0
1790895891520363328,,,0.000,0,,,,,0,0,0
1790895891720482208,,,0.000,0,,,,,0,0,0
1790895891920170336,,,0.000,0,,,,,0,0,0
1790895892120012096,,,0.000,0,,,,,0,0,0
1790895892320780320,,,0.000,0,,,,,0,0,0
1790895892520440544,,,0.000,0,,,,,0,0,0
1790895892720382496,,,0.000,0,,,,,0,0,0
1790895892920356832,,,0.000,0,,,,,0,0,0
1790895893121118880,,,0.000,0,,,,,0,0,0
1790895893320360032,,,0.000,0,,,,,0,0,0
1790895893520752160,,,0.000,0,,,,,0,0,0
1790895893720396384,,,0.000,0,,,,,0,0,0
1790895893920333120,,,0.000,0,,,,,0,0,0
1790895894120308224,,,0.000,0,,,,,0,0,0
1790895894320329344,,,0.000,0,,,,,0,0,0
1790895894520325856,,,0.000,0,,,,,0,0,0
1790895894720826720,,,0.000,0,,,,,0,0,0
1790895894920379264,,,0.000,0,,,,,0,0,0
1790895895120581856,,,0.000,0,,,,,0,0,0
1790895895320654144,,,0.000,0,,,,,0,0,0
1790895895520229024,,,0.000,0,,,,,0,0,0
1790895895720298176,,,0.000,0,,,,,0,0,0
1790895895920746048,,,0.000,0,,,,,0,0,0
1790895896120498592,,,0.000,0,,,,,0,0,0
1790895896321002336,,,0.000,0,,,,,0,0,0
1790895896520307616,,,0.000,0,,,,,0,0,0
1790895896720432032,,,0.000,0,,,,,0,0,0
1790895896921027616,,,0.000,0,,,,,0,0,0
1790895897120501088,,,0.000,0,,,,,0,0,0
1790895897320395712,,,0.000,0,,,,,0,0,0
1790895897520422528,,,0.000,0,,,,,0,0,0
1790895897720370432,,,0.000,0,,,,,0,0,0
1790895897920628224,,,0.000,0,,,,,0,0,0
1790895898121344704,,,0.000,0,,,,,0,0,0
1790895898320747168,,,0.000,0,,,,,0,0,0
1790895898520676064,,,0.000,0,,,,,0,0,0
1790895898720457824,,,0.000,0,,,,,0,0,0
1790895898920207520,,,0.000,0,,,,,0,0,0
1790895899120380992,,,0.000,0,,,,,0,0,0
1790895899320821280,,,0.000,0,,,,,0,0,0
1790895899520949472,,,0.000,0,,,,,0,0,0
1790895899720628448,,,0.000,0,,,,,0,0,0
1790895899920142496,,,0.000,0,,,,,0,0,0
1790895900120202688,,,0.000,0,,,,,0,0,0
1790895900320414432,,,0.000,0,,,,,0,0,0
1790895900520807360,,,0.000,0,,,,,0,0,0
1790895900720126976,,,0.000,0,,,,,0,0,0
1790895900920154112,,,0.000,0,,,,,0,0,0
1790895901120378944,,,0.000,0,,,,,0,0,0
1790895901320461024,,,0.000,0,,,,,0,0,0
1790895901520561664,,,0.000,0,,,,,0,0,0
1790895901720789664,,,0.000,0,,,,,0,0,0
1790895901920165824,,,0.000,0,,,,,0,0,0
1790895902120078208,,,0.000,0,,,,,0,0,0
1790895902320380672,,,0.000,0,,,,,0,0,0
1790895902520221632,,,0.000,0,,,,,0,0,0
1790895902720456768,,,0.000,0,,,,,0,0,0
1790895902921062080,,,0.000,0,,,,,0,0,0
1790895903120479552,,,0.000,0,,,,,0,0,0
1790895903320327744,,,0.000,0,,,,,0,0,0
1790895903520234016,,,0.000,0,,,,,0,0,0
1790895903720090560,,,0.000,0,,,,,0,0,0
1790895903920147392,,,0.000,0,,,,,0,0,0
1790895904120868064,,,0.000,0,,,,,0,0,0
1790895904320335232,,,0.000,0,,,,,0,0,0
1790895904520177888,,,0.000,0,,,,,0,0,0
1790895904720295264,,,0.000,0,,,,,0,0,0
1790895904920033408,,,0.000,0,,,,,0,0,0
1790895905120546208,,,0.000,0,,,,,0,0,0
1790895905320905152,,,0.000,0,,,,,0,0,0
1790895905520099840,,,0.000,0,,,,,0,0,0
1790895905720013504,,,0.000,0,,,,,0,0,0
1790895905920004992,,,0.000,0,,,,,0,0,0
1790895906120925280,,,0.000,0,,,,,0,0,0
1790895906320393856,,,0.000,0,,,,,0,0,0
1790895906520726272,,,0.000,0,,,,,0,0,0
1790895906720195776,,,0.000,0,,,,,0,0,0
1790895906920054912,,,0.000,0,,,,,0,0,0
1790895907120327264,,,0.000,0,,,,,0,0,0
1790895907320250048,,,0.000,0,,,,,0,0,0
1790895907520284704,,,0.000,0,,,,,0,0,0
1790895907720579648,,,0.000,0,,,,,0,0,0
1790895907920098304,,,0.000,0,,,,,0,0,0
1790895908120069408,,,0.000,0,,,,,0,0,0
1790895908320257536,,,0.000,0,,,,,0,0,0
1790895908520051968,,,0.000,0,,,,,0,0,0
1790895908720214816,,,0.000,0,,,,,0,0,0
1790895908920800704,,,0.000,0,,,,,0,0,0
1790895909120261376,,,0.000,0,,,,,0,0,0
1790895909320941920,,,0.000,0,,,,,0,0,0
1790895909520489312,,,0.000,0,,,,,0,0,0
1790895909720467232,,,0.000,0,,,,,0,0,0
1790895909920809408,,,0.000,0,,,,,0,0,0
1790895910120176800,,,0.000,0,,,,,0,0,0
1790895910320354848,,,0.000,0,,,,,0,0,0
1790895910520718656,,,0.000,0,,,,,0,0,0
1790895910720486432,,,0.000,0,,,,,0,0,0
1790895910920534560,,,0.000,0,,,,,0,0,0
1790895911120731456,,,0.000,0,,,,,0,0,0
1790895911320236448,,,0.000,0,,,,,0,0,0
1790895911520209824,,,0.000,0,,,,,0,0,0
1790895911720155392,,,0.000,0,,,,,0,0,0
1790895911920151296,,,0.000,0,,,,,0,0,0
1790895912120515616,,,0.000,0,,,,,0,0,0
1790895912320860448,,,0.000,0,,,,,0,0,0
1790895912520998176,,,0.000,0,,,,,0,0,0
1790895912720467104,,,0.000,0,,,,,0,0,0
1790895912920420800,,,0.000,0,,,,,0,0,0
1790895913120340640,,,0.000,0,,,,,0,0,0
1790895913320463136,,,0.000,0,,,,,0,0,0
1790895913520940544,,,0.000,0,,,,,0,0,0
1790895913720229312,,,0.000,0,,,,,0,0,0
1790895913920130592,,,0.000,0,,,,,0,0,0
1790895914120108832,,,0.000,0,,,,,0,0,0
1790895914320309344,,,0.000,0,,,,,0,0,0
1790895914520313216,,,0.000,0,,,,,0,0,0
1790895914720746560,,,0.000,0,,,,,0,0,0
1790895914920171968,,,0.000,0,,,,,0,0,0
1790895915120149632,,,0.000,0,,,,,0,0,0
1790895915320156256,,,0.000,0,,,,,0,0,0
1790895915520222048,,,0.000,0,,,,,0,0,0
1790895915720245984,,,0.000,0,,,,,0,0,0
1790895915921056640,,,0.000,0,,,,,0,0,0
1790895916120589920,,,0.000,0,,,,,0,0,0
1790895916320222560,,,0.000,0,,,,,0,0,0
1790895916520400256,,,0.000,0,,,,,0,0,0
1790895916720454816,,,0.000,0,,,,,0,0,0
1790895916920248384,,,0.000,0,,,,,0,0,0
1790895917120846688,,,0.000,0,,,,,0,0,0
1790895917320135904,,,0.000,0,,,,,0,0,0
1790895917520163968,,,0.000,0,,,,,0,0,0
1790895917720140896,,,0.000,0,,,,,0,0,0
1790895917920070240,,,0.000,0,,,,,0,0,0
1790895918119997600,,,0.000,0,,,,,0,0,0
1790895918320765664,,,0.000,0,,,,,0,0,0
1790895918520617984,,,0.000,0,,,,,0,0,0
1790895918720477472,,,0.000,0,,,,,0,0,0
1790895918920460672,,,0.000,0,,,,,0,0,0
1790895919120898880,,,0.000,0,,,,,0,0,0
1790895919320449024,,,0.000,0,,,,,0,0,0
1790895919520736896,,,0.000,0,,,,,0,0,0
1790895919720117760,,,0.000,0,,,,,0,0,0
1790895919920110336,,,0.000,0,,,,,0,0,0
1790895920120139712,,,0.000,0,,,,,0,0,0
1790895920320029920,,,0.000,0,,,,,0,0,0
1790895920520738432,,,0.000,0,,,,,0,0,0
1790895920720639712,,,0.000,0,,,,,0,0,0
1790895920920302880,,,0.000,0,,,,,0,0,0
1790895921120470528,,,0.000,0,,,,,0,0,0
1790895921320532000,,,0.000,0,,,,,0,0,0
1790895921520250208,,,0.000,0,,,,,0,0,0
1790895921720200736,,,0.000,0,,,,,0,0,0
1790895921920429568,,,0.000,0,,,,,0,0,0
1790895922120125312,,,0.000,0,,,,,0,0,0
1790895922321000864,,,0.000,0,,,,,0,0,0
1790895922520375392,,,0.000,0,,,,,0,0,0
1790895922720271616,,,0.000,0,,,,,0,0,0
1790895922920872064,,,0.000,0,,,,,0,0,0
1790895923120472448,,,0.000,0,,,,,0,0,0
1790895923320158592,,,0.000,0,,,,,0,0,0
1790895923520340160,,,0.000,0,,,,,0,0,0
1790895923720061216,,,0.000,0,,,,,0,0,0
1790895923920514048,,,0.000,0,,,,,0,0,0
1790895924120875648,,,0.000,0,,,,,0,0,0
1790895924320226976,,,0.000,0,,,,,0,0,0
1790895924520200768,,,0.000,0,,,,,0,0,0
1790895924720173984,,,0.000,0,,,,,0,0,0
1790895924920427904,,,0.000,0,,,,,0,0,0
1790895925120582048,,,0.000,0,,,,,0,0,0
1790895925320907392,,,0.000,0,,,,,0,0,0
1790895925521079712,,,0.000,0,,,,,0,0,0
1790895925720366432,,,0.000,0,,,,,0,0,0
1790895925920189920,,,0.000,0,,,,,0,0,0
1790895926120193952,,,0.000,0,,,,,0,0,0
1790895926320334848,,,0.000,0,,,,,0,0,0
1790895926520885216,,,0.000,0,,,,,0,0,0
1790895926720369344,,,0.000,0,,,,,0,0,0
1790895926920462176,,,0.000,0,,,,,0,0,0
1790895927120428704,,,0.000,0,,,,,0,0,0
1790895927320160192,,,0.000,0,,,,,0,0,0
1790895927520268000,,,0.000,0,,,,,0,0,0
1790895927720841536,,,0.000,0,,,,,0,0,0
1790895927920334912,,,0.000,0,,,,,0,0,0
1790895928120175648,,,0.000,0,,,,,0,0,0
1790895928320470336,,,0.000,0,,,,,0,0,0
1790895928520374944,,,0.000,0,,,,,0,0,0
1790895928719982432,,,0.000,0,,,,,0,0,0
1790895928921038976,,,0.000,0,,,,,0,0,0
1790895929120369632,,,0.000,0,,,,,0,0,0
1790895929320826528,,,0.000,0,,,,,0,0,0
1790895929520280160,,,0.000,0,,,,,0,0,0
1790895929720319904,,,0.000,0,,,,,0,0,0
1790895929920492160,,,0.000,0,,,,,0,0,0
1790895930120874496,,,0.000,0,,,,,0,0,0
1790895930320289856,,,0.000,0,,,,,0,0,0
1790895930520249504,,,0.000,0,,,,,0,0,0
1790895930720534848,,,0.000,0,,,,,0,0,0
1790895930920481600,,,0.000,0,,,,,0,0,0
1790895931120342080,,,0.000,0,,,,,0,0,0
1790895931320700864,,,0.000,0,,,,,0,0,0
1790895931520212288,,,0.000,0,,,,,0,0,0
1790895931720215584,,,0.000,0,,,,,0,0,0
1790895931920108000,,,0.000,0,,,,,0,0,0
1790895932120838368,,,0.000,0,,,,,0,0,0
1790895932320573152,,,0.000,0,,,,,0,0,0
1790895932520708480,,,0.000,0,,,,,0,0,0
1790895932720205216,,,0.000,0,,,,,0,0,0
1790895932920261376,,,0.000,0,,,,,0,0,0
1790895933120170752,,,0.000,0,,,,,0,0,0
1790895933320232192,,,0.000,0,,,,,0,0,0
1790895933520181824,,,0.000,0,,,,,0,0,0
1790895933720629312,,,0.000,0,,,,,0,0,0
1790895933920173920,,,0.000,0,,,,,0,0,0
1790895934120090464,,,0.000,0,,,,,0,0,0
1790895934320148096,,,0.000,0,,,,,0,0,0
1790895934520082496,,,0.000,0,,,,,0,0,0
1790895934720924736,,,0.000,0,,,,,0,0,0
1790895934920274752,,,0.000,0,,,,,0,0,0
1790895935120158976,,,0.000,0,,,,,0,0,0
1790895935320641760,,,0.000,0,,,,,0,0,0
1790895935520362144,,,0.000,0,,,,,0,0,0
1790895935720665472,,,0.000,0,,,,,0,0,0
1790895935920832192,,,0.000,0,,,,,0,0,0
1790895936120378752,,,0.000,0,,,,,0,0,0
1790895936320247104,,,0.000,0,,,,,0,0,0
1790895936520326816,,,0.000,0,,,,,0,0,0
1790895936720212928,,,0.000,0,,,,,0,0,0
1790895936920629792,,,0.000,0,,,,,0,0,0
1790895937120776576,,,0.000,0,,,,,0,0,0
1790895937320206496,,,0.000,0,,,,,0,0,0
1790895937520210816,,,0.000,0,,,,,0,0,0
1790895937720151360,,,0.000,0,,,,,0,0,0
1790895937920134112,,,0.000,0,,,,,0,0,0
1790895938120460896,,,0.000,0,,,,,0,0,0
1790895938320880128,,,0.000,0,,,,,0,0,0
1790895938520955680,,,0.000,0,,,,,0,0,0
1790895938720292288,,,0.000,0,,,,,0,0,0
1790895938920191744,,,0.000,0,,,,,0,0,0
1790895939120094720,,,0.000,0,,,,,0,0,0
1790895939320347840,,,0.000,0,,,,,0,0,0
1790895939520796000,,,0.000,0,,,,,0,0,0
1790895939720232800,,,0.000,0,,,,,0,0,0
1790895939920157152,,,0.000,0,,,,,0,0,0
1790895940120114656,,,0.000,0,,,,,0,0,0
1790895940320096864,,,0.000,0,,,,,0,0,0
1790895940520002208,,,0.000,0,,,,,0,0,0
1790895940720767264,,,0.000,0,,,,,0,0,0
1790895940920315648,,,0.000,0,,,,,0,0,0
1790895941120310880,,,0.000,0,,,,,0,0,0
1790895941320919296,,,0.000,0,,,,,0,0,0
1790895941520487808,,,0.000,0,,,,,0,0,0
1790895941720363872,,,0.000,0,,,,,0,0,0
1790895941921065984,,,0.000,0,,,,,0,0,0
1790895942120860384,,,0.000,0,,,,,0,0,0
1790895942320209024,,,0.000,0,,,,,0,0,0
1790895942520523008,,,0.000,0,,,,,0,0,0
1790895942720319968,Italo,f6873601ac01,0.168,0,,,,,1,0,0
1790895942920464032,Italo,f6873601ac01,0.368,0,,,,,1,0,0
1790895943120356576,Italo,f6873601ac01,0.568,0,,,,,1,0,0
1790895943320291616,Italo,f6873601ac01,0.768,0,,,,,1,0,0
1790895943520326048,Italo,f6873601ac01,0.968,0,,,,,1,0,0
1790895943720336960,Italo,f6873601ac01,1.168,0,,,,,1,0,0
1790895943920426496,Italo,f6873601ac01,1.368,0,,,,,1,0,0
1790895944120445984,Italo,f6873601ac01,1.568,0,,,,,1,0,0
1790895944321019008,Italo,f6873601ac01,1.769,0,,,,,1,0,0
1790895944520796448,Italo,f6873601ac01,1.969,0,,,,,1,0,0
1790895944720803584,Italo,f6873601ac01,2.168,0,,,,,1,0,0
1790895944920653728,Italo,f6873601ac01,2.368,1,050529ea4aeb,Hugo,2,0.111,2,0,0
1790895945120898176,Italo,f6873601ac01,2.569,1,050529ea4aeb,Hugo,2,0.312,2,0,0
1790895945320443328,Italo,f6873601ac01,2.768,1,050529ea4aeb,Hugo,2,0.511,2,0,0
1790895945520377632,Italo,f6873601ac01,2.968,1,050529ea4aeb,Hugo,2,0.711,2,0,0
1790895945720315712,Hugo,050529ea4aeb,0.152,0,,,,,2,0,1
1790895945920255008,Hugo,050529ea4aeb,0.352,0,,,,,2,0,1
1790895946120267616,Hugo,050529ea4aeb,0.552,1,ee539670c813,Italo,1,0.042,3,0,1
1790895946320823776,Hugo,050529ea4aeb,0.752,1,ee539670c813,Italo,1,0.242,3,0,1
1790895946520875456,Hugo,050529ea4aeb,0.952,1,ee539670c813,Italo,1,0.442,3,0,1
1790895946720887968,Hugo,050529ea4aeb,1.152,1,ee539670c813,Italo,1,0.642,3,0,1
1790895946920678432,Hugo,050529ea4aeb,1.352,1,ee539670c813,Italo,1,0.842,3,0,1
1790895947121073152,Hugo,050529ea4aeb,1.552,1,ee539670c813,Italo,1,1.042,3,0,1
1790895947320405184,Hugo,050529ea4aeb,1.752,2,ee539670c813|0391c30ad88b,Italo|Daniela,1|3,1.242|0.118,4,0,1
1790895947520235648,Hugo,050529ea4aeb,1.952,2,ee539670c813|0391c30ad88b,Italo|Daniela,1|3,1.442|0.318,4,0,1
1790895947720774336,Hugo,050529ea4aeb,2.152,2,ee539670c813|0391c30ad88b,Italo|Daniela,1|3,1.642|0.518,4,0,1
1790895947920402080,Hugo,050529ea4aeb,2.352,2,ee539670c813|0391c30ad88b,Italo|Daniela,1|3,1.842|0.718,4,0,1
1790895948120314592,Hugo,050529ea4aeb,2.552,2,ee539670c813|0391c30ad88b,Italo|Daniela,1|3,2.042|0.918,4,0,1
1790895948320240928,Hugo,050529ea4aeb,2.752,2,ee539670c813|0391c30ad88b,Italo|Daniela,1|3,2.242|1.118,4,0,1
1790895948520380384,Hugo,050529ea4aeb,2.952,2,ee539670c813|0391c30ad88b,Italo|Daniela,1|3,2.442|1.318,4,0,1
1790895948721014592,Italo,ee539670c813,0.133,1,0391c30ad88b,Daniela,3,1.518,4,0,2
1790895948920682016,Italo,ee539670c813,0.332,1,0391c30ad88b,Daniela,3,1.718,4,0,2
1790895949120334304,Italo,ee539670c813,0.532,2,0391c30ad88b|8ccbaf24a375,Daniela|Hugo,3|2,1.918|0.018,5,0,2
1790895949320742496,Italo,ee539670c813,0.733,2,0391c30ad88b|8ccbaf24a375,Daniela|Hugo,3|2,2.118|0.218,5,0,2
1790895949520909440,Italo,ee539670c813,0.933,2,0391c30ad88b|8ccbaf24a375,Daniela|Hugo,3|2,2.318|0.418,5,0,2
1790895949720506976,Italo,ee539670c813,1.132,3,0391c30ad88b|8ccbaf24a375|2f8253431a62,Daniela|Hugo|Cielo,3|2|4,2.518|0.618|0.149,6,0,2
1790895949920803872,Italo,ee539670c813,1.332,3,0391c30ad88b|8ccbaf24a375|2f8253431a62,Daniela|Hugo|Cielo,3|2|4,2.718|0.818|0.349,6,0,2
1790895950120698368,Italo,ee539670c813,1.532,3,0391c30ad88b|8ccbaf24a375|2f8253431a62,Daniela|Hugo|Cielo,3|2|4,2.918|1.018|0.549,6,0,2
1790895950320830080,Italo,ee539670c813,1.732,3,0391c30ad88b|8ccbaf24a375|2f8253431a62,Daniela|Hugo|Cielo,3|2|4,3.118|1.218|0.749,6,0,2
1790895950520650720,Italo,ee539670c813,1.932,3,0391c30ad88b|8ccbaf24a375|2f8253431a62,Daniela|Hugo|Cielo,3|2|4,3.318|1.418|0.949,6,0,2
1790895950720611840,Italo,ee539670c813,2.132,3,0391c30ad88b|8ccbaf24a375|2f8253431a62,Daniela|Hugo|Cielo,3|2|4,3.518|1.618|1.149,6,0,2
1790895950920616576,Italo,ee539670c813,2.332,3,0391c30ad88b|8ccbaf24a375|2f8253431a62,Daniela|Hugo|Cielo,3|2|4,3.718|1.818|1.349,6,0,2
1790895951121088768,Italo,ee539670c813,2.533,3,0391c30ad88b|8ccbaf24a375|2f8253431a62,Daniela|Hugo|Cielo,3|2|4,3.918|2.018|1.549,6,0,2
1790895951320692288,Italo,ee539670c813,2.732,3,0391c30ad88b|8ccbaf24a375|2f8253431a62,Daniela|Hugo|Cielo,3|2|4,4.118|2.218|1.749,6,0,2
1790895951521291392,Italo,ee539670c813,2.933,3,0391c30ad88b|8ccbaf24a375|2f8253431a62,Daniela|Hugo|Cielo,3|2|4,4.318|2.419|1.949,6,0,2
1790895951721044608,Daniela,0391c30ad88b,0.114,2,8ccbaf24a375|2f8253431a62,Hugo|Cielo,2|4,2.618|2.149,6,0,3
1790895951920813184,Daniela,0391c30ad88b,0.314,2,8ccbaf24a375|2f8253431a62,Hugo|Cielo,2|4,2.818|2.349,6,0,3
1790895952120592768,Daniela,0391c30ad88b,0.514,2,8ccbaf24a375|2f8253431a62,Hugo|Cielo,2|4,3.018|2.548,7,0,3
1790895952321183808,Daniela,0391c30ad88b,0.714,3,8ccbaf24a375|2f8253431a62|8e22e45e4adf,Hugo|Cielo|Italo,2|4|1,3.218|2.749|0.197,7,0,3
1790895952520639552,Daniela,0391c30ad88b,0.914,3,8ccbaf24a375|2f8253431a62|8e22e45e4adf,Hugo|Cielo|Italo,2|4|1,3.418|2.949|0.397,7,0,3
1790895952720710816,Daniela,0391c30ad88b,1.114,3,8ccbaf24a375|2f8253431a62|8e22e45e4adf,Hugo|Cielo|Italo,2|4|1,3.618|3.149|0.596,7,0,3
1790895952920682848,Daniela,0391c30ad88b,1.314,3,8ccbaf24a375|2f8253431a62|8e22e45e4adf,Hugo|Cielo|Italo,2|4|1,3.818|3.349|0.796,7,0,3
1790895953120688800,Daniela,0391c30ad88b,1.514,3,8ccbaf24a375|2f8253431a62|8e22e45e4adf,Hugo|Cielo|Italo,2|4|1,4.018|3.549|0.996,7,0,3
1790895953320959904,Daniela,0391c30ad88b,1.714,3,8ccbaf24a375|2f8253431a62|8e22e45e4adf,Hugo|Cielo|Italo,2|4|1,4.218|3.749|1.197,7,0,3
1790895953521090464,Daniela,0391c30ad88b,1.914,3,8ccbaf24a375|2f8253431a62|8e22e45e4adf,Hugo|Cielo|Italo,2|4|1,4.418|3.949|1.397,7,0,3
1790895953720858080,Daniela,0391c30ad88b,2.114,3,8ccbaf24a375|2f8253431a62|8e22e45e4adf,Hugo|Cielo|Italo,2|4|1,4.618|4.149|1.597,7,0,3
1790895953920895456,Daniela,0391c30ad88b,2.314,3,8ccbaf24a375|2f8253431a62|8e22e45e4adf,Hugo|Cielo|Italo,2|4|1,4.818|4.349|1.796,7,0,3
1790895954120716608,Daniela,0391c30ad88b,2.514,3,8ccbaf24a375|2f8253431a62|8e22e45e4adf,Hugo|Cielo|Italo,2|4|1,5.018|4.549|1.996,7,0,3
1790895954321324512,Daniela,0391c30ad88b,2.714,3,8ccbaf24a375|2f8253431a62|8e22e45e4adf,Hugo|Cielo|Italo,2|4|1,5.219|4.749|2.197,7,0,3
1790895954520813856,Daniela,0391c30ad88b,2.914,3,8ccbaf24a375|2f8253431a62|8e22e45e4adf,Hugo|Cielo|Italo,2|4|1,5.418|4.949|2.397,7,0,3
1790895954721100512,Hugo,8ccbaf24a375,0.098,2,2f8253431a62|8e22e45e4adf,Cielo|Italo,4|1,5.149|2.597,7,0,4
1790895954920377856,Hugo,8ccbaf24a375,0.298,2,2f8253431a62|8e22e45e4adf,Cielo|Italo,4|1,5.348|2.796,7,0,4
1790895955120707040,Hugo,8ccbaf24a375,0.498,2,2f8253431a62|8e22e45e4adf,Cielo|Italo,4|1,5.549|2.996,7,0,4
1790895955320667872,Hugo,8ccbaf24a375,0.698,3,2f8253431a62|8e22e45e4adf|c40c9d230032,Cielo|Italo|Daniela,4|1|3,5.749|3.196|0.186,8,0,4
1790895955520678016,Hugo,8ccbaf24a375,0.898,3,2f8253431a62|8e22e45e4adf|c40c9d230032,Cielo|Italo|Daniela,4|1|3,5.949|3.396|0.386,8,0,4
1790895955720698240,Hugo,8ccbaf24a375,1.098,3,2f8253431a62|8e22e45e4adf|c40c9d230032,Cielo|Italo|Daniela,4|1|3,6.149|3.596|0.586,8,0,4
1790895955921518688,Hugo,8ccbaf24a375,1.298,3,2f8253431a62|8e22e45e4adf|c40c9d230032,Cielo|Italo|Daniela,4|1|3,6.349|3.797|0.786,8,0,4
1790895956120831296,Hugo,8ccbaf24a375,1.498,3,2f8253431a62|8e22e45e4adf|c40c9d230032,Cielo|Italo|Daniela,4|1|3,6.549|3.997|0.986,8,0,4
1790895956320780512,Hugo,8ccbaf24a375,1.698,3,2f8253431a62|8e22e45e4adf|c40c9d230032,Cielo|Italo|Daniela,4|1|3,6.749|4.197|1.186,8,0,4
1790895956520728640,Hugo,8ccbaf24a375,1.898,3,2f8253431a62|8e22e45e4adf|c40c9d230032,Cielo|Italo|Daniela,4|1|3,6.949|4.396|1.386,8,0,4
1790895956720576192,Hugo,8ccbaf24a375,2.098,3,2f8253431a62|8e22e45e4adf|c40c9d230032,Cielo|Italo|Daniela,4|1|3,7.149|4.597|1.586,8,0,4
1790895956920729824,Hugo,8ccbaf24a375,2.298,3,2f8253431a62|8e22e45e4adf|c40c9d230032,Cielo|Italo|Daniela,4|1|3,7.349|4.797|1.786,8,0,4
1790895957120910080,Hugo,8ccbaf24a375,2.498,3,2f8253431a62|8e22e45e4adf|c40c9d230032,Cielo|Italo|Daniela,4|1|3,7.549|4.997|1.986,8,0,4
1790895957320731424,Hugo,8ccbaf24a375,2.698,3,2f8253431a62|8e22e45e4adf|c40c9d230032,Cielo|Italo|Daniela,4|1|3,7.749|5.197|2.186,8,0,4
1790895957521231616,Hugo,8ccbaf24a375,2.898,3,2f8253431a62|8e22e45e4adf|c40c9d230032,Cielo|Italo|Daniela,4|1|3,7.949|5.397|2.386,8,0,4
1790895957720834272,Cielo,2f8253431a62,0.081,2,8e22e45e4adf|c40c9d230032,Italo|Daniela,1|3,5.597|2.586,8,0,5
1790895957921191904,Cielo,2f8253431a62,0.281,2,8e22e45e4adf|c40c9d230032,Italo|Daniela,1|3,5.797|2.787,8,0,5
1790895958120597120,Cielo,2f8253431a62,0.480,2,8e22e45e4adf|c40c9d230032,Italo|Daniela,1|3,5.997|2.986,8,0,5
1790895958320920000,Cielo,2f8253431a62,0.681,3,8e22e45e4adf|c40c9d230032|f98435d39041,Italo|Daniela|Hugo,1|3|2,6.197|3.186|0.170,9,0,5
1790895958520814656,Cielo,2f8253431a62,0.881,3,8e22e45e4adf|c40c9d230032|f98435d39041,Italo|Daniela|Hugo,1|3|2,6.397|3.386|0.369,9,0,5
1790895958720788576,Cielo,2f8253431a62,1.081,3,8e22e45e4adf|c40c9d230032|f98435d39041,Italo|Daniela|Hugo,1|3|2,6.597|3.586|0.570,9,0,5
1790895958920703936,Cielo,2f8253431a62,1.281,3,8e22e45e4adf|c40c9d230032|f98435d39041,Italo|Daniela|Hugo,1|3|2,6.797|3.786|0.769,9,0,5
1790895959120533632,Cielo,2f8253431a62,1.480,3,8e22e45e4adf|c40c9d230032|f98435d39041,Italo|Daniela|Hugo,1|3|2,6.997|3.986|0.969,9,0,5
1790895959320512064,Cielo,2f8253431a62,1.680,3,8e22e45e4adf|c40c9d230032|f98435d39041,Italo|Daniela|Hugo,1|3|2,7.196|4.186|1.169,9,0,5
1790895959521077024,Cielo,2f8253431a62,1.881,3,8e22e45e4adf|c40c9d230032|f98435d39041,Italo|Daniela|Hugo,1|3|2,7.397|4.386|1.370,9,0,5
1790895959720688000,Cielo,2f8253431a62,2.081,3,8e22e45e4adf|c40c9d230032|f98435d39041,Italo|Daniela|Hugo,1|3|2,7.597|4.586|1.569,9,0,5
1790895959920736320,Cielo,2f8253431a62,2.281,3,8e22e45e4adf|c40c9d230032|f98435d39041,Italo|Daniela|Hugo,1|3|2,7.797|4.786|1.769,9,0,5
1790895960121003200,Cielo,2f8253431a62,2.481,3,8e22e45e4adf|c40c9d230032|f98435d39041,Italo|Daniela|Hugo,1|3|2,7.997|4.986|1.969,9,0,5
1790895960320914272,Cielo,2f8253431a62,2.681,3,8e22e45e4adf|c40c9d230032|f98435d39041,Italo|Daniela|Hugo,1|3|2,8.197|5.186|2.169,9,0,5
1790895960520390560,Cielo,2f8253431a62,2.880,3,8e22e45e4adf|c40c9d230032|f98435d39041,Italo|Daniela|Hugo,1|3|2,8.396|5.386|2.369,9,0,5
1790895960720851584,Italo,8e22e45e4adf,0.061,2,c40c9d230032|f98435d39041,Daniela|Hugo,3|2,5.586|2.569,9,0,6
1790895960920698656,Italo,8e22e45e4adf,0.261,2,c40c9d230032|f98435d39041,Daniela|Hugo,3|2,5.786|2.769,9,0,6
1790895961121117600,Italo,8e22e45e4adf,0.462,2,c40c9d230032|f98435d39041,Daniela|Hugo,3|2,5.986|2.970,9,0,6
1790895961320702336,Italo,8e22e45e4adf,0.661,3,c40c9d230032|f98435d39041|b24241d49875,Daniela|Hugo|Cielo,3|2|4,6.186|3.169|0.147,10,0,6
1790895961520606144,Italo,8e22e45e4adf,0.861,3,c40c9d230032|f98435d39041|b24241d49875,Daniela|Hugo|Cielo,3|2|4,6.386|3.369|0.347,10,0,6
1790895961721152160,Italo,8e22e45e4adf,1.062,3,c40c9d230032|f98435d39041|b24241d49875,Daniela|Hugo|Cielo,3|2|4,6.587|3.570|0.548,10,0,6
1790895961920890368,Italo,8e22e45e4adf,1.261,3,c40c9d230032|f98435d39041|b24241d49875,Daniela|Hugo|Cielo,3|2|4,6.786|3.770|0.748,10,0,6
1790895962120601408,Italo,8e22e45e4adf,1.461,3,c40c9d230032|f98435d39041|b24241d49875,Daniela|Hugo|Cielo,3|2|4,6.986|3.969|0.947,10,0,6
1790895962320825408,Italo,8e22e45e4adf,1.661,3,c40c9d230032|f98435d39041|b24241d49875,Daniela|Hugo|Cielo,3|2|4,7.186|4.169|1.147,10,0,6
1790895962520847552,Italo,8e22e45e4adf,1.861,3,c40c9d230032|f98435d39041|b24241d49875,Daniela|Hugo|Cielo,3|2|4,7.386|4.370|1.348,10,0,6
1790895962720831072,Italo,8e22e45e4adf,2.061,3,c40c9d230032|f98435d39041|b24241d49875,Daniela|Hugo|Cielo,3|2|4,7.586|4.570|1.548,10,0,6
1790895962921013536,Italo,8e22e45e4adf,2.262,3,c40c9d230032|f98435d39041|b24241d49875,Daniela|Hugo|Cielo,3|2|4,7.786|4.770|1.748,10,0,6
1790895963121008928,Italo,8e22e45e4adf,2.461,3,c40c9d230032|f98435d39041|b24241d49875,Daniela|Hugo|Cielo,3|2|4,7.986|4.969|1.948,10,0,6
1790895963320679488,Italo,8e22e45e4adf,2.661,3,c40c9d230032|f98435d39041|b24241d49875,Daniela|Hugo|Cielo,3|2|4,8.186|5.169|2.147,10,0,6
1790895963521025440,Italo,8e22e45e4adf,2.861,3,c40c9d230032|f98435d39041|b24241d49875,Daniela|Hugo|Cielo,3|2|4,8.386|5.370|2.348,10,0,6
1790895963720561152,Daniela,c40c9d230032,0.040,2,f98435d39041|b24241d49875,Hugo|Cielo,2|4,5.569|2.547,10,0,7
1790895963920583488,Daniela,c40c9d230032,0.240,2,f98435d39041|b24241d49875,Hugo|Cielo,2|4,5.769|2.747,10,0,7
1790895964120819392,Daniela,c40c9d230032,0.440,2,f98435d39041|b24241d49875,Hugo|Cielo,2|4,5.970|2.948,10,0,7
1790895964320841696,Daniela,c40c9d230032,0.640,3,f98435d39041|b24241d49875|7538d5347db6,Hugo|Cielo|Italo,2|4|1,6.169|3.147|0.127,11,0,7
1790895964520615104,Daniela,c40c9d230032,0.840,3,f98435d39041|b24241d49875|7538d5347db6,Hugo|Cielo|Italo,2|4|1,6.369|3.347|0.326,11,0,7
1790895964720988576,Daniela,c40c9d230032,1.040,3,f98435d39041|b24241d49875|7538d5347db6,Hugo|Cielo|Italo,2|4|1,6.570|3.548|0.527,11,0,7
1790895964920886560,Daniela,c40c9d230032,1.240,3,f98435d39041|b24241d49875|7538d5347db6,Hugo|Cielo|Italo,2|4|1,6.769|3.747|0.726,11,0,7
1790895965120818432,Daniela,c40c9d230032,1.440,3,f98435d39041|b24241d49875|7538d5347db6,Hugo|Cielo|Italo,2|4|1,6.969|3.947|0.926,11,0,7
1790895965320761920,Daniela,c40c9d230032,1.640,3,f98435d39041|b24241d49875|7538d5347db6,Hugo|Cielo|Italo,2|4|1,7.169|4.148|1.127,11,0,7
1790895965520740032,Daniela,c40c9d230032,1.840,3,f98435d39041|b24241d49875|7538d5347db6,Hugo|Cielo|Italo,2|4|1,7.369|4.347|1.327,11,0,7
1790895965721014816,Daniela,c40c9d230032,2.040,3,f98435d39041|b24241d49875|7538d5347db6,Hugo|Cielo|Italo,2|4|1,7.570|4.548|1.527,11,0,7
1790895965920716096,Daniela,c40c9d230032,2.240,3,f98435d39041|b24241d49875|7538d5347db6,Hugo|Cielo|Italo,2|4|1,7.769|4.747|1.727,11,0,7
1790895966120622304,Daniela,c40c9d230032,2.440,3,f98435d39041|b24241d49875|7538d5347db6,Hugo|Cielo|Italo,2|4|1,7.969|4.947|1.927,11,0,7
1790895966320579296,Daniela,c40c9d230032,2.640,3,f98435d39041|b24241d49875|7538d5347db6,Hugo|Cielo|Italo,2|4|1,8.169|5.147|2.126,11,0,7
1790895966520982944,Daniela,c40c9d230032,2.840,3,f98435d39041|b24241d49875|7538d5347db6,Hugo|Cielo|Italo,2|4|1,8.370|5.348|2.327,11,0,7
1790895966720805856,Hugo,f98435d39041,0.021,2,b24241d49875|7538d5347db6,Cielo|Italo,4|1,5.547|2.526,11,0,8
1790895966920460672,Hugo,f98435d39041,0.221,2,b24241d49875|7538d5347db6,Cielo|Italo,4|1,5.747|2.726,11,0,8
1790895967120905120,Hugo,f98435d39041,0.421,2,b24241d49875|7538d5347db6,Cielo|Italo,4|1,5.947|2.927,11,0,8
1790895967320806368,Hugo,f98435d39041,0.621,3,b24241d49875|7538d5347db6|741cd03afe86,Cielo|Italo|Daniela,4|1|3,6.148|3.127|0.107,12,0,8
1790895967520762848,Hugo,f98435d39041,0.821,3,b24241d49875|7538d5347db6|741cd03afe86,Cielo|Italo|Daniela,4|1|3,6.347|3.326|0.307,12,0,8
1790895967720951584,Hugo,f98435d39041,1.021,3,b24241d49875|7538d5347db6|741cd03afe86,Cielo|Italo|Daniela,4|1|3,6.548|3.527|0.507,12,0,8
1790895967920637600,Hugo,f98435d39041,1.221,3,b24241d49875|7538d5347db6|741cd03afe86,Cielo|Italo|Daniela,4|1|3,6.747|3.726|0.707,12,0,8
1790895968120943648,Hugo,f98435d39041,1.421,3,b24241d49875|7538d5347db6|741cd03afe86,Cielo|Italo|Daniela,4|1|3,6.947|3.927|0.907,12,0,8
1790895968320987136,Hugo,f98435d39041,1.621,3,b24241d49875|7538d5347db6|741cd03afe86,Cielo|Italo|Daniela,4|1|3,7.148|4.127|1.107,12,0,8
1790895968520515168,Hugo,f98435d39041,1.821,3,b24241d49875|7538d5347db6|741cd03afe86,Cielo|Italo|Daniela,4|1|3,7.347|4.326|1.307,12,0,8
1790895968720883328,Hugo,f98435d39041,2.021,3,b24241d49875|7538d5347db6|741cd03afe86,Cielo|Italo|Daniela,4|1|3,7.547|4.526|1.507,12,0,8
1790895968920931328,Hugo,f98435d39041,2.221,3,b24241d49875|7538d5347db6|741cd03afe86,Cielo|Italo|Daniela,4|1|3,7.748|4.727|1.707,12,0,8
1790895969120656832,Hugo,f98435d39041,2.421,3,b24241d49875|7538d5347db6|741cd03afe86,Cielo|Italo|Daniela,4|1|3,7.947|4.927|1.907,12,0,8
1790895969320839840,Hugo,f98435d39041,2.621,3,b24241d49875|7538d5347db6|741cd03afe86,Cielo|Italo|Daniela,4|1|3,8.148|5.127|2.107,12,0,8
1790895969520845280,Hugo,f98435d39041,2.821,3,b24241d49875|7538d5347db6|741cd03afe86,Cielo|Italo|Daniela,4|1|3,8.348|5.327|2.307,12,0,8
1790895969723661664,Cielo,b24241d49875,0.005,2,7538d5347db6|741cd03afe86,Italo|Daniela,1|3,5.530|2.510,12,0,9
1790895969920639744,Cielo,b24241d49875,0.202,2,7538d5347db6|741cd03afe86,Italo|Daniela,1|3,5.726|2.707,12,0,9
1790895970121015936,Cielo,b24241d49875,0.402,2,7538d5347db6|741cd03afe86,Italo|Daniela,1|3,5.927|2.907,12,0,9
1790895970320868064,Cielo,b24241d49875,0.602,3,7538d5347db6|741cd03afe86|e0e68b27afaa,Italo|Daniela|Hugo,1|3|2,6.126|3.107|0.087,13,0,9
1790895970521307968,Cielo,b24241d49875,0.802,3,7538d5347db6|741cd03afe86|e0e68b27afaa,Italo|Daniela|Hugo,1|3|2,6.327|3.308|0.288,13,0,9
1790895970721163136,Cielo,b24241d49875,1.002,3,7538d5347db6|741cd03afe86|e0e68b27afaa,Italo|Daniela|Hugo,1|3|2,6.527|3.507|0.487,13,0,9
1790895970920703264,Cielo,b24241d49875,1.202,3,7538d5347db6|741cd03afe86|e0e68b27afaa,Italo|Daniela|Hugo,1|3|2,6.727|3.707|0.687,13,0,9
1790895971120842400,Cielo,b24241d49875,1.402,3,7538d5347db6|741cd03afe86|e0e68b27afaa,Italo|Daniela|Hugo,1|3|2,6.927|3.907|0.887,13,0,9
1790895971320876512,Cielo,b24241d49875,1.602,3,7538d5347db6|741cd03afe86|e0e68b27afaa,Italo|Daniela|Hugo,1|3|2,7.127|4.107|1.087,13,0,9
1790895971520960032,Cielo,b24241d49875,1.802,3,7538d5347db6|741cd03afe86|e0e68b27afaa,Italo|Daniela|Hugo,1|3|2,7.327|4.307|1.287,13,0,9
1790895971720942496,Cielo,b24241d49875,2.002,3,7538d5347db6|741cd03afe86|e0e68b27afaa,Italo|Daniela|Hugo,1|3|2,7.527|4.507|1.487,13,0,9
1790895971920615328,Cielo,b24241d49875,2.202,3,7538d5347db6|741cd03afe86|e0e68b27afaa,Italo|Daniela|Hugo,1|3|2,7.726|4.707|1.687,13,0,9
1790895972120889184,Cielo,b24241d49875,2.402,3,7538d5347db6|741cd03afe86|e0e68b27afaa,Italo|Daniela|Hugo,1|3|2,7.926|4.907|1.887,13,0,9
1790895972320709760,Cielo,b24241d49875,2.602,3,7538d5347db6|741cd03afe86|e0e68b27afaa,Italo|Daniela|Hugo,1|3|2,8.127|5.107|2.087,13,0,9
1790895972521091584,Cielo,b24241d49875,2.802,3,7538d5347db6|741cd03afe86|e0e68b27afaa,Italo|Daniela|Hugo,1|3|2,8.327|5.307|2.287,13,0,9
1790895972720784704,Cielo,b24241d49875,3.002,3,7538d5347db6|741cd03afe86|e0e68b27afaa,Italo|Daniela|Hugo,1|3|2,8.527|5.507|2.487,13,0,9
1790895972920631456,Italo,7538d5347db6,0.183,2,741cd03afe86|e0e68b27afaa,Daniela|Hugo,3|2,5.707|2.687,13,0,10
1790895973120800832,Italo,7538d5347db6,0.383,2,741cd03afe86|e0e68b27afaa,Daniela|Hugo,3|2,5.907|2.887,13,0,10
1790895973320675936,Italo,7538d5347db6,0.583,3,741cd03afe86|e0e68b27afaa|a0ca9dbd45f3,Daniela|Hugo|Cielo,3|2|4,6.107|3.087|0.070,14,0,10
1790895973520680160,Italo,7538d5347db6,0.783,3,741cd03afe86|e0e68b27afaa|a0ca9dbd45f3,Daniela|Hugo|Cielo,3|2|4,6.307|3.287|0.270,14,0,10
1790895973720741536,Italo,7538d5347db6,0.983,3,741cd03afe86|e0e68b27afaa|a0ca9dbd45f3,Daniela|Hugo|Cielo,3|2|4,6.507|3.487|0.470,14,0,10
1790895973920822656,Italo,7538d5347db6,1.183,3,741cd03afe86|e0e68b27afaa|a0ca9dbd45f3,Daniela|Hugo|Cielo,3|2|4,6.707|3.687|0.670,14,0,10
1790895974120977312,Italo,7538d5347db6,1.383,3,741cd03afe86|e0e68b27afaa|a0ca9dbd45f3,Daniela|Hugo|Cielo,3|2|4,6.907|3.888|0.870,14,0,10
1790895974320895904,Italo,7538d5347db6,1.583,3,741cd03afe86|e0e68b27afaa|a0ca9dbd45f3,Daniela|Hugo|Cielo,3|2|4,7.107|4.087|1.070,14,0,10
1790895974520937472,Italo,7538d5347db6,1.783,3,741cd03afe86|e0e68b27afaa|a0ca9dbd45f3,Daniela|Hugo|Cielo,3|2|4,7.307|4.288|1.270,14,0,10
1790895974720657984,Italo,7538d5347db6,1.983,3,741cd03afe86|e0e68b27afaa|a0ca9dbd45f3,Daniela|Hugo|Cielo,3|2|4,7.507|4.487|1.470,14,0,10
1790895974920720800,Italo,7538d5347db6,2.183,3,741cd03afe86|e0e68b27afaa|a0ca9dbd45f3,Daniela|Hugo|Cielo,3|2|4,7.707|4.687|1.670,14,0,10
1790895975120825952,Italo,7538d5347db6,2.383,3,741cd03afe86|e0e68b27afaa|a0ca9dbd45f3,Daniela|Hugo|Cielo,3|2|4,7.907|4.887|1.870,14,0,10
1790895975320567488,Italo,7538d5347db6,2.583,3,741cd03afe86|e0e68b27afaa|a0ca9dbd45f3,Daniela|Hugo|Cielo,3|2|4,8.107|5.087|2.070,14,0,10
1790895975520531040,Italo,7538d5347db6,2.783,3,741cd03afe86|e0e68b27afaa|a0ca9dbd45f3,Daniela|Hugo|Cielo,3|2|4,8.307|5.287|2.270,14,0,10
1790895975720506272,Italo,7538d5347db6,2.983,3,741cd03afe86|e0e68b27afaa|a0ca9dbd45f3,Daniela|Hugo|Cielo,3|2|4,8.507|5.487|2.470,14,0,10
1790895975920840256,Daniela,741cd03afe86,0.165,2,e0e68b27afaa|a0ca9dbd45f3,Hugo|Cielo,2|4,5.687|2.670,14,0,11
1790895976120820000,Daniela,741cd03afe86,0.365,2,e0e68b27afaa|a0ca9dbd45f3,Hugo|Cielo,2|4,5.887|2.870,14,0,11
1790895976320391840,Daniela,741cd03afe86,0.565,3,e0e68b27afaa|a0ca9dbd45f3|d85421e00551,Hugo|Cielo|Italo,2|4|1,6.087|3.070|0.052,15,0,11
1790895976520987808,Daniela,741cd03afe86,0.765,3,e0e68b27afaa|a0ca9dbd45f3|d85421e00551,Hugo|Cielo|Italo,2|4|1,6.287|3.270|0.252,15,0,11
1790895976720621888,Daniela,741cd03afe86,0.965,3,e0e68b27afaa|a0ca9dbd45f3|d85421e00551,Hugo|Cielo|Italo,2|4|1,6.487|3.470|0.452,15,0,11
1790895976921217600,Daniela,741cd03afe86,1.166,3,e0e68b27afaa|a0ca9dbd45f3|d85421e00551,Hugo|Cielo|Italo,2|4|1,6.688|3.670|0.652,15,0,11
1790895977120725856,Daniela,741cd03afe86,1.365,3,e0e68b27afaa|a0ca9dbd45f3|d85421e00551,Hugo|Cielo|Italo,2|4|1,6.887|3.870|0.852,15,0,11
1790895977321049280,Daniela,741cd03afe86,1.565,3,e0e68b27afaa|a0ca9dbd45f3|d85421e00551,Hugo|Cielo|Italo,2|4|1,7.087|4.070|1.052,15,0,11
1790895977520778944,Daniela,741cd03afe86,1.765,3,e0e68b27afaa|a0ca9dbd45f3|d85421e00551,Hugo|Cielo|Italo,2|4|1,7.287|4.270|1.252,15,0,11
1790895977720622240,Daniela,741cd03afe86,1.965,3,e0e68b27afaa|a0ca9dbd45f3|d85421e00551,Hugo|Cielo|Italo,2|4|1,7.487|4.470|1.452,15,0,11
1790895977920809376,Daniela,741cd03afe86,2.165,3,e0e68b27afaa|a0ca9dbd45f3|d85421e00551,Hugo|Cielo|Italo,2|4|1,7.687|4.670|1.652,15,0,11
1790895978120815232,Daniela,741cd03afe86,2.365,3,e0e68b27afaa|a0ca9dbd45f3|d85421e00551,Hugo|Cielo|Italo,2|4|1,7.887|4.870|1.852,15,0,11
1790895978320572832,Daniela,741cd03afe86,2.565,3,e0e68b27afaa|a0ca9dbd45f3|d85421e00551,Hugo|Cielo|Italo,2|4|1,8.087|5.070|2.052,15,0,11
1790895978520699136,Daniela,741cd03afe86,2.765,3,e0e68b27afaa|a0ca9dbd45f3|d85421e00551,Hugo|Cielo|Italo,2|4|1,8.287|5.270|2.252,15,0,11
1790895978720718752,Daniela,741cd03afe86,2.965,3,e0e68b27afaa|a0ca9dbd45f3|d85421e00551,Hugo|Cielo|Italo,2|4|1,8.487|5.470|2.452,15,0,11
1790895978920714560,Hugo,e0e68b27afaa,0.146,2,a0ca9dbd45f3|d85421e00551,Cielo|Italo,4|1,5.670|2.652,15,0,12
1790895979120627296,Hugo,e0e68b27afaa,0.346,2,a0ca9dbd45f3|d85421e00551,Cielo|Italo,4|1,5.870|2.852,15,0,12
1790895979320339040,Hugo,e0e68b27afaa,0.546,3,a0ca9dbd45f3|d85421e00551|8c7b1de01bf3,Cielo|Italo|Daniela,4|1|3,6.070|3.052|0.031,16,0,12
1790895979521149920,Hugo,e0e68b27afaa,0.746,3,a0ca9dbd45f3|d85421e00551|8c7b1de01bf3,Cielo|Italo|Daniela,4|1|3,6.270|3.252|0.232,16,0,12
1790895979720651872,Hugo,e0e68b27afaa,0.946,3,a0ca9dbd45f3|d85421e00551|8c7b1de01bf3,Cielo|Italo|Daniela,4|1|3,6.470|3.452|0.432,16,0,12
1790895979920712416,Hugo,e0e68b27afaa,1.146,3,a0ca9dbd45f3|d85421e00551|8c7b1de01bf3,Cielo|Italo|Daniela,4|1|3,6.670|3.652|0.632,16,0,12
1790895980121354368,Hugo,e0e68b27afaa,1.346,3,a0ca9dbd45f3|d85421e00551|8c7b1de01bf3,Cielo|Italo|Daniela,4|1|3,6.870|3.852|0.832,16,0,12
1790895980320669056,Hugo,e0e68b27afaa,1.546,3,a0ca9dbd45f3|d85421e00551|8c7b1de01bf3,Cielo|Italo|Daniela,4|1|3,7.070|4.052|1.032,16,0,12
1790895980521079136,Hugo,e0e68b27afaa,1.746,3,a0ca9dbd45f3|d85421e00551|8c7b1de01bf3,Cielo|Italo|Daniela,4|1|3,7.270|4.252|1.232,16,0,12
1790895980721240416,Hugo,e0e68b27afaa,1.946,3,a0ca9dbd45f3|d85421e00551|8c7b1de01bf3,Cielo|Italo|Daniela,4|1|3,7.470|4.452|1.432,16,0,12
1790895980920701056,Hugo,e0e68b27afaa,2.146,3,a0ca9dbd45f3|d85421e00551|8c7b1de01bf3,Cielo|Italo|Daniela,4|1|3,7.670|4.652|1.632,16,0,12
1790895981120808192,Hugo,e0e68b27afaa,2.346,3,a0ca9dbd45f3|d85421e00551|8c7b1de01bf3,Cielo|Italo|Daniela,4|1|3,7.870|4.852|1.832,16,0,12
1790895981321122464,Hugo,e0e68b27afaa,2.546,3,a0ca9dbd45f3|d85421e00551|8c7b1de01bf3,Cielo|Italo|Daniela,4|1|3,8.070|5.052|2.032,16,0,12
1790895981520495200,Hugo,e0e68b27afaa,2.746,3,a0ca9dbd45f3|d85421e00551|8c7b1de01bf3,Cielo|Italo|Daniela,4|1|3,8.270|5.252|2.232,16,0,12
1790895981720767904,Hugo,e0e68b27afaa,2.946,3,a0ca9dbd45f3|d85421e00551|8c7b1de01bf3,Cielo|Italo|Daniela,4|1|3,8.470|5.452|2.432,16,0,12
1790895981920858720,Cielo,a0ca9dbd45f3,0.129,2,d85421e00551|8c7b1de01bf3,Italo|Daniela,1|3,5.652|2.632,16,0,13
1790895982120688064,Cielo,a0ca9dbd45f3,0.329,2,d85421e00551|8c7b1de01bf3,Italo|Daniela,1|3,5.852|2.832,16,0,13
1790895982320388224,Cielo,a0ca9dbd45f3,0.528,3,d85421e00551|8c7b1de01bf3|5cb3125a84db,Italo|Daniela|Hugo,1|3|2,6.052|3.031|0.015,17,0,13
1790895982521143424,Cielo,a0ca9dbd45f3,0.729,3,d85421e00551|8c7b1de01bf3|5cb3125a84db,Italo|Daniela|Hugo,1|3|2,6.252|3.232|0.216,17,0,13
1790895982720659520,Cielo,a0ca9dbd45f3,0.929,3,d85421e00551|8c7b1de01bf3|5cb3125a84db,Italo|Daniela|Hugo,1|3|2,6.452|3.432|0.416,17,0,13
1790895982920548512,Cielo,a0ca9dbd45f3,1.129,3,d85421e00551|8c7b1de01bf3|5cb3125a84db,Italo|Daniela|Hugo,1|3|2,6.652|3.632|0.615,17,0,13
1790895983121283904,Cielo,a0ca9dbd45f3,1.329,3,d85421e00551|8c7b1de01bf3|5cb3125a84db,Italo|Daniela|Hugo,1|3|2,6.852|3.832|0.816,17,0,13
1790895983320805888,Cielo,a0ca9dbd45f3,1.529,3,d85421e00551|8c7b1de01bf3|5cb3125a84db,Italo|Daniela|Hugo,1|3|2,7.052|4.032|1.016,17,0,13
1790895983520648384,Cielo,a0ca9dbd45f3,1.729,3,d85421e00551|8c7b1de01bf3|5cb3125a84db,Italo|Daniela|Hugo,1|3|2,7.252|4.232|1.216,17,0,13
1790895983721086336,Cielo,a0ca9dbd45f3,1.929,3,d85421e00551|8c7b1de01bf3|5cb3125a84db,Italo|Daniela|Hugo,1|3|2,7.452|4.432|1.416,17,0,13
1790895983920657216,Cielo,a0ca9dbd45f3,2.129,3,d85421e00551|8c7b1de01bf3|5cb3125a84db,Italo|Daniela|Hugo,1|3|2,7.652|4.632|1.616,17,0,13
1790895984120738912,Cielo,a0ca9dbd45f3,2.329,3,d85421e00551|8c7b1de01bf3|5cb3125a84db,Italo|Daniela|Hugo,1|3|2,7.852|4.832|1.815,17,0,13
1790895984320965728,Cielo,a0ca9dbd45f3,2.529,3,d85421e00551|8c7b1de01bf3|5cb3125a84db,Italo|Daniela|Hugo,1|3|2,8.052|5.032|2.016,17,0,13
1790895984520710368,Cielo,a0ca9dbd45f3,2.729,3,d85421e00551|8c7b1de01bf3|5cb3125a84db,Italo|Daniela|Hugo,1|3|2,8.252|5.232|2.216,17,0,13
1790895984720602144,Cielo,a0ca9dbd45f3,2.929,3,d85421e00551|8c7b1de01bf3|5cb3125a84db,Italo|Daniela|Hugo,1|3|2,8.452|5.432|2.416,17,0,13
1790895984920478208,Italo,d85421e00551,0.110,2,8c7b1de01bf3|5cb3125a84db,Daniela|Hugo,3|2,5.632|2.615,17,0,14
1790895985120450336,Italo,d85421e00551,0.310,2,8c7b1de01bf3|5cb3125a84db,Daniela|Hugo,3|2,5.832|2.815,17,0,14
1790895985322551424,Italo,d85421e00551,0.512,2,8c7b1de01bf3|5cb3125a84db,Daniela|Hugo,3|2,6.034|3.017,18,0,14
1790895985520885504,Italo,d85421e00551,0.710,3,8c7b1de01bf3|5cb3125a84db|8288f77f23e9,Daniela|Hugo|Cielo,3|2|4,6.232|3.216|0.194,18,0,14
1790895985720709536,Italo,d85421e00551,0.910,3,8c7b1de01bf3|5cb3125a84db|8288f77f23e9,Daniela|Hugo|Cielo,3|2|4,6.432|3.416|0.393,18,0,14
1790895985920500320,Italo,d85421e00551,1.110,3,8c7b1de01bf3|5cb3125a84db|8288f77f23e9,Daniela|Hugo|Cielo,3|2|4,6.632|3.615|0.593,18,0,14
1790895986120920032,Italo,d85421e00551,1.310,3,8c7b1de01bf3|5cb3125a84db|8288f77f23e9,Daniela|Hugo|Cielo,3|2|4,6.832|3.816|0.793,18,0,14
1790895986321304288,Italo,d85421e00551,1.511,3,8c7b1de01bf3|5cb3125a84db|8288f77f23e9,Daniela|Hugo|Cielo,3|2|4,7.032|4.016|0.994,18,0,14
1790895986520630912,Italo,d85421e00551,1.710,3,8c7b1de01bf3|5cb3125a84db|8288f77f23e9,Daniela|Hugo|Cielo,3|2|4,7.232|4.215|1.193,18,0,14
1790895986721778272,Italo,d85421e00551,1.910,3,8c7b1de01bf3|5cb3125a84db|8288f77f23e9,Daniela|Hugo|Cielo,3|2|4,7.432|4.416|1.394,18,0,14
1790895986920730944,Italo,d85421e00551,2.110,3,8c7b1de01bf3|5cb3125a84db|8288f77f23e9,Daniela|Hugo|Cielo,3|2|4,7.632|4.616|1.593,18,0,14
1790895987120927232,Italo,d85421e00551,2.310,3,8c7b1de01bf3|5cb3125a84db|8288f77f23e9,Daniela|Hugo|Cielo,3|2|4,7.832|4.816|1.793,18,0,14
1790895987320676320,Italo,d85421e00551,2.510,3,8c7b1de01bf3|5cb3125a84db|8288f77f23e9,Daniela|Hugo|Cielo,3|2|4,8.032|5.016|1.993,18,0,14
1790895987521088096,Italo,d85421e00551,2.710,3,8c7b1de01bf3|5cb3125a84db|8288f77f23e9,Daniela|Hugo|Cielo,3|2|4,8.232|5.216|2.193,18,0,14
1790895987720582208,Italo,d85421e00551,2.910,3,8c7b1de01bf3|5cb3125a84db|8288f77f23e9,Daniela|Hugo|Cielo,3|2|4,8.432|5.416|2.393,18,0,14
1790895987921289344,Daniela,8c7b1de01bf3,0.091,2,5cb3125a84db|8288f77f23e9,Hugo|Cielo,2|4,5.616|2.594,18,0,15
1790895988120640512,Daniela,8c7b1de01bf3,0.291,2,5cb3125a84db|8288f77f23e9,Hugo|Cielo,2|4,5.816|2.793,18,0,15
1790895988320908800,Daniela,8c7b1de01bf3,0.491,2,5cb3125a84db|8288f77f23e9,Hugo|Cielo,2|4,6.016|2.993,18,0,15
1790895988520833696,Daniela,8c7b1de01bf3,0.691,3,5cb3125a84db|8288f77f23e9|9a6b81e10bd6,Hugo|Cielo|Italo,2|4|1,6.216|3.193|0.177,19,0,15
1790895988720913088,Daniela,8c7b1de01bf3,0.891,3,5cb3125a84db|8288f77f23e9|9a6b81e10bd6,Hugo|Cielo|Italo,2|4|1,6.416|3.393|0.377,19,0,15
1790895988920580576,Daniela,8c7b1de01bf3,1.091,3,5cb3125a84db|8288f77f23e9|9a6b81e10bd6,Hugo|Cielo|Italo,2|4|1,6.616|3.593|0.577,19,0,15
1790895989121524128,Daniela,8c7b1de01bf3,1.292,3,5cb3125a84db|8288f77f23e9|9a6b81e10bd6,Hugo|Cielo|Italo,2|4|1,6.816|3.794|0.777,19,0,15
1790895989320626944,Daniela,8c7b1de01bf3,1.491,3,5cb3125a84db|8288f77f23e9|9a6b81e10bd6,Hugo|Cielo|Italo,2|4|1,7.016|3.993|0.977,19,0,15
1790895989521301728,Daniela,8c7b1de01bf3,1.692,3,5cb3125a84db|8288f77f23e9|9a6b81e10bd6,Hugo|Cielo|Italo,2|4|1,7.216|4.194|1.177,19,0,15
1790895989720716320,Daniela,8c7b1de01bf3,1.891,3,5cb3125a84db|8288f77f23e9|9a6b81e10bd6,Hugo|Cielo|Italo,2|4|1,7.416|4.393|1.377,19,0,15
1790895989920988928,Daniela,8c7b1de01bf3,2.091,3,5cb3125a84db|8288f77f23e9|9a6b81e10bd6,Hugo|Cielo|Italo,2|4|1,7.616|4.594|1.577,19,0,15
1790895990120267392,Daniela,8c7b1de01bf3,2.291,3,5cb3125a84db|8288f77f23e9|9a6b81e10bd6,Hugo|Cielo|Italo,2|4|1,7.815|4.793|1.776,19,0,15
1790895990320830592,Daniela,8c7b1de01bf3,2.491,3,5cb3125a84db|8288f77f23e9|9a6b81e10bd6,Hugo|Cielo|Italo,2|4|1,8.016|4.993|1.977,19,0,15
1790895990520681152,Daniela,8c7b1de01bf3,2.691,3,5cb3125a84db|8288f77f23e9|9a6b81e10bd6,Hugo|Cielo|Italo,2|4|1,8.216|5.193|2.177,19,0,15
1790895990720919328,Daniela,8c7b1de01bf3,2.891,3,5cb3125a84db|8288f77f23e9|9a6b81e10bd6,Hugo|Cielo|Italo,2|4|1,8.416|5.393|2.377,19,0,15
1790895990920816448,Hugo,5cb3125a84db,0.072,2,8288f77f23e9|9a6b81e10bd6,Cielo|Italo,4|1,5.593|2.577,19,0,16
1790895991120855296,Hugo,5cb3125a84db,0.271,2,8288f77f23e9|9a6b81e10bd6,Cielo|Italo,4|1,5.793|2.777,19,0,16
1790895991320714784,Hugo,5cb3125a84db,0.471,2,8288f77f23e9|9a6b81e10bd6,Cielo|Italo,4|1,5.993|2.977,19,0,16
1790895991521041632,Hugo,5cb3125a84db,0.672,3,8288f77f23e9|9a6b81e10bd6|057157a0983f,Cielo|Italo|Daniela,4|1|3,6.193|3.177|0.161,20,0,16
1790895991720697376,Hugo,5cb3125a84db,0.872,3,8288f77f23e9|9a6b81e10bd6|057157a0983f,Cielo|Italo|Daniela,4|1|3,6.393|3.377|0.361,20,0,16
1790895991920856480,Hugo,5cb3125a84db,1.072,3,8288f77f23e9|9a6b81e10bd6|057157a0983f,Cielo|Italo|Daniela,4|1|3,6.593|3.577|0.561,20,0,16
1790895992120699424,Hugo,5cb3125a84db,1.272,3,8288f77f23e9|9a6b81e10bd6|057157a0983f,Cielo|Italo|Daniela,4|1|3,6.793|3.777|0.761,20,0,16
1790895992320737184,Hugo,5cb3125a84db,1.472,3,8288f77f23e9|9a6b81e10bd6|057157a0983f,Cielo|Italo|Daniela,4|1|3,6.993|3.977|0.961,20,0,16
1790895992520769344,Hugo,5cb3125a84db,1.672,3,8288f77f23e9|9a6b81e10bd6|057157a0983f,Cielo|Italo|Daniela,4|1|3,7.193|4.177|1.161,20,0,16
1790895992720847552,Hugo,5cb3125a84db,1.872,3,8288f77f23e9|9a6b81e10bd6|057157a0983f,Cielo|Italo|Daniela,4|1|3,7.394|4.377|1.361,20,0,16
1790895992921388352,Hugo,5cb3125a84db,2.072,3,8288f77f23e9|9a6b81e10bd6|057157a0983f,Cielo|Italo|Daniela,4|1|3,7.594|4.577|1.561,20,0,16
1790895993121093408,Hugo,5cb3125a84db,2.272,3,8288f77f23e9|9a6b81e10bd6|057157a0983f,Cielo|Italo|Daniela,4|1|3,7.794|4.777|1.761,20,0,16
1790895993320742784,Hugo,5cb3125a84db,2.472,3,8288f77f23e9|9a6b81e10bd6|057157a0983f,Cielo|Italo|Daniela,4|1|3,7.993|4.977|1.961,20,0,16
1790895993520640416,Hugo,5cb3125a84db,2.672,3,8288f77f23e9|9a6b81e10bd6|057157a0983f,Cielo|Italo|Daniela,4|1|3,8.193|5.177|2.161,20,0,16
1790895993721092992,Hugo,5cb3125a84db,2.872,3,8288f77f23e9|9a6b81e10bd6|057157a0983f,Cielo|Italo|Daniela,4|1|3,8.394|5.377|2.361,20,0,16
1790895993920536672,Cielo,8288f77f23e9,0.052,2,9a6b81e10bd6|057157a0983f,Italo|Daniela,1|3,5.577|2.561,20,0,17
1790895994120400896,Cielo,8288f77f23e9,0.252,2,9a6b81e10bd6|057157a0983f,Italo|Daniela,1|3,5.777|2.761,20,0,17
1790895994320605248,Cielo,8288f77f23e9,0.452,2,9a6b81e10bd6|057157a0983f,Italo|Daniela,1|3,5.977|2.961,20,0,17
1790895994520606816,Cielo,8288f77f23e9,0.652,3,9a6b81e10bd6|057157a0983f|00838fba560b,Italo|Daniela|Hugo,1|3|2,6.177|3.161|0.139,21,0,17
1790895994720645728,Cielo,8288f77f23e9,0.852,3,9a6b81e10bd6|057157a0983f|00838fba560b,Italo|Daniela|Hugo,1|3|2,6.377|3.361|0.339,21,0,17
1790895994921011008,Cielo,8288f77f23e9,1.053,3,9a6b81e10bd6|057157a0983f|00838fba560b,Italo|Daniela|Hugo,1|3|2,6.577|3.561|0.539,21,0,17
1790895995120772096,Cielo,8288f77f23e9,1.252,3,9a6b81e10bd6|057157a0983f|00838fba560b,Italo|Daniela|Hugo,1|3|2,6.777|3.761|0.739,21,0,17
1790895995320759904,Cielo,8288f77f23e9,1.452,3,9a6b81e10bd6|057157a0983f|00838fba560b,Italo|Daniela|Hugo,1|3|2,6.977|3.961|0.939,21,0,17
1790895995520775360,Cielo,8288f77f23e9,1.652,3,9a6b81e10bd6|057157a0983f|00838fba560b,Italo|Daniela|Hugo,1|3|2,7.177|4.161|1.139,21,0,17
1790895995720737248,Cielo,8288f77f23e9,1.852,3,9a6b81e10bd6|057157a0983f|00838fba560b,Italo|Daniela|Hugo,1|3|2,7.377|4.361|1.339,21,0,17
1790895995920798592,Cielo,8288f77f23e9,2.052,3,9a6b81e10bd6|057157a0983f|00838fba560b,Italo|Daniela|Hugo,1|3|2,7.577|4.561|1.539,21,0,17
1790895996121214528,Cielo,8288f77f23e9,2.253,3,9a6b81e10bd6|057157a0983f|00838fba560b,Italo|Daniela|Hugo,1|3|2,7.777|4.761|1.739,21,0,17
1790895996321028384,Cielo,8288f77f23e9,2.452,3,9a6b81e10bd6|057157a0983f|00838fba560b,Italo|Daniela|Hugo,1|3|2,7.977|4.961|1.939,21,0,17
1790895996520728096,Cielo,8288f77f23e9,2.652,3,9a6b81e10bd6|057157a0983f|00838fba560b,Italo|Daniela|Hugo,1|3|2,8.177|5.161|2.138,21,0,17
1790895996721531712,Cielo,8288f77f23e9,2.852,3,9a6b81e10bd6|057157a0983f|00838fba560b,Italo|Daniela|Hugo,1|3|2,8.377|5.361|2.339,21,0,17
1790895996920471872,Italo,9a6b81e10bd6,0.033,2,057157a0983f|00838fba560b,Daniela|Hugo,3|2,5.561|2.538,21,0,18
1790895997120614240,Italo,9a6b81e10bd6,0.233,2,057157a0983f|00838fba560b,Daniela|Hugo,3|2,5.761|2.738,21,0,18
1790895997321097664,Italo,9a6b81e10bd6,0.434,2,057157a0983f|00838fba560b,Daniela|Hugo,3|2,5.961|2.939,21,0,18
1790895997520604608,Italo,9a6b81e10bd6,0.633,3,057157a0983f|00838fba560b|647e6ca8ea53,Daniela|Hugo|Cielo,3|2|4,6.161|3.139|0.120,22,0,18
1790895997720508512,Italo,9a6b81e10bd6,0.833,3,057157a0983f|00838fba560b|647e6ca8ea53,Daniela|Hugo|Cielo,3|2|4,6.361|3.338|0.320,22,0,18
1790895997920814592,Italo,9a6b81e10bd6,1.034,3,057157a0983f|00838fba560b|647e6ca8ea53,Daniela|Hugo|Cielo,3|2|4,6.561|3.539|0.520,22,0,18
1790895998120517056,Italo,9a6b81e10bd6,1.233,3,057157a0983f|00838fba560b|647e6ca8ea53,Daniela|Hugo|Cielo,3|2|4,6.761|3.738|0.720,22,0,18
1790895998320661024,Italo,9a6b81e10bd6,1.433,3,057157a0983f|00838fba560b|647e6ca8ea53,Daniela|Hugo|Cielo,3|2|4,6.961|3.939|0.920,22,0,18
1790895998521104800,Italo,9a6b81e10bd6,1.634,3,057157a0983f|00838fba560b|647e6ca8ea53,Daniela|Hugo|Cielo,3|2|4,7.161|4.139|1.120,22,0,18
1790895998720628736,Italo,9a6b81e10bd6,1.833,3,057157a0983f|00838fba560b|647e6ca8ea53,Daniela|Hugo|Cielo,3|2|4,7.361|4.339|1.320,22,0,18
1790895998920753696,Italo,9a6b81e10bd6,2.033,3,057157a0983f|00838fba560b|647e6ca8ea53,Daniela|Hugo|Cielo,3|2|4,7.561|4.538|1.520,22,0,18
1790895999120586912,Italo,9a6b81e10bd6,2.233,3,057157a0983f|00838fba560b|647e6ca8ea53,Daniela|Hugo|Cielo,3|2|4,7.761|4.739|1.720,22,0,18
1790895999320721216,Italo,9a6b81e10bd6,2.434,3,057157a0983f|00838fba560b|647e6ca8ea53,Daniela|Hugo|Cielo,3|2|4,7.961|4.939|1.920,22,0,18
1790895999520717920,Italo,9a6b81e10bd6,2.633,3,057157a0983f|00838fba560b|647e6ca8ea53,Daniela|Hugo|Cielo,3|2|4,8.161|5.139|2.120,22,0,18
1790895999720920960,Italo,9a6b81e10bd6,2.834,3,057157a0983f|00838fba560b|647e6ca8ea53,Daniela|Hugo|Cielo,3|2|4,8.361|5.339|2.320,22,0,18
1790895999920694560,Daniela,057157a0983f,0.015,2,00838fba560b|647e6ca8ea53,Hugo|Cielo,2|4,5.539|2.520,22,0,19
1790896000120569184,Daniela,057157a0983f,0.215,2,00838fba560b|647e6ca8ea53,Hugo|Cielo,2|4,5.739|2.720,22,0,19
1790896000320679808,Daniela,057157a0983f,0.415,2,00838fba560b|647e6ca8ea53,Hugo|Cielo,2|4,5.939|2.920,22,0,19
1790896000520681536,Daniela,057157a0983f,0.615,3,00838fba560b|647e6ca8ea53|32999e8d9abf,Hugo|Cielo|Italo,2|4|1,6.139|3.120|0.101,23,0,19
1790896000720431424,Daniela,057157a0983f,0.815,3,00838fba560b|647e6ca8ea53|32999e8d9abf,Hugo|Cielo|Italo,2|4|1,6.338|3.319|0.301,23,0,19
1790896000920976416,Daniela,057157a0983f,1.015,3,00838fba560b|647e6ca8ea53|32999e8d9abf,Hugo|Cielo|Italo,2|4|1,6.539|3.520|0.502,23,0,19
1790896001120819488,Daniela,057157a0983f,1.215,3,00838fba560b|647e6ca8ea53|32999e8d9abf,Hugo|Cielo|Italo,2|4|1,6.739|3.720|0.701,23,0,19
1790896001320715328,Daniela,057157a0983f,1.415,3,00838fba560b|647e6ca8ea53|32999e8d9abf,Hugo|Cielo|Italo,2|4|1,6.939|3.920|0.901,23,0,19
1790896001520755968,Daniela,057157a0983f,1.615,3,00838fba560b|647e6ca8ea53|32999e8d9abf,Hugo|Cielo|Italo,2|4|1,7.139|4.120|1.101,23,0,19
1790896001720636640,Daniela,057157a0983f,1.815,3,00838fba560b|647e6ca8ea53|32999e8d9abf,Hugo|Cielo|Italo,2|4|1,7.339|4.320|1.301,23,0,19
1790896001920487680,Daniela,057157a0983f,2.015,3,00838fba560b|647e6ca8ea53|32999e8d9abf,Hugo|Cielo|Italo,2|4|1,7.538|4.520|1.501,23,0,19
1790896002121034016,Daniela,057157a0983f,2.215,3,00838fba560b|647e6ca8ea53|32999e8d9abf,Hugo|Cielo|Italo,2|4|1,7.739|4.720|1.702,23,0,19
1790896002320726240,Daniela,057157a0983f,2.415,3,00838fba560b|647e6ca8ea53|32999e8d9abf,Hugo|Cielo|Italo,2|4|1,7.939|4.920|1.901,23,0,19
1790896002521232288,Daniela,057157a0983f,2.615,3,00838fba560b|647e6ca8ea53|32999e8d9abf,Hugo|Cielo|Italo,2|4|1,8.139|5.120|2.102,23,0,19
1790896002720938144,Daniela,057157a0983f,2.815,3,00838fba560b|647e6ca8ea53|32999e8d9abf,Hugo|Cielo|Italo,2|4|1,8.339|5.320|2.302,23,0,19
1790896002920825152,Daniela,057157a0983f,3.015,3,00838fba560b|647e6ca8ea53|32999e8d9abf,Hugo|Cielo|Italo,2|4|1,8.539|5.520|2.501,23,0,19
1790896003120807776,Hugo,00838fba560b,0.195,2,647e6ca8ea53|32999e8d9abf,Cielo|Italo,4|1,5.720|2.702,23,0,20
1790896003321129376,Hugo,00838fba560b,0.395,2,647e6ca8ea53|32999e8d9abf,Cielo|Italo,4|1,5.920|2.902,23,0,20
1790896003520432000,Hugo,00838fba560b,0.595,3,647e6ca8ea53|32999e8d9abf|3b23334cb73c,Cielo|Italo|Daniela,4|1|3,6.119|3.101|0.079,24,0,20
1790896003720742208,Hugo,00838fba560b,0.795,3,647e6ca8ea53|32999e8d9abf|3b23334cb73c,Cielo|Italo|Daniela,4|1|3,6.320|3.302|0.279,24,0,20
1790896003920675456,Hugo,00838fba560b,0.995,3,647e6ca8ea53|32999e8d9abf|3b23334cb73c,Cielo|Italo|Daniela,4|1|3,6.520|3.501|0.479,24,0,20
1790896004120619584,Hugo,00838fba560b,1.195,3,647e6ca8ea53|32999e8d9abf|3b23334cb73c,Cielo|Italo|Daniela,4|1|3,6.720|3.701|0.679,24,0,20
1790896004320262496,Hugo,00838fba560b,1.395,3,647e6ca8ea53|32999e8d9abf|3b23334cb73c,Cielo|Italo|Daniela,4|1|3,6.919|3.901|0.879,24,0,20
1790896004520741792,Hugo,00838fba560b,1.595,3,647e6ca8ea53|32999e8d9abf|3b23334cb73c,Cielo|Italo|Daniela,4|1|3,7.120|4.101|1.079,24,0,20
1790896004720603328,Hugo,00838fba560b,1.795,3,647e6ca8ea53|32999e8d9abf|3b23334cb73c,Cielo|Italo|Daniela,4|1|3,7.320|4.301|1.279,24,0,20
1790896004920860672,Hugo,00838fba560b,1.995,3,647e6ca8ea53|32999e8d9abf|3b23334cb73c,Cielo|Italo|Daniela,4|1|3,7.520|4.501|1.479,24,0,20
1790896005120808032,Hugo,00838fba560b,2.195,3,647e6ca8ea53|32999e8d9abf|3b23334cb73c,Cielo|Italo|Daniela,4|1|3,7.720|4.701|1.679,24,0,20
1790896005320684320,Hugo,00838fba560b,2.395,3,647e6ca8ea53|32999e8d9abf|3b23334cb73c,Cielo|Italo|Daniela,4|1|3,7.920|4.901|1.879,24,0,20
1790896005520587808,Hugo,00838fba560b,2.595,3,647e6ca8ea53|32999e8d9abf|3b23334cb73c,Cielo|Italo|Daniela,4|1|3,8.120|5.101|2.079,24,0,20
1790896005720846272,Hugo,00838fba560b,2.796,3,647e6ca8ea53|32999e8d9abf|3b23334cb73c,Cielo|Italo|Daniela,4|1|3,8.320|5.302|2.279,24,0,20
1790896005920666912,Hugo,00838fba560b,2.995,3,647e6ca8ea53|32999e8d9abf|3b23334cb73c,Cielo|Italo|Daniela,4|1|3,8.520|5.501|2.479,24,0,20
1790896006120709280,Cielo,647e6ca8ea53,0.174,2,32999e8d9abf|3b23334cb73c,Italo|Daniela,1|3,5.701|2.679,24,0,21
1790896006320838816,Cielo,647e6ca8ea53,0.375,2,32999e8d9abf|3b23334cb73c,Italo|Daniela,1|3,5.901|2.879,24,0,21
1790896006520384992,Cielo,647e6ca8ea53,0.574,3,32999e8d9abf|3b23334cb73c|359b669b1210,Italo|Daniela|Hugo,1|3|2,6.101|3.079|0.061,25,0,21
1790896006720737504,Cielo,647e6ca8ea53,0.775,3,32999e8d9abf|3b23334cb73c|359b669b1210,Italo|Daniela|Hugo,1|3|2,6.302|3.279|0.261,25,0,21
1790896006920704544,Cielo,647e6ca8ea53,0.975,3,32999e8d9abf|3b23334cb73c|359b669b1210,Italo|Daniela|Hugo,1|3|2,6.501|3.479|0.461,25,0,21
1790896007120814592,Cielo,647e6ca8ea53,1.174,3,32999e8d9abf|3b23334cb73c|359b669b1210,Italo|Daniela|Hugo,1|3|2,6.701|3.679|0.661,25,0,21
1790896007320696736,Cielo,647e6ca8ea53,1.375,3,32999e8d9abf|3b23334cb73c|359b669b1210,Italo|Daniela|Hugo,1|3|2,6.901|3.879|0.861,25,0,21
1790896007520635488,Cielo,647e6ca8ea53,1.574,3,32999e8d9abf|3b23334cb73c|359b669b1210,Italo|Daniela|Hugo,1|3|2,7.101|4.079|1.061,25,0,21
1790896007720823616,Cielo,647e6ca8ea53,1.775,3,32999e8d9abf|3b23334cb73c|359b669b1210,Italo|Daniela|Hugo,1|3|2,7.301|4.279|1.261,25,0,21
1790896007920549920,Cielo,647e6ca8ea53,1.974,3,32999e8d9abf|3b23334cb73c|359b669b1210,Italo|Daniela|Hugo,1|3|2,7.501|4.479|1.461,25,0,21
1790896008120817184,Cielo,647e6ca8ea53,2.175,3,32999e8d9abf|3b23334cb73c|359b669b1210,Italo|Daniela|Hugo,1|3|2,7.702|4.679|1.661,25,0,21
1790896008320613920,Cielo,647e6ca8ea53,2.374,3,32999e8d9abf|3b23334cb73c|359b669b1210,Italo|Daniela|Hugo,1|3|2,7.901|4.879|1.861,25,0,21
1790896008520925728,Cielo,647e6ca8ea53,2.575,3,32999e8d9abf|3b23334cb73c|359b669b1210,Italo|Daniela|Hugo,1|3|2,8.101|5.079|2.061,25,0,21
1790896008720550592,Cielo,647e6ca8ea53,2.774,3,32999e8d9abf|3b23334cb73c|359b669b1210,Italo|Daniela|Hugo,1|3|2,8.301|5.279|2.261,25,0,21
1790896008921432576,Cielo,647e6ca8ea53,2.975,3,32999e8d9abf|3b23334cb73c|359b669b1210,Italo|Daniela|Hugo,1|3|2,8.502|5.480|2.462,25,0,21
1790896009120829696,Italo,32999e8d9abf,0.156,2,3b23334cb73c|359b669b1210,Daniela|Hugo,3|2,5.679|2.661,25,0,22
1790896009320876384,Italo,32999e8d9abf,0.356,2,3b23334cb73c|359b669b1210,Daniela|Hugo,3|2,5.879|2.861,25,0,22
1790896009520454944,Italo,32999e8d9abf,0.555,3,3b23334cb73c|359b669b1210|727f578efbb9,Daniela|Hugo|Cielo,3|2|4,6.079|3.061|0.040,26,0,22
1790896009721016480,Italo,32999e8d9abf,0.756,3,3b23334cb73c|359b669b1210|727f578efbb9,Daniela|Hugo|Cielo,3|2|4,6.280|3.262|0.240,26,0,22
1790896009920614912,Italo,32999e8d9abf,0.955,3,3b23334cb73c|359b669b1210|727f578efbb9,Daniela|Hugo|Cielo,3|2|4,6.479|3.461|0.440,26,0,22
1790896010120902336,Italo,32999e8d9abf,1.156,3,3b23334cb73c|359b669b1210|727f578efbb9,Daniela|Hugo|Cielo,3|2|4,6.679|3.661|0.640,26,0,22
1790896010320585024,Italo,32999e8d9abf,1.355,3,3b23334cb73c|359b669b1210|727f578efbb9,Daniela|Hugo|Cielo,3|2|4,6.879|3.861|0.840,26,0,22
1790896010520898560,Italo,32999e8d9abf,1.556,3,3b23334cb73c|359b669b1210|727f578efbb9,Daniela|Hugo|Cielo,3|2|4,7.079|4.061|1.040,26,0,22
1790896010720883872,Italo,32999e8d9abf,1.756,3,3b23334cb73c|359b669b1210|727f578efbb9,Daniela|Hugo|Cielo,3|2|4,7.279|4.261|1.240,26,0,22
1790896010920739168,Italo,32999e8d9abf,1.956,3,3b23334cb73c|359b669b1210|727f578efbb9,Daniela|Hugo|Cielo,3|2|4,7.479|4.461|1.440,26,0,22
1790896011120578720,Italo,32999e8d9abf,2.155,3,3b23334cb73c|359b669b1210|727f578efbb9,Daniela|Hugo|Cielo,3|2|4,7.679|4.661|1.640,26,0,22
1790896011320494880,Italo,32999e8d9abf,2.355,3,3b23334cb73c|359b669b1210|727f578efbb9,Daniela|Hugo|Cielo,3|2|4,7.879|4.861|1.840,26,0,22
1790896011520807648,Italo,32999e8d9abf,2.556,3,3b23334cb73c|359b669b1210|727f578efbb9,Daniela|Hugo|Cielo,3|2|4,8.079|5.061|2.040,26,0,22
1790896011720723712,Italo,32999e8d9abf,2.756,3,3b23334cb73c|359b669b1210|727f578efbb9,Daniela|Hugo|Cielo,3|2|4,8.279|5.261|2.240,26,0,22
1790896011920759264,Italo,32999e8d9abf,2.955,3,3b23334cb73c|359b669b1210|727f578efbb9,Daniela|Hugo|Cielo,3|2|4,8.479|5.461|2.440,26,0,22
1790896012121129824,Daniela,3b23334cb73c,0.137,2,359b669b1210|727f578efbb9,Hugo|Cielo,2|4,5.662|2.640,26,0,23
1790896012320616640,Daniela,3b23334cb73c,0.336,2,359b669b1210|727f578efbb9,Hugo|Cielo,2|4,5.861|2.840,26,0,23
1790896012520407424,Daniela,3b23334cb73c,0.536,3,359b669b1210|727f578efbb9|5d5b6113784d,Hugo|Cielo|Italo,2|4|1,6.061|3.040|0.021,27,0,23
1790896012721366560,Daniela,3b23334cb73c,0.737,3,359b669b1210|727f578efbb9|5d5b6113784d,Hugo|Cielo|Italo,2|4|1,6.262|3.240|0.221,27,0,23
1790896012920738304,Daniela,3b23334cb73c,0.936,3,359b669b1210|727f578efbb9|5d5b6113784d,Hugo|Cielo|Italo,2|4|1,6.461|3.440|0.421,27,0,23
1790896013120827520,Daniela,3b23334cb73c,1.136,3,359b669b1210|727f578efbb9|5d5b6113784d,Hugo|Cielo|Italo,2|4|1,6.661|3.640|0.621,27,0,23
1790896013320716096,Daniela,3b23334cb73c,1.336,3,359b669b1210|727f578efbb9|5d5b6113784d,Hugo|Cielo|Italo,2|4|1,6.861|3.840|0.821,27,0,23
1790896013520605152,Daniela,3b23334cb73c,1.536,3,359b669b1210|727f578efbb9|5d5b6113784d,Hugo|Cielo|Italo,2|4|1,7.061|4.040|1.021,27,0,23
1790896013720813376,Daniela,3b23334cb73c,1.737,3,359b669b1210|727f578efbb9|5d5b6113784d,Hugo|Cielo|Italo,2|4|1,7.261|4.240|1.221,27,0,23
1790896013921061248,Daniela,3b23334cb73c,1.937,3,359b669b1210|727f578efbb9|5d5b6113784d,Hugo|Cielo|Italo,2|4|1,7.462|4.440|1.421,27,0,23
1790896014120774048,Daniela,3b23334cb73c,2.136,3,359b669b1210|727f578efbb9|5d5b6113784d,Hugo|Cielo|Italo,2|4|1,7.661|4.640|1.621,27,0,23
1790896014320614400,Daniela,3b23334cb73c,2.336,3,359b669b1210|727f578efbb9|5d5b6113784d,Hugo|Cielo|Italo,2|4|1,7.861|4.840|1.821,27,0,23
1790896014520815808,Daniela,3b23334cb73c,2.536,3,359b669b1210|727f578efbb9|5d5b6113784d,Hugo|Cielo|Italo,2|4|1,8.061|5.040|2.021,27,0,23
1790896014720578336,Daniela,3b23334cb73c,2.736,3,359b669b1210|727f578efbb9|5d5b6113784d,Hugo|Cielo|Italo,2|4|1,8.261|5.240|2.221,27,0,23
1790896014920681792,Daniela,3b23334cb73c,2.936,3,359b669b1210|727f578efbb9|5d5b6113784d,Hugo|Cielo|Italo,2|4|1,8.461|5.440|2.421,27,0,23
1790896015121061088,Hugo,359b669b1210,0.118,2,727f578efbb9|5d5b6113784d,Cielo|Italo,4|1,5.640|2.621,27,0,24
1790896015320957472,Hugo,359b669b1210,0.318,2,727f578efbb9|5d5b6113784d,Cielo|Italo,4|1,5.840|2.821,27,0,24
1790896015520694080,Hugo,359b669b1210,0.518,3,727f578efbb9|5d5b6113784d|109f750dcc56,Cielo|Italo|Daniela,4|1|3,6.040|3.021|0.005,28,0,24
1790896015720612384,Hugo,359b669b1210,0.718,3,727f578efbb9|5d5b6113784d|109f750dcc56,Cielo|Italo|Daniela,4|1|3,6.240|3.221|0.205,28,0,24
1790896015920560480,Hugo,359b669b1210,0.918,3,727f578efbb9|5d5b6113784d|109f750dcc56,Cielo|Italo|Daniela,4|1|3,6.440|3.421|0.404,28,0,24
1790896016120600736,Hugo,359b669b1210,1.118,3,727f578efbb9|5d5b6113784d|109f750dcc56,Cielo|Italo|Daniela,4|1|3,6.640|3.621|0.604,28,0,24
1790896016320998304,Hugo,359b669b1210,1.318,3,727f578efbb9|5d5b6113784d|109f750dcc56,Cielo|Italo|Daniela,4|1|3,6.840|3.821|0.805,28,0,24
1790896016520692992,Hugo,359b669b1210,1.518,3,727f578efbb9|5d5b6113784d|109f750dcc56,Cielo|Italo|Daniela,4|1|3,7.040|4.021|1.005,28,0,24
1790896016720580896,Hugo,359b669b1210,1.718,3,727f578efbb9|5d5b6113784d|109f750dcc56,Cielo|Italo|Daniela,4|1|3,7.240|4.221|1.204,28,0,24
1790896016920566880,Hugo,359b669b1210,1.918,3,727f578efbb9|5d5b6113784d|109f750dcc56,Cielo|Italo|Daniela,4|1|3,7.440|4.421|1.404,28,0,24
1790896017120456768,Hugo,359b669b1210,2.118,3,727f578efbb9|5d5b6113784d|109f750dcc56,Cielo|Italo|Daniela,4|1|3,7.640|4.621|1.604,28,0,24
1790896017320336992,Hugo,359b669b1210,2.318,3,727f578efbb9|5d5b6113784d|109f750dcc56,Cielo|Italo|Daniela,4|1|3,7.840|4.821|1.804,28,0,24
1790896017521237056,Hugo,359b669b1210,2.518,3,727f578efbb9|5d5b6113784d|109f750dcc56,Cielo|Italo|Daniela,4|1|3,8.040|5.021|2.005,28,0,24
1790896017720669536,Hugo,359b669b1210,2.718,3,727f578efbb9|5d5b6113784d|109f750dcc56,Cielo|Italo|Daniela,4|1|3,8.240|5.221|2.205,28,0,24
1790896017920718432,Hugo,359b669b1210,2.918,3,727f578efbb9|5d5b6113784d|109f750dcc56,Cielo|Italo|Daniela,4|1|3,8.440|5.421|2.404,28,0,24
1790896018120635616,Cielo,727f578efbb9,0.101,2,5d5b6113784d|109f750dcc56,Italo|Daniela,1|3,5.621|2.604,28,0,25
1790896018320662784,Cielo,727f578efbb9,0.301,2,5d5b6113784d|109f750dcc56,Italo|Daniela,1|3,5.821|2.805,28,0,25
1790896018520461984,Cielo,727f578efbb9,0.500,2,5d5b6113784d|109f750dcc56,Italo|Daniela,1|3,6.021|3.004,28,0,25
1790896018720957696,Cielo,727f578efbb9,0.701,3,5d5b6113784d|109f750dcc56|f90a6aea5cad,Italo|Daniela|Hugo,1|3|2,6.221|3.205|0.186,29,0,25
1790896018920951840,Cielo,727f578efbb9,0.901,3,5d5b6113784d|109f750dcc56|f90a6aea5cad,Italo|Daniela|Hugo,1|3|2,6.421|3.405|0.386,29,0,25
1790896019121142848,Cielo,727f578efbb9,1.101,3,5d5b6113784d|109f750dcc56|f90a6aea5cad,Italo|Daniela|Hugo,1|3|2,6.621|3.605|0.586,29,0,25
1790896019320772160,Cielo,727f578efbb9,1.301,3,5d5b6113784d|109f750dcc56|f90a6aea5cad,Italo|Daniela|Hugo,1|3|2,6.821|3.805|0.786,29,0,25
1790896019520774336,Cielo,727f578efbb9,1.500,3,5d5b6113784d|109f750dcc56|f90a6aea5cad,Italo|Daniela|Hugo,1|3|2,7.021|4.004|0.986,29,0,25
1790896019720471904,Cielo,727f578efbb9,1.700,3,5d5b6113784d|109f750dcc56|f90a6aea5cad,Italo|Daniela|Hugo,1|3|2,7.221|4.204|1.186,29,0,25
1790896019920934272,Cielo,727f578efbb9,1.901,3,5d5b6113784d|109f750dcc56|f90a6aea5cad,Italo|Daniela|Hugo,1|3|2,7.421|4.405|1.386,29,0,25
1790896020120675104,Cielo,727f578efbb9,2.101,3,5d5b6113784d|109f750dcc56|f90a6aea5cad,Italo|Daniela|Hugo,1|3|2,7.621|4.605|1.586,29,0,25
1790896020320692032,Cielo,727f578efbb9,2.301,3,5d5b6113784d|109f750dcc56|f90a6aea5cad,Italo|Daniela|Hugo,1|3|2,7.821|4.805|1.786,29,0,25
1790896020520679968,Cielo,727f578efbb9,2.501,3,5d5b6113784d|109f750dcc56|f90a6aea5cad,Italo|Daniela|Hugo,1|3|2,8.021|5.005|1.986,29,0,25
1790896020720603072,Cielo,727f578efbb9,2.701,3,5d5b6113784d|109f750dcc56|f90a6aea5cad,Italo|Daniela|Hugo,1|3|2,8.221|5.204|2.186,29,0,25
1790896020920769440,Cielo,727f578efbb9,2.901,3,5d5b6113784d|109f750dcc56|f90a6aea5cad,Italo|Daniela|Hugo,1|3|2,8.421|5.405|2.386,29,0,25
1790896021120696352,Italo,5d5b6113784d,0.082,2,109f750dcc56|f90a6aea5cad,Daniela|Hugo,3|2,5.605|2.586,29,0,26
1790896021320559712,Italo,5d5b6113784d,0.282,2,109f750dcc56|f90a6aea5cad,Daniela|Hugo,3|2,5.804|2.786,29,0,26
1790896021520598720,Italo,5d5b6113784d,0.482,2,109f750dcc56|f90a6aea5cad,Daniela|Hugo,3|2,6.005|2.986,29,0,26
1790896021720695936,Italo,5d5b6113784d,0.682,3,109f750dcc56|f90a6aea5cad|e5cf9e622899,Daniela|Hugo|Cielo,3|2|4,6.205|3.186|0.167,30,0,26
1790896021921225408,Italo,5d5b6113784d,0.882,3,109f750dcc56|f90a6aea5cad|e5cf9e622899,Daniela|Hugo|Cielo,3|2|4,6.405|3.386|0.368,30,0,26
1790896022120832704,Italo,5d5b6113784d,1.082,3,109f750dcc56|f90a6aea5cad|e5cf9e622899,Daniela|Hugo|Cielo,3|2|4,6.605|3.586|0.567,30,0,26
1790896022320971744,Italo,5d5b6113784d,1.282,3,109f750dcc56|f90a6aea5cad|e5cf9e622899,Daniela|Hugo|Cielo,3|2|4,6.805|3.786|0.767,30,0,26
1790896022520927008,Italo,5d5b6113784d,1.482,3,109f750dcc56|f90a6aea5cad|e5cf9e622899,Daniela|Hugo|Cielo,3|2|4,7.005|3.986|0.967,30,0,26
1790896022721066336,Italo,5d5b6113784d,1.682,3,109f750dcc56|f90a6aea5cad|e5cf9e622899,Daniela|Hugo|Cielo,3|2|4,7.205|4.186|1.168,30,0,26
1790896022920657344,Italo,5d5b6113784d,1.882,3,109f750dcc56|f90a6aea5cad|e5cf9e622899,Daniela|Hugo|Cielo,3|2|4,7.405|4.386|1.367,30,0,26
1790896023120495936,Italo,5d5b6113784d,2.082,3,109f750dcc56|f90a6aea5cad|e5cf9e622899,Daniela|Hugo|Cielo,3|2|4,7.604|4.586|1.567,30,0,26
1790896023320798624,Italo,5d5b6113784d,2.282,3,109f750dcc56|f90a6aea5cad|e5cf9e622899,Daniela|Hugo|Cielo,3|2|4,7.805|4.786|1.767,30,0,26
1790896023520738816,Italo,5d5b6113784d,2.482,3,109f750dcc56|f90a6aea5cad|e5cf9e622899,Daniela|Hugo|Cielo,3|2|4,8.005|4.986|1.967,30,0,26
1790896023720687392,Italo,5d5b6113784d,2.682,3,109f750dcc56|f90a6aea5cad|e5cf9e622899,Daniela|Hugo|Cielo,3|2|4,8.205|5.186|2.167,30,0,26
1790896023920707712,Italo,5d5b6113784d,2.882,3,109f750dcc56|f90a6aea5cad|e5cf9e622899,Daniela|Hugo|Cielo,3|2|4,8.405|5.386|2.367,30,0,26
1790896024120630464,Daniela,109f750dcc56,0.063,2,f90a6aea5cad|e5cf9e622899,Hugo|Cielo,2|4,5.586|2.567,30,0,27
1790896024320667200,Daniela,109f750dcc56,0.263,2,f90a6aea5cad|e5cf9e622899,Hugo|Cielo,2|4,5.786|2.767,30,0,27
1790896024520294848,Daniela,109f750dcc56,0.463,2,f90a6aea5cad|e5cf9e622899,Hugo|Cielo,2|4,5.986|2.967,30,0,27
1790896024720708384,Daniela,109f750dcc56,0.663,3,f90a6aea5cad|e5cf9e622899|b00bfb4370df,Hugo|Cielo|Italo,2|4|1,6.186|3.167|0.148,31,0,27
1790896024920673024,Daniela,109f750dcc56,0.863,3,f90a6aea5cad|e5cf9e622899|b00bfb4370df,Hugo|Cielo|Italo,2|4|1,6.386|3.367|0.348,31,0,27
1790896025121204640,Daniela,109f750dcc56,1.064,3,f90a6aea5cad|e5cf9e622899|b00bfb4370df,Hugo|Cielo|Italo,2|4|1,6.586|3.568|0.548,31,0,27
1790896025320709920,Daniela,109f750dcc56,1.263,3,f90a6aea5cad|e5cf9e622899|b00bfb4370df,Hugo|Cielo|Italo,2|4|1,6.786|3.767|0.748,31,0,27
1790896025520598176,Daniela,109f750dcc56,1.463,3,f90a6aea5cad|e5cf9e622899|b00bfb4370df,Hugo|Cielo|Italo,2|4|1,6.986|3.967|0.948,31,0,27
1790896025721067552,Daniela,109f750dcc56,1.663,3,f90a6aea5cad|e5cf9e622899|b00bfb4370df,Hugo|Cielo|Italo,2|4|1,7.186|4.167|1.148,31,0,27
1790896025920804544,Daniela,109f750dcc56,1.863,3,f90a6aea5cad|e5cf9e622899|b00bfb4370df,Hugo|Cielo|Italo,2|4|1,7.386|4.367|1.348,31,0,27
1790896026120620736,Daniela,109f750dcc56,2.063,3,f90a6aea5cad|e5cf9e622899|b00bfb4370df,Hugo|Cielo|Italo,2|4|1,7.586|4.567|1.548,31,0,27
1790896026320584704,Daniela,109f750dcc56,2.263,3,f90a6aea5cad|e5cf9e622899|b00bfb4370df,Hugo|Cielo|Italo,2|4|1,7.786|4.767|1.748,31,0,27
1790896026520537568,Daniela,109f750dcc56,2.463,3,f90a6aea5cad|e5cf9e622899|b00bfb4370df,Hugo|Cielo|Italo,2|4|1,7.986|4.967|1.948,31,0,27
1790896026720600832,Daniela,109f750dcc56,2.663,3,f90a6aea5cad|e5cf9e622899|b00bfb4370df,Hugo|Cielo|Italo,2|4|1,8.186|5.167|2.148,31,0,27
1790896026921067968,Daniela,109f750dcc56,2.863,3,f90a6aea5cad|e5cf9e622899|b00bfb4370df,Hugo|Cielo|Italo,2|4|1,8.386|5.367|2.348,31,0,27
1790896027120671936,Hugo,f90a6aea5cad,0.044,2,e5cf9e622899|b00bfb4370df,Cielo|Italo,4|1,5.567|2.548,31,0,28
1790896027320698208,Hugo,f90a6aea5cad,0.244,2,e5cf9e622899|b00bfb4370df,Cielo|Italo,4|1,5.767|2.748,31,0,28
1790896027520595392,Hugo,f90a6aea5cad,0.444,2,e5cf9e622899|b00bfb4370df,Cielo|Italo,4|1,5.967|2.948,31,0,28
1790896027720520480,Hugo,f90a6aea5cad,0.644,3,e5cf9e622899|b00bfb4370df|f1ffc7fe539f,Cielo|Italo|Daniela,4|1|3,6.167|3.148|0.128,32,0,28
1790896027920605664,Hugo,f90a6aea5cad,0.844,3,e5cf9e622899|b00bfb4370df|f1ffc7fe539f,Cielo|Italo|Daniela,4|1|3,6.367|3.348|0.329,32,0,28
1790896028121253408,Hugo,f90a6aea5cad,1.044,3,e5cf9e622899|b00bfb4370df|f1ffc7fe539f,Cielo|Italo|Daniela,4|1|3,6.568|3.548|0.529,32,0,28
1790896028320710560,Hugo,f90a6aea5cad,1.244,3,e5cf9e622899|b00bfb4370df|f1ffc7fe539f,Cielo|Italo|Daniela,4|1|3,6.767|3.748|0.729,32,0,28
1790896028520606848,Hugo,f90a6aea5cad,1.444,3,e5cf9e622899|b00bfb4370df|f1ffc7fe539f,Cielo|Italo|Daniela,4|1|3,6.967|3.948|0.929,32,0,28
1790896028720507936,Hugo,f90a6aea5cad,1.644,3,e5cf9e622899|b00bfb4370df|f1ffc7fe539f,Cielo|Italo|Daniela,4|1|3,7.167|4.148|1.128,32,0,28
1790896028920536320,Hugo,f90a6aea5cad,1.844,3,e5cf9e622899|b00bfb4370df|f1ffc7fe539f,Cielo|Italo|Daniela,4|1|3,7.367|4.348|1.328,32,0,28
1790896029120758592,Hugo,f90a6aea5cad,2.044,3,e5cf9e622899|b00bfb4370df|f1ffc7fe539f,Cielo|Italo|Daniela,4|1|3,7.567|4.548|1.529,32,0,28
1790896029321108832,Hugo,f90a6aea5cad,2.244,3,e5cf9e622899|b00bfb4370df|f1ffc7fe539f,Cielo|Italo|Daniela,4|1|3,7.767|4.748|1.729,32,0,28
1790896029520621088,Hugo,f90a6aea5cad,2.444,3,e5cf9e622899|b00bfb4370df|f1ffc7fe539f,Cielo|Italo|Daniela,4|1|3,7.967|4.948|1.929,32,0,28
1790896029720672960,Hugo,f90a6aea5cad,2.644,3,e5cf9e622899|b00bfb4370df|f1ffc7fe539f,Cielo|Italo|Daniela,4|1|3,8.167|5.148|2.129,32,0,28
1790896029920503616,Hugo,f90a6aea5cad,2.844,3,e5cf9e622899|b00bfb4370df|f1ffc7fe539f,Cielo|Italo|Daniela,4|1|3,8.367|5.348|2.328,32,0,28
1790896030120600640,Cielo,e5cf9e622899,0.026,2,b00bfb4370df|f1ffc7fe539f,Italo|Daniela,1|3,5.548|2.528,32,0,29
1790896030320715264,Cielo,e5cf9e622899,0.226,2,b00bfb4370df|f1ffc7fe539f,Italo|Daniela,1|3,5.748|2.729,32,0,29
1790896030521167360,Cielo,e5cf9e622899,0.427,2,b00bfb4370df|f1ffc7fe539f,Italo|Daniela,1|3,5.948|2.929,32,0,29
1790896030720713536,Cielo,e5cf9e622899,0.626,3,b00bfb4370df|f1ffc7fe539f|5f7a19cbbf91,Italo|Daniela|Hugo,1|3|2,6.148|3.129|0.112,33,0,29
1790896030920690624,Cielo,e5cf9e622899,0.826,3,b00bfb4370df|f1ffc7fe539f|5f7a19cbbf91,Italo|Daniela|Hugo,1|3|2,6.348|3.329|0.312,33,0,29
1790896031120609408,Cielo,e5cf9e622899,1.026,3,b00bfb4370df|f1ffc7fe539f|5f7a19cbbf91,Italo|Daniela|Hugo,1|3|2,6.548|3.529|0.512,33,0,29
1790896031320909152,Cielo,e5cf9e622899,1.227,3,b00bfb4370df|f1ffc7fe539f|5f7a19cbbf91,Italo|Daniela|Hugo,1|3|2,6.748|3.729|0.712,33,0,29
1790896031520632544,Cielo,e5cf9e622899,1.426,3,b00bfb4370df|f1ffc7fe539f|5f7a19cbbf91,Italo|Daniela|Hugo,1|3|2,6.948|3.929|0.912,33,0,29
1790896031720919360,Cielo,e5cf9e622899,1.627,3,b00bfb4370df|f1ffc7fe539f|5f7a19cbbf91,Italo|Daniela|Hugo,1|3|2,7.148|4.129|1.112,33,0,29
1790896031920670016,Cielo,e5cf9e622899,1.826,3,b00bfb4370df|f1ffc7fe539f|5f7a19cbbf91,Italo|Daniela|Hugo,1|3|2,7.348|4.329|1.312,33,0,29
1790896032120870752,Cielo,e5cf9e622899,2.026,3,b00bfb4370df|f1ffc7fe539f|5f7a19cbbf91,Italo|Daniela|Hugo,1|3|2,7.548|4.529|1.512,33,0,29
1790896032320751168,Cielo,e5cf9e622899,2.226,3,b00bfb4370df|f1ffc7fe539f|5f7a19cbbf91,Italo|Daniela|Hugo,1|3|2,7.748|4.728|1.711,33,0,29
1790896032520512800,Cielo,e5cf9e622899,2.426,3,b00bfb4370df|f1ffc7fe539f|5f7a19cbbf91,Italo|Daniela|Hugo,1|3|2,7.948|4.929|1.912,33,0,29
1790896032720203904,Cielo,e5cf9e622899,2.626,3,b00bfb4370df|f1ffc7fe539f|5f7a19cbbf91,Italo|Daniela|Hugo,1|3|2,8.147|5.128|2.111,33,0,29
1790896032921025152,Cielo,e5cf9e622899,2.826,3,b00bfb4370df|f1ffc7fe539f|5f7a19cbbf91,Italo|Daniela|Hugo,1|3|2,8.348|5.329|2.312,33,0,29
1790896033120762432,Italo,b00bfb4370df,0.008,2,f1ffc7fe539f|5f7a19cbbf91,Daniela|Hugo,3|2,5.528|2.511,33,0,30
1790896033320686432,Italo,b00bfb4370df,0.208,2,f1ffc7fe539f|5f7a19cbbf91,Daniela|Hugo,3|2,5.728|2.711,33,0,30
1790896033520726688,Italo,b00bfb4370df,0.408,2,f1ffc7fe539f|5f7a19cbbf91,Daniela|Hugo,3|2,5.928|2.911,33,0,30
1790896033720776032,Italo,b00bfb4370df,0.608,3,f1ffc7fe539f|5f7a19cbbf91|486af92499df,Daniela|Hugo|Cielo,3|2|4,6.128|3.111|0.094,34,0,30
1790896033920356768,Italo,b00bfb4370df,0.808,3,f1ffc7fe539f|5f7a19cbbf91|486af92499df,Daniela|Hugo|Cielo,3|2|4,6.328|3.311|0.293,34,0,30
1790896034121220416,Italo,b00bfb4370df,1.008,3,f1ffc7fe539f|5f7a19cbbf91|486af92499df,Daniela|Hugo|Cielo,3|2|4,6.529|3.512|0.494,34,0,30
1790896034321793824,Italo,b00bfb4370df,1.209,3,f1ffc7fe539f|5f7a19cbbf91|486af92499df,Daniela|Hugo|Cielo,3|2|4,6.730|3.713|0.695,34,0,30
1790896034521168064,Italo,b00bfb4370df,1.408,3,f1ffc7fe539f|5f7a19cbbf91|486af92499df,Daniela|Hugo|Cielo,3|2|4,6.929|3.912|0.894,34,0,30
1790896034721120544,Italo,b00bfb4370df,1.608,3,f1ffc7fe539f|5f7a19cbbf91|486af92499df,Daniela|Hugo|Cielo,3|2|4,7.129|4.112|1.094,34,0,30
1790896034920719392,Italo,b00bfb4370df,1.808,3,f1ffc7fe539f|5f7a19cbbf91|486af92499df,Daniela|Hugo|Cielo,3|2|4,7.329|4.312|1.294,34,0,30
1790896035120724512,Italo,b00bfb4370df,2.008,3,f1ffc7fe539f|5f7a19cbbf91|486af92499df,Daniela|Hugo|Cielo,3|2|4,7.529|4.512|1.494,34,0,30
1790896035321051488,Italo,b00bfb4370df,2.208,3,f1ffc7fe539f|5f7a19cbbf91|486af92499df,Daniela|Hugo|Cielo,3|2|4,7.729|4.712|1.694,34,0,30
1790896035520680192,Italo,b00bfb4370df,2.408,3,f1ffc7fe539f|5f7a19cbbf91|486af92499df,Daniela|Hugo|Cielo,3|2|4,7.929|4.912|1.894,34,0,30
1790896035720545184,Italo,b00bfb4370df,2.608,3,f1ffc7fe539f|5f7a19cbbf91|486af92499df,Daniela|Hugo|Cielo,3|2|4,8.129|5.111|2.094,34,0,30
1790896035920617472,Italo,b00bfb4370df,2.808,3,f1ffc7fe539f|5f7a19cbbf91|486af92499df,Daniela|Hugo|Cielo,3|2|4,8.328|5.311|2.294,34,0,30
1790896036120609952,Italo,b00bfb4370df,3.008,3,f1ffc7fe539f|5f7a19cbbf91|486af92499df,Daniela|Hugo|Cielo,3|2|4,8.528|5.511|2.494,34,0,30
1790896036320500928,Daniela,f1ffc7fe539f,0.189,2,5f7a19cbbf91|486af92499df,Hugo|Cielo,2|4,5.711|2.694,34,0,31
1790896036520759136,Daniela,f1ffc7fe539f,0.389,2,5f7a19cbbf91|486af92499df,Hugo|Cielo,2|4,5.912|2.894,34,0,31
1790896036720384448,Daniela,f1ffc7fe539f,0.589,3,5f7a19cbbf91|486af92499df|53b5f3326755,Hugo|Cielo|Italo,2|4|1,6.111|3.094|0.075,35,0,31
1790896036920597632,Daniela,f1ffc7fe539f,0.789,3,5f7a19cbbf91|486af92499df|53b5f3326755,Hugo|Cielo|Italo,2|4|1,6.311|3.294|0.275,35,0,31
1790896037120511776,Daniela,f1ffc7fe539f,0.989,3,5f7a19cbbf91|486af92499df|53b5f3326755,Hugo|Cielo|Italo,2|4|1,6.511|3.494|0.475,35,0,31
1790896037320589504,Daniela,f1ffc7fe539f,1.189,3,5f7a19cbbf91|486af92499df|53b5f3326755,Hugo|Cielo|Italo,2|4|1,6.711|3.694|0.675,35,0,31
1790896037520328448,Daniela,f1ffc7fe539f,1.389,3,5f7a19cbbf91|486af92499df|53b5f3326755,Hugo|Cielo|Italo,2|4|1,6.911|3.894|0.875,35,0,31
1790896037720674944,Daniela,f1ffc7fe539f,1.589,3,5f7a19cbbf91|486af92499df|53b5f3326755,Hugo|Cielo|Italo,2|4|1,7.112|4.094|1.075,35,0,31
1790896037921139424,Daniela,f1ffc7fe539f,1.790,3,5f7a19cbbf91|486af92499df|53b5f3326755,Hugo|Cielo|Italo,2|4|1,7.312|4.294|1.276,35,0,31
1790896038120669792,Daniela,f1ffc7fe539f,1.989,3,5f7a19cbbf91|486af92499df|53b5f3326755,Hugo|Cielo|Italo,2|4|1,7.512|4.494|1.475,35,0,31
1790896038320628672,Daniela,f1ffc7fe539f,2.189,3,5f7a19cbbf91|486af92499df|53b5f3326755,Hugo|Cielo|Italo,2|4|1,7.712|4.694|1.675,35,0,31
1790896038520490848,Daniela,f1ffc7fe539f,2.389,3,5f7a19cbbf91|486af92499df|53b5f3326755,Hugo|Cielo|Italo,2|4|1,7.911|4.894|1.875,35,0,31
1790896038721009760,Daniela,f1ffc7fe539f,2.590,3,5f7a19cbbf91|486af92499df|53b5f3326755,Hugo|Cielo|Italo,2|4|1,8.112|5.094|2.076,35,0,31
1790896038920672000,Daniela,f1ffc7fe539f,2.789,3,5f7a19cbbf91|486af92499df|53b5f3326755,Hugo|Cielo|Italo,2|4|1,8.312|5.294|2.275,35,0,31
1790896039120521984,Daniela,f1ffc7fe539f,2.989,3,5f7a19cbbf91|486af92499df|53b5f3326755,Hugo|Cielo|Italo,2|4|1,8.511|5.494|2.475,35,0,31
1790896039320535136,Hugo,5f7a19cbbf91,0.171,2,486af92499df|53b5f3326755,Cielo|Italo,4|1,5.694|2.675,35,0,32
1790896039520558592,Hugo,5f7a19cbbf91,0.371,2,486af92499df|53b5f3326755,Cielo|Italo,4|1,5.894|2.875,35,0,32
1790896039720485248,Hugo,5f7a19cbbf91,0.571,3,486af92499df|53b5f3326755|33a360cb0db3,Cielo|Italo|Daniela,4|1|3,6.094|3.075|0.057,36,0,32
1790896039921060064,Hugo,5f7a19cbbf91,0.771,3,486af92499df|53b5f3326755|33a360cb0db3,Cielo|Italo|Daniela,4|1|3,6.294|3.276|0.258,36,0,32
1790896040120756320,Hugo,5f7a19cbbf91,0.971,3,486af92499df|53b5f3326755|33a360cb0db3,Cielo|Italo|Daniela,4|1|3,6.494|3.475|0.457,36,0,32
1790896040320486464,Hugo,5f7a19cbbf91,1.171,3,486af92499df|53b5f3326755|33a360cb0db3,Cielo|Italo|Daniela,4|1|3,6.694|3.675|0.657,36,0,32
1790896040520630336,Hugo,5f7a19cbbf91,1.371,3,486af92499df|53b5f3326755|33a360cb0db3,Cielo|Italo|Daniela,4|1|3,6.894|3.875|0.857,36,0,32
1790896040720438080,Hugo,5f7a19cbbf91,1.571,3,486af92499df|53b5f3326755|33a360cb0db3,Cielo|Italo|Daniela,4|1|3,7.094|4.075|1.057,36,0,32
1790896040920599712,Hugo,5f7a19cbbf91,1.771,3,486af92499df|53b5f3326755|33a360cb0db3,Cielo|Italo|Daniela,4|1|3,7.294|4.275|1.257,36,0,32
1790896041121169376,Hugo,5f7a19cbbf91,1.971,3,486af92499df|53b5f3326755|33a360cb0db3,Cielo|Italo|Daniela,4|1|3,7.494|4.476|1.458,36,0,32
1790896041320834976,Hugo,5f7a19cbbf91,2.171,3,486af92499df|53b5f3326755|33a360cb0db3,Cielo|Italo|Daniela,4|1|3,7.694|4.675|1.657,36,0,32
1790896041520687488,Hugo,5f7a19cbbf91,2.371,3,486af92499df|53b5f3326755|33a360cb0db3,Cielo|Italo|Daniela,4|1|3,7.894|4.875|1.857,36,0,32
1790896041720611456,Hugo,5f7a19cbbf91,2.571,3,486af92499df|53b5f3326755|33a360cb0db3,Cielo|Italo|Daniela,4|1|3,8.094|5.075|2.057,36,0,32
1790896041920477536,Hugo,5f7a19cbbf91,2.771,3,486af92499df|53b5f3326755|33a360cb0db3,Cielo|Italo|Daniela,4|1|3,8.294|5.275|2.257,36,0,32
1790896042120643264,Hugo,5f7a19cbbf91,2.971,3,486af92499df|53b5f3326755|33a360cb0db3,Cielo|Italo|Daniela,4|1|3,8.494|5.475|2.457,36,0,32
1790896042321083552,Cielo,486af92499df,0.154,2,53b5f3326755|33a360cb0db3,Italo|Daniela,1|3,5.676|2.658,36,0,33
1790896042520910944,Cielo,486af92499df,0.354,2,53b5f3326755|33a360cb0db3,Italo|Daniela,1|3,5.875|2.857,36,0,33
1790896042720293184,Cielo,486af92499df,0.554,3,53b5f3326755|33a360cb0db3|a7c77342a134,Italo|Daniela|Hugo,1|3|2,6.075|3.057|0.037,37,0,33
1790896042920587936,Cielo,486af92499df,0.754,3,53b5f3326755|33a360cb0db3|a7c77342a134,Italo|Daniela|Hugo,1|3|2,6.275|3.257|0.238,37,0,33
1790896043120761088,Cielo,486af92499df,0.954,3,53b5f3326755|33a360cb0db3|a7c77342a134,Italo|Daniela|Hugo,1|3|2,6.476|3.457|0.438,37,0,33
1790896043320426304,Cielo,486af92499df,1.154,3,53b5f3326755|33a360cb0db3|a7c77342a134,Italo|Daniela|Hugo,1|3|2,6.675|3.657|0.637,37,0,33
1790896043521057120,Cielo,486af92499df,1.354,3,53b5f3326755|33a360cb0db3|a7c77342a134,Italo|Daniela|Hugo,1|3|2,6.876|3.858|0.838,37,0,33
1790896043720719808,Cielo,486af92499df,1.554,3,53b5f3326755|33a360cb0db3|a7c77342a134,Italo|Daniela|Hugo,1|3|2,7.075|4.057|1.038,37,0,33
1790896043920688128,Cielo,486af92499df,1.754,3,53b5f3326755|33a360cb0db3|a7c77342a134,Italo|Daniela|Hugo,1|3|2,7.275|4.257|1.237,37,0,33
1790896044120756864,Cielo,486af92499df,1.954,3,53b5f3326755|33a360cb0db3|a7c77342a134,Italo|Daniela|Hugo,1|3|2,7.476|4.457|1.438,37,0,33
1790896044320853600,Cielo,486af92499df,2.154,3,53b5f3326755|33a360cb0db3|a7c77342a134,Italo|Daniela|Hugo,1|3|2,7.676|4.657|1.638,37,0,33
1790896044520403904,Cielo,486af92499df,2.354,3,53b5f3326755|33a360cb0db3|a7c77342a134,Italo|Daniela|Hugo,1|3|2,7.875|4.857|1.837,37,0,33
1790896044720904736,Cielo,486af92499df,2.554,3,53b5f3326755|33a360cb0db3|a7c77342a134,Italo|Daniela|Hugo,1|3|2,8.076|5.058|2.038,37,0,33
1790896044920671520,Cielo,486af92499df,2.754,3,53b5f3326755|33a360cb0db3|a7c77342a134,Italo|Daniela|Hugo,1|3|2,8.275|5.257|2.238,37,0,33
1790896045120427424,Cielo,486af92499df,2.954,3,53b5f3326755|33a360cb0db3|a7c77342a134,Italo|Daniela|Hugo,1|3|2,8.475|5.457|2.437,37,0,33
1790896045320623264,Italo,53b5f3326755,0.137,2,33a360cb0db3|a7c77342a134,Daniela|Hugo,3|2,5.657|2.638,37,0,34
1790896045520458720,Italo,53b5f3326755,0.336,2,33a360cb0db3|a7c77342a134,Daniela|Hugo,3|2,5.857|2.838,37,0,34
1790896045720206368,Italo,53b5f3326755,0.536,3,33a360cb0db3|a7c77342a134|a30b11fdebc8,Daniela|Hugo|Cielo,3|2|4,6.057|3.037|0.023,38,0,34
1790896045920988512,Italo,53b5f3326755,0.737,3,33a360cb0db3|a7c77342a134|a30b11fdebc8,Daniela|Hugo|Cielo,3|2|4,6.258|3.238|0.224,38,0,34
1790896046120592736,Italo,53b5f3326755,0.937,3,33a360cb0db3|a7c77342a134|a30b11fdebc8,Daniela|Hugo|Cielo,3|2|4,6.457|3.438|0.424,38,0,34
1790896046320565056,Italo,53b5f3326755,1.137,3,33a360cb0db3|a7c77342a134|a30b11fdebc8,Daniela|Hugo|Cielo,3|2|4,6.657|3.638|0.624,38,0,34
1790896046520475616,Italo,53b5f3326755,1.336,3,33a360cb0db3|a7c77342a134|a30b11fdebc8,Daniela|Hugo|Cielo,3|2|4,6.857|3.838|0.823,38,0,34
1790896046720610368,Italo,53b5f3326755,1.537,3,33a360cb0db3|a7c77342a134|a30b11fdebc8,Daniela|Hugo|Cielo,3|2|4,7.057|4.038|1.024,38,0,34
1790896046920104704,Italo,53b5f3326755,1.736,3,33a360cb0db3|a7c77342a134|a30b11fdebc8,Daniela|Hugo|Cielo,3|2|4,7.257|4.237|1.223,38,0,34
1790896047120797632,Italo,53b5f3326755,1.937,3,33a360cb0db3|a7c77342a134|a30b11fdebc8,Daniela|Hugo|Cielo,3|2|4,7.457|4.438|1.424,38,0,34
1790896047320692000,Italo,53b5f3326755,2.137,3,33a360cb0db3|a7c77342a134|a30b11fdebc8,Daniela|Hugo|Cielo,3|2|4,7.657|4.638|1.624,38,0,34
1790896047521190080,Italo,53b5f3326755,2.337,3,33a360cb0db3|a7c77342a134|a30b11fdebc8,Daniela|Hugo|Cielo,3|2|4,7.858|4.838|1.824,38,0,34
1790896047720707648,Italo,53b5f3326755,2.537,3,33a360cb0db3|a7c77342a134|a30b11fdebc8,Daniela|Hugo|Cielo,3|2|4,8.057|5.038|2.024,38,0,34
1790896047920485856,Italo,53b5f3326755,2.736,3,33a360cb0db3|a7c77342a134|a30b11fdebc8,Daniela|Hugo|Cielo,3|2|4,8.257|5.238|2.224,38,0,34
1790896048120595552,Italo,53b5f3326755,2.937,3,33a360cb0db3|a7c77342a134|a30b11fdebc8,Daniela|Hugo|Cielo,3|2|4,8.457|5.438|2.424,38,0,34
1790896048320658176,Daniela,33a360cb0db3,0.118,2,a7c77342a134|a30b11fdebc8,Hugo|Cielo,2|4,5.638|2.624,38,0,35
1790896048520510208,Daniela,33a360cb0db3,0.318,2,a7c77342a134|a30b11fdebc8,Hugo|Cielo,2|4,5.838|2.824,38,0,35
1790896048722088576,Daniela,33a360cb0db3,0.520,3,a7c77342a134|a30b11fdebc8|20e5d0939945,Hugo|Cielo|Italo,2|4|1,6.039|3.025|0.004,39,0,35
1790896048920697024,Daniela,33a360cb0db3,0.718,3,a7c77342a134|a30b11fdebc8|20e5d0939945,Hugo|Cielo|Italo,2|4|1,6.238|3.224|0.202,39,0,35
1790896049120692416,Daniela,33a360cb0db3,0.918,3,a7c77342a134|a30b11fdebc8|20e5d0939945,Hugo|Cielo|Italo,2|4|1,6.438|3.424|0.402,39,0,35
1790896049320819712,Daniela,33a360cb0db3,1.118,3,a7c77342a134|a30b11fdebc8|20e5d0939945,Hugo|Cielo|Italo,2|4|1,6.638|3.624|0.602,39,0,35
1790896049521039040,Daniela,33a360cb0db3,1.318,3,a7c77342a134|a30b11fdebc8|20e5d0939945,Hugo|Cielo|Italo,2|4|1,6.838|3.824|0.802,39,0,35
1790896049720670272,Daniela,33a360cb0db3,1.518,3,a7c77342a134|a30b11fdebc8|20e5d0939945,Hugo|Cielo|Italo,2|4|1,7.038|4.024|1.002,39,0,35
1790896049921045088,Daniela,33a360cb0db3,1.718,3,a7c77342a134|a30b11fdebc8|20e5d0939945,Hugo|Cielo|Italo,2|4|1,7.238|4.224|1.203,39,0,35
1790896050120675520,Daniela,33a360cb0db3,1.918,3,a7c77342a134|a30b11fdebc8|20e5d0939945,Hugo|Cielo|Italo,2|4|1,7.438|4.424|1.402,39,0,35
1790896050320533472,Daniela,33a360cb0db3,2.118,3,a7c77342a134|a30b11fdebc8|20e5d0939945,Hugo|Cielo|Italo,2|4|1,7.638|4.623|1.602,39,0,35
1790896050520372256,Daniela,33a360cb0db3,2.318,3,a7c77342a134|a30b11fdebc8|20e5d0939945,Hugo|Cielo|Italo,2|4|1,7.837|4.823|1.802,39,0,35
1790896050720702816,Daniela,33a360cb0db3,2.518,3,a7c77342a134|a30b11fdebc8|20e5d0939945,Hugo|Cielo|Italo,2|4|1,8.038|5.024|2.002,39,0,35
1790896050920928224,Daniela,33a360cb0db3,2.718,3,a7c77342a134|a30b11fdebc8|20e5d0939945,Hugo|Cielo|Italo,2|4|1,8.238|5.224|2.202,39,0,35
1790896051120914336,Daniela,33a360cb0db3,2.918,3,a7c77342a134|a30b11fdebc8|20e5d0939945,Hugo|Cielo|Italo,2|4|1,8.438|5.424|2.402,39,0,35
1790896051321192928,Hugo,a7c77342a134,0.100,2,a30b11fdebc8|20e5d0939945,Cielo|Italo,4|1,5.624|2.602,39,0,36
1790896051520922720,Hugo,a7c77342a134,0.300,2,a30b11fdebc8|20e5d0939945,Cielo|Italo,4|1,5.824|2.802,39,0,36
1790896051720898080,Hugo,a7c77342a134,0.500,2,a30b11fdebc8|20e5d0939945,Cielo|Italo,4|1,6.024|3.002,39,0,36
1790896051920782560,Hugo,a7c77342a134,0.699,3,a30b11fdebc8|20e5d0939945|23cb74ca99e2,Cielo|Italo|Daniela,4|1|3,6.224|3.202|0.184,40,0,36
1790896052120633376,Hugo,a7c77342a134,0.899,3,a30b11fdebc8|20e5d0939945|23cb74ca99e2,Cielo|Italo|Daniela,4|1|3,6.424|3.402|0.384,40,0,36
1790896052320622464,Hugo,a7c77342a134,1.099,3,a30b11fdebc8|20e5d0939945|23cb74ca99e2,Cielo|Italo|Daniela,4|1|3,6.624|3.602|0.584,40,0,36
1790896052520566752,Hugo,a7c77342a134,1.299,3,a30b11fdebc8|20e5d0939945|23cb74ca99e2,Cielo|Italo|Daniela,4|1|3,6.824|3.802|0.784,40,0,36
1790896052721022816,Hugo,a7c77342a134,1.500,3,a30b11fdebc8|20e5d0939945|23cb74ca99e2,Cielo|Italo|Daniela,4|1|3,7.024|4.002|0.984,40,0,36
1790896052921036640,Hugo,a7c77342a134,1.700,3,a30b11fdebc8|20e5d0939945|23cb74ca99e2,Cielo|Italo|Daniela,4|1|3,7.224|4.202|1.184,40,0,36
1790896053120766144,Hugo,a7c77342a134,1.899,3,a30b11fdebc8|20e5d0939945|23cb74ca99e2,Cielo|Italo|Daniela,4|1|3,7.424|4.402|1.384,40,0,36
1790896053320614400,Hugo,a7c77342a134,2.099,3,a30b11fdebc8|20e5d0939945|23cb74ca99e2,Cielo|Italo|Daniela,4|1|3,7.624|4.602|1.584,40,0,36
1790896053520752352,Hugo,a7c77342a134,2.299,3,a30b11fdebc8|20e5d0939945|23cb74ca99e2,Cielo|Italo|Daniela,4|1|3,7.824|4.802|1.784,40,0,36
1790896053720815456,Hugo,a7c77342a134,2.499,3,a30b11fdebc8|20e5d0939945|23cb74ca99e2,Cielo|Italo|Daniela,4|1|3,8.024|5.002|1.984,40,0,36
1790896053920646848,Hugo,a7c77342a134,2.699,3,a30b11fdebc8|20e5d0939945|23cb74ca99e2,Cielo|Italo|Daniela,4|1|3,8.224|5.202|2.184,40,0,36
1790896054121184256,Hugo,a7c77342a134,2.900,3,a30b11fdebc8|20e5d0939945|23cb74ca99e2,Cielo|Italo|Daniela,4|1|3,8.424|5.403|2.384,40,0,36
1790896054320850656,Cielo,a30b11fdebc8,0.081,2,20e5d0939945|23cb74ca99e2,Italo|Daniela,1|3,5.602|2.584,40,0,37
1790896054520457952,Cielo,a30b11fdebc8,0.281,2,20e5d0939945|23cb74ca99e2,Italo|Daniela,1|3,5.802|2.784,40,0,37
1790896054720628160,Cielo,a30b11fdebc8,0.481,2,20e5d0939945|23cb74ca99e2,Italo|Daniela,1|3,6.002|2.984,40,0,37
1790896054920467712,Cielo,a30b11fdebc8,0.681,3,20e5d0939945|23cb74ca99e2|afc502e7b131,Italo|Daniela|Hugo,1|3|2,6.202|3.184|0.160,41,0,37
1790896055120594208,Cielo,a30b11fdebc8,0.881,3,20e5d0939945|23cb74ca99e2|afc502e7b131,Italo|Daniela|Hugo,1|3|2,6.402|3.384|0.360,41,0,37
1790896055321018304,Cielo,a30b11fdebc8,1.082,3,20e5d0939945|23cb74ca99e2|afc502e7b131,Italo|Daniela|Hugo,1|3|2,6.602|3.584|0.561,41,0,37
1790896055520708800,Cielo,a30b11fdebc8,1.281,3,20e5d0939945|23cb74ca99e2|afc502e7b131,Italo|Daniela|Hugo,1|3|2,6.802|3.784|0.760,41,0,37
1790896055720808768,Cielo,a30b11fdebc8,1.482,3,20e5d0939945|23cb74ca99e2|afc502e7b131,Italo|Daniela|Hugo,1|3|2,7.002|3.984|0.960,41,0,37
1790896055920566272,Cielo,a30b11fdebc8,1.681,3,20e5d0939945|23cb74ca99e2|afc502e7b131,Italo|Daniela|Hugo,1|3|2,7.202|4.184|1.160,41,0,37
1790896056120785984,Cielo,a30b11fdebc8,1.882,3,20e5d0939945|23cb74ca99e2|afc502e7b131,Italo|Daniela|Hugo,1|3|2,7.402|4.384|1.360,41,0,37
1790896056320604160,Cielo,a30b11fdebc8,2.081,3,20e5d0939945|23cb74ca99e2|afc502e7b131,Italo|Daniela|Hugo,1|3|2,7.602|4.584|1.560,41,0,37
1790896056521078176,Cielo,a30b11fdebc8,2.282,3,20e5d0939945|23cb74ca99e2|afc502e7b131,Italo|Daniela|Hugo,1|3|2,7.802|4.784|1.761,41,0,37
1790896056720699776,Cielo,a30b11fdebc8,2.481,3,20e5d0939945|23cb74ca99e2|afc502e7b131,Italo|Daniela|Hugo,1|3|2,8.002|4.984|1.960,41,0,37
1790896056920660128,Cielo,a30b11fdebc8,2.681,3,20e5d0939945|23cb74ca99e2|afc502e7b131,Italo|Daniela|Hugo,1|3|2,8.202|5.184|2.160,41,0,37
1790896057120485920,Cielo,a30b11fdebc8,2.881,3,20e5d0939945|23cb74ca99e2|afc502e7b131,Italo|Daniela|Hugo,1|3|2,8.402|5.384|2.360,41,0,37
1790896057320899712,Italo,20e5d0939945,0.064,2,23cb74ca99e2|afc502e7b131,Daniela|Hugo,3|2,5.584|2.560,41,0,38
1790896057520838624,Italo,20e5d0939945,0.264,2,23cb74ca99e2|afc502e7b131,Daniela|Hugo,3|2,5.784|2.760,41,0,38
1790896057720994752,Italo,20e5d0939945,0.465,2,23cb74ca99e2|afc502e7b131,Daniela|Hugo,3|2,5.984|2.961,41,0,38
1790896057920607072,Italo,20e5d0939945,0.664,3,23cb74ca99e2|afc502e7b131|89cd62c17d42,Daniela|Hugo|Cielo,3|2|4,6.184|3.160|0.149,42,0,38
1790896058120661120,Italo,20e5d0939945,0.864,3,23cb74ca99e2|afc502e7b131|89cd62c17d42,Daniela|Hugo|Cielo,3|2|4,6.384|3.360|0.349,42,0,38
1790896058320769952,Italo,20e5d0939945,1.064,3,23cb74ca99e2|afc502e7b131|89cd62c17d42,Daniela|Hugo|Cielo,3|2|4,6.584|3.560|0.549,42,0,38
1790896058520534176,Italo,20e5d0939945,1.264,3,23cb74ca99e2|afc502e7b131|89cd62c17d42,Daniela|Hugo|Cielo,3|2|4,6.784|3.760|0.749,42,0,38
1790896058720188128,Italo,20e5d0939945,1.464,3,23cb74ca99e2|afc502e7b131|89cd62c17d42,Daniela|Hugo|Cielo,3|2|4,6.983|3.960|0.949,42,0,38
1790896058921187008,Italo,20e5d0939945,1.665,3,23cb74ca99e2|afc502e7b131|89cd62c17d42,Daniela|Hugo|Cielo,3|2|4,7.184|4.161|1.150,42,0,38
1790896059120689056,Italo,20e5d0939945,1.864,3,23cb74ca99e2|afc502e7b131|89cd62c17d42,Daniela|Hugo|Cielo,3|2|4,7.384|4.360|1.349,42,0,38
1790896059320533376,Italo,20e5d0939945,2.064,3,23cb74ca99e2|afc502e7b131|89cd62c17d42,Daniela|Hugo|Cielo,3|2|4,7.584|4.560|1.549,42,0,38
1790896059520621152,Italo,20e5d0939945,2.264,3,23cb74ca99e2|afc502e7b131|89cd62c17d42,Daniela|Hugo|Cielo,3|2|4,7.784|4.760|1.749,42,0,38
1790896059720469024,Italo,20e5d0939945,2.464,3,23cb74ca99e2|afc502e7b131|89cd62c17d42,Daniela|Hugo|Cielo,3|2|4,7.984|4.960|1.949,42,0,38
1790896059920129024,Italo,20e5d0939945,2.664,3,23cb74ca99e2|afc502e7b131|89cd62c17d42,Daniela|Hugo|Cielo,3|2|4,8.183|5.160|2.149,42,0,38
1790896060121015616,Italo,20e5d0939945,2.865,3,23cb74ca99e2|afc502e7b131|89cd62c17d42,Daniela|Hugo|Cielo,3|2|4,8.384|5.361|2.350,42,0,38
1790896060320579616,Daniela,23cb74ca99e2,0.048,2,afc502e7b131|89cd62c17d42,Hugo|Cielo,2|4,5.560|2.549,42,0,39
1790896060521132992,Daniela,23cb74ca99e2,0.248,2,afc502e7b131|89cd62c17d42,Hugo|Cielo,2|4,5.761|2.750,42,0,39
1790896060720639744,Daniela,23cb74ca99e2,0.448,2,afc502e7b131|89cd62c17d42,Hugo|Cielo,2|4,5.960|2.949,42,0,39
1790896060920615360,Daniela,23cb74ca99e2,0.648,3,afc502e7b131|89cd62c17d42|c7f93793a9dc,Hugo|Cielo|Italo,2|4|1,6.160|3.149|0.132,43,0,39
1790896061120116480,Daniela,23cb74ca99e2,0.847,3,afc502e7b131|89cd62c17d42|c7f93793a9dc,Hugo|Cielo|Italo,2|4|1,6.360|3.349|0.332,43,0,39
1790896061320944096,Daniela,23cb74ca99e2,1.048,3,afc502e7b131|89cd62c17d42|c7f93793a9dc,Hugo|Cielo|Italo,2|4|1,6.561|3.550|0.532,43,0,39
1790896061520945792,Daniela,23cb74ca99e2,1.248,3,afc502e7b131|89cd62c17d42|c7f93793a9dc,Hugo|Cielo|Italo,2|4|1,6.760|3.749|0.732,43,0,39
1790896061721060768,Daniela,23cb74ca99e2,1.448,3,afc502e7b131|89cd62c17d42|c7f93793a9dc,Hugo|Cielo|Italo,2|4|1,6.961|3.950|0.932,43,0,39
1790896061921021344,Daniela,23cb74ca99e2,1.648,3,afc502e7b131|89cd62c17d42|c7f93793a9dc,Hugo|Cielo|Italo,2|4|1,7.161|4.150|1.132,43,0,39
1790896062120734656,Daniela,23cb74ca99e2,1.848,3,afc502e7b131|89cd62c17d42|c7f93793a9dc,Hugo|Cielo|Italo,2|4|1,7.360|4.349|1.332,43,0,39
1790896062320716448,Daniela,23cb74ca99e2,2.048,3,afc502e7b131|89cd62c17d42|c7f93793a9dc,Hugo|Cielo|Italo,2|4|1,7.560|4.549|1.532,43,0,39
1790896062520991488,Daniela,23cb74ca99e2,2.248,3,afc502e7b131|89cd62c17d42|c7f93793a9dc,Hugo|Cielo|Italo,2|4|1,7.760|4.749|1.732,43,0,39
1790896062720568416,Daniela,23cb74ca99e2,2.448,3,afc502e7b131|89cd62c17d42|c7f93793a9dc,Hugo|Cielo|Italo,2|4|1,7.960|4.949|1.932,43,0,39
1790896062920563040,Daniela,23cb74ca99e2,2.648,3,afc502e7b131|89cd62c17d42|c7f93793a9dc,Hugo|Cielo|Italo,2|4|1,8.160|5.149|2.132,43,0,39
1790896063120957984,Daniela,23cb74ca99e2,2.848,3,afc502e7b131|89cd62c17d42|c7f93793a9dc,Hugo|Cielo|Italo,2|4|1,8.361|5.349|2.332,43,0,39
1790896063320517952,Hugo,afc502e7b131,0.029,2,89cd62c17d42|c7f93793a9dc,Cielo|Italo,4|1,5.549|2.532,43,0,40
1790896063520495616,Hugo,afc502e7b131,0.229,2,89cd62c17d42|c7f93793a9dc,Cielo|Italo,4|1,5.749|2.732,43,0,40
1790896063720810752,Hugo,afc502e7b131,0.429,2,89cd62c17d42|c7f93793a9dc,Cielo|Italo,4|1,5.949|2.932,43,0,40
1790896063920699424,Hugo,afc502e7b131,0.629,3,89cd62c17d42|c7f93793a9dc|1dfff876d32b,Cielo|Italo|Daniela,4|1|3,6.149|3.132|0.113,44,0,40
1790896064120749504,Hugo,afc502e7b131,0.829,3,89cd62c17d42|c7f93793a9dc|1dfff876d32b,Cielo|Italo|Daniela,4|1|3,6.349|3.332|0.313,44,0,40
1790896064320624000,Hugo,afc502e7b131,1.029,3,89cd62c17d42|c7f93793a9dc|1dfff876d32b,Cielo|Italo|Daniela,4|1|3,6.549|3.532|0.513,44,0,40
1790896064520588224,Hugo,afc502e7b131,1.229,3,89cd62c17d42|c7f93793a9dc|1dfff876d32b,Cielo|Italo|Daniela,4|1|3,6.749|3.732|0.713,44,0,40
1790896064720483808,Hugo,afc502e7b131,1.429,3,89cd62c17d42|c7f93793a9dc|1dfff876d32b,Cielo|Italo|Daniela,4|1|3,6.949|3.932|0.913,44,0,40
1790896064920860416,Hugo,afc502e7b131,1.629,3,89cd62c17d42|c7f93793a9dc|1dfff876d32b,Cielo|Italo|Daniela,4|1|3,7.149|4.132|1.113,44,0,40
1790896065120621248,Hugo,afc502e7b131,1.829,3,89cd62c17d42|c7f93793a9dc|1dfff876d32b,Cielo|Italo|Daniela,4|1|3,7.349|4.332|1.313,44,0,40
1790896065320469216,Hugo,afc502e7b131,2.029,3,89cd62c17d42|c7f93793a9dc|1dfff876d32b,Cielo|Italo|Daniela,4|1|3,7.549|4.532|1.513,44,0,40
1790896065520623200,Hugo,afc502e7b131,2.229,3,89cd62c17d42|c7f93793a9dc|1dfff876d32b,Cielo|Italo|Daniela,4|1|3,7.749|4.732|1.713,44,0,40
1790896065720462432,Hugo,afc502e7b131,2.429,3,89cd62c17d42|c7f93793a9dc|1dfff876d32b,Cielo|Italo|Daniela,4|1|3,7.949|4.932|1.913,44,0,40
1790896065920332704,Hugo,afc502e7b131,2.629,3,89cd62c17d42|c7f93793a9dc|1dfff876d32b,Cielo|Italo|Daniela,4|1|3,8.149|5.132|2.112,44,0,40
1790896066120839840,Hugo,afc502e7b131,2.829,3,89cd62c17d42|c7f93793a9dc|1dfff876d32b,Cielo|Italo|Daniela,4|1|3,8.349|5.332|2.313,44,0,40
1790896066320603296,Cielo,89cd62c17d42,0.009,2,c7f93793a9dc|1dfff876d32b,Italo|Daniela,1|3,5.532|2.513,44,0,41
1790896066520537760,Cielo,89cd62c17d42,0.209,2,c7f93793a9dc|1dfff876d32b,Italo|Daniela,1|3,5.732|2.713,44,0,41
1790896066720523872,Cielo,89cd62c17d42,0.409,2,c7f93793a9dc|1dfff876d32b,Italo|Daniela,1|3,5.932|2.913,44,0,41
1790896066920467552,Cielo,89cd62c17d42,0.609,3,c7f93793a9dc|1dfff876d32b|5cfe045b463a,Italo|Daniela|Hugo,1|3|2,6.132|3.113|0.094,45,0,41
1790896067120510688,Cielo,89cd62c17d42,0.809,3,c7f93793a9dc|1dfff876d32b|5cfe045b463a,Italo|Daniela|Hugo,1|3|2,6.332|3.313|0.294,45,0,41
1790896067321098016,Cielo,89cd62c17d42,1.010,3,c7f93793a9dc|1dfff876d32b|5cfe045b463a,Italo|Daniela|Hugo,1|3|2,6.532|3.513|0.494,45,0,41
1790896067521128288,Cielo,89cd62c17d42,1.210,3,c7f93793a9dc|1dfff876d32b|5cfe045b463a,Italo|Daniela|Hugo,1|3|2,6.733|3.713|0.694,45,0,41
1790896067720855808,Cielo,89cd62c17d42,1.409,3,c7f93793a9dc|1dfff876d32b|5cfe045b463a,Italo|Daniela|Hugo,1|3|2,6.932|3.912|0.894,45,0,41
1790896067920824512,Cielo,89cd62c17d42,1.610,3,c7f93793a9dc|1dfff876d32b|5cfe045b463a,Italo|Daniela|Hugo,1|3|2,7.132|4.113|1.094,45,0,41
1790896068120723872,Cielo,89cd62c17d42,1.809,3,c7f93793a9dc|1dfff876d32b|5cfe045b463a,Italo|Daniela|Hugo,1|3|2,7.332|4.313|1.294,45,0,41
1790896068320974240,Cielo,89cd62c17d42,2.010,3,c7f93793a9dc|1dfff876d32b|5cfe045b463a,Italo|Daniela|Hugo,1|3|2,7.532|4.513|1.494,45,0,41
1790896068520699584,Cielo,89cd62c17d42,2.210,3,c7f93793a9dc|1dfff876d32b|5cfe045b463a,Italo|Daniela|Hugo,1|3|2,7.732|4.713|1.694,45,0,41
1790896068720673408,Cielo,89cd62c17d42,2.409,3,c7f93793a9dc|1dfff876d32b|5cfe045b463a,Italo|Daniela|Hugo,1|3|2,7.932|4.913|1.894,45,0,41
1790896068920798880,Cielo,89cd62c17d42,2.609,3,c7f93793a9dc|1dfff876d32b|5cfe045b463a,Italo|Daniela|Hugo,1|3|2,8.132|5.113|2.094,45,0,41
1790896069120782528,Cielo,89cd62c17d42,2.809,3,c7f93793a9dc|1dfff876d32b|5cfe045b463a,Italo|Daniela|Hugo,1|3|2,8.332|5.313|2.294,45,0,41
1790896069320579936,Cielo,89cd62c17d42,3.009,3,c7f93793a9dc|1dfff876d32b|5cfe045b463a,Italo|Daniela|Hugo,1|3|2,8.532|5.513|2.494,45,0,41
1790896069521414656,Italo,c7f93793a9dc,0.191,2,1dfff876d32b|5cfe045b463a,Daniela|Hugo,3|2,5.713|2.694,45,0,42
1790896069720729216,Italo,c7f93793a9dc,0.391,2,1dfff876d32b|5cfe045b463a,Daniela|Hugo,3|2,5.913|2.894,45,0,42
1790896069920668224,Italo,c7f93793a9dc,0.590,3,1dfff876d32b|5cfe045b463a|a0f0737ae5ed,Daniela|Hugo|Cielo,3|2|4,6.113|3.094|0.070,46,0,42
1790896070121024384,Italo,c7f93793a9dc,0.791,3,1dfff876d32b|5cfe045b463a|a0f0737ae5ed,Daniela|Hugo|Cielo,3|2|4,6.313|3.294|0.270,46,0,42
1790896070321599296,Italo,c7f93793a9dc,0.991,3,1dfff876d32b|5cfe045b463a|a0f0737ae5ed,Daniela|Hugo|Cielo,3|2|4,6.513|3.495|0.471,46,0,42
1790896070521347584,Italo,c7f93793a9dc,1.191,3,1dfff876d32b|5cfe045b463a|a0f0737ae5ed,Daniela|Hugo|Cielo,3|2|4,6.713|3.694|0.670,46,0,42
1790896070721619136,Italo,c7f93793a9dc,1.391,3,1dfff876d32b|5cfe045b463a|a0f0737ae5ed,Daniela|Hugo|Cielo,3|2|4,6.913|3.894|0.870,46,0,42
1790896070920686752,Italo,c7f93793a9dc,1.590,3,1dfff876d32b|5cfe045b463a|a0f0737ae5ed,Daniela|Hugo|Cielo,3|2|4,7.113|4.094|1.070,46,0,42
1790896071120970560,Italo,c7f93793a9dc,1.790,3,1dfff876d32b|5cfe045b463a|a0f0737ae5ed,Daniela|Hugo|Cielo,3|2|4,7.313|4.294|1.270,46,0,42
1790896071321146880,Italo,c7f93793a9dc,1.990,3,1dfff876d32b|5cfe045b463a|a0f0737ae5ed,Daniela|Hugo|Cielo,3|2|4,7.513|4.494|1.470,46,0,42
1790896071520777312,Italo,c7f93793a9dc,2.190,3,1dfff876d32b|5cfe045b463a|a0f0737ae5ed,Daniela|Hugo|Cielo,3|2|4,7.713|4.694|1.670,46,0,42
1790896071720632608,Italo,c7f93793a9dc,2.390,3,1dfff876d32b|5cfe045b463a|a0f0737ae5ed,Daniela|Hugo|Cielo,3|2|4,7.913|4.894|1.870,46,0,42
1790896071921325952,Italo,c7f93793a9dc,2.591,3,1dfff876d32b|5cfe045b463a|a0f0737ae5ed,Daniela|Hugo|Cielo,3|2|4,8.113|5.094|2.070,46,0,42
1790896072121179552,Italo,c7f93793a9dc,2.790,3,1dfff876d32b|5cfe045b463a|a0f0737ae5ed,Daniela|Hugo|Cielo,3|2|4,8.313|5.294|2.270,46,0,42
1790896072321032480,Italo,c7f93793a9dc,2.990,3,1dfff876d32b|5cfe045b463a|a0f0737ae5ed,Daniela|Hugo|Cielo,3|2|4,8.513|5.494|2.470,46,0,42
1790896072521041760,Daniela,1dfff876d32b,0.172,2,5cfe045b463a|a0f0737ae5ed,Hugo|Cielo,2|4,5.694|2.670,46,0,43
1790896072721057664,Daniela,1dfff876d32b,0.372,2,5cfe045b463a|a0f0737ae5ed,Hugo|Cielo,2|4,5.894|2.870,46,0,43
1790896072920435648,Daniela,1dfff876d32b,0.571,3,5cfe045b463a|a0f0737ae5ed|8ae13e84eef8,Hugo|Cielo|Italo,2|4|1,6.094|3.070|0.053,47,0,43
1790896073121398720,Daniela,1dfff876d32b,0.772,3,5cfe045b463a|a0f0737ae5ed|8ae13e84eef8,Hugo|Cielo|Italo,2|4|1,6.294|3.270|0.254,47,0,43
1790896073321037728,Daniela,1dfff876d32b,0.972,3,5cfe045b463a|a0f0737ae5ed|8ae13e84eef8,Hugo|Cielo|Italo,2|4|1,6.494|3.470|0.453,47,0,43
1790896073521216768,Daniela,1dfff876d32b,1.172,3,5cfe045b463a|a0f0737ae5ed|8ae13e84eef8,Hugo|Cielo|Italo,2|4|1,6.694|3.670|0.654,47,0,43
1790896073720771744,Daniela,1dfff876d32b,1.372,3,5cfe045b463a|a0f0737ae5ed|8ae13e84eef8,Hugo|Cielo|Italo,2|4|1,6.894|3.870|0.853,47,0,43
1790896073920710784,Daniela,1dfff876d32b,1.572,3,5cfe045b463a|a0f0737ae5ed|8ae13e84eef8,Hugo|Cielo|Italo,2|4|1,7.094|4.070|1.053,47,0,43
1790896074120601952,Daniela,1dfff876d32b,1.772,3,5cfe045b463a|a0f0737ae5ed|8ae13e84eef8,Hugo|Cielo|Italo,2|4|1,7.294|4.270|1.253,47,0,43
1790896074320983072,Daniela,1dfff876d32b,1.972,3,5cfe045b463a|a0f0737ae5ed|8ae13e84eef8,Hugo|Cielo|Italo,2|4|1,7.494|4.470|1.453,47,0,43
1790896074520903296,Daniela,1dfff876d32b,2.172,3,5cfe045b463a|a0f0737ae5ed|8ae13e84eef8,Hugo|Cielo|Italo,2|4|1,7.694|4.670|1.653,47,0,43
1790896074720556864,Daniela,1dfff876d32b,2.372,3,5cfe045b463a|a0f0737ae5ed|8ae13e84eef8,Hugo|Cielo|Italo,2|4|1,7.894|4.870|1.853,47,0,43
1790896074920686176,Daniela,1dfff876d32b,2.572,3,5cfe045b463a|a0f0737ae5ed|8ae13e84eef8,Hugo|Cielo|Italo,2|4|1,8.094|5.070|2.053,47,0,43
1790896075120468096,Daniela,1dfff876d32b,2.772,3,5cfe045b463a|a0f0737ae5ed|8ae13e84eef8,Hugo|Cielo|Italo,2|4|1,8.294|5.270|2.253,47,0,43
1790896075320662592,Daniela,1dfff876d32b,2.972,3,5cfe045b463a|a0f0737ae5ed|8ae13e84eef8,Hugo|Cielo|Italo,2|4|1,8.494|5.470|2.453,47,0,43
1790896075521092736,Hugo,5cfe045b463a,0.153,2,a0f0737ae5ed|8ae13e84eef8,Cielo|Italo,4|1,5.670|2.653,47,0,44
1790896075720644352,Hugo,5cfe045b463a,0.353,2,a0f0737ae5ed|8ae13e84eef8,Cielo|Italo,4|1,5.870|2.853,47,0,44
1790896075920694240,Hugo,5cfe045b463a,0.552,3,a0f0737ae5ed|8ae13e84eef8|6898fe666dba,Cielo|Italo|Daniela,4|1|3,6.070|3.053|0.044,48,0,44
1790896076120740928,Hugo,5cfe045b463a,0.753,3,a0f0737ae5ed|8ae13e84eef8|6898fe666dba,Cielo|Italo|Daniela,4|1|3,6.270|3.253|0.244,48,0,44
1790896076320629216,Hugo,5cfe045b463a,0.953,3,a0f0737ae5ed|8ae13e84eef8|6898fe666dba,Cielo|Italo|Daniela,4|1|3,6.470|3.453|0.444,48,0,44
1790896076520239168,Hugo,5cfe045b463a,1.152,3,a0f0737ae5ed|8ae13e84eef8|6898fe666dba,Cielo|Italo|Daniela,4|1|3,6.670|3.653|0.644,48,0,44
1790896076721362016,Hugo,5cfe045b463a,1.353,3,a0f0737ae5ed|8ae13e84eef8|6898fe666dba,Cielo|Italo|Daniela,4|1|3,6.870|3.854|0.845,48,0,44
1790896076920988416,Hugo,5cfe045b463a,1.553,3,a0f0737ae5ed|8ae13e84eef8|6898fe666dba,Cielo|Italo|Daniela,4|1|3,7.070|4.053|1.044,48,0,44
1790896077120604032,Hugo,5cfe045b463a,1.753,3,a0f0737ae5ed|8ae13e84eef8|6898fe666dba,Cielo|Italo|Daniela,4|1|3,7.270|4.253|1.244,48,0,44
1790896077320630976,Hugo,5cfe045b463a,1.953,3,a0f0737ae5ed|8ae13e84eef8|6898fe666dba,Cielo|Italo|Daniela,4|1|3,7.470|4.453|1.444,48,0,44
1790896077520539648,Hugo,5cfe045b463a,2.153,3,a0f0737ae5ed|8ae13e84eef8|6898fe666dba,Cielo|Italo|Daniela,4|1|3,7.670|4.653|1.644,48,0,44
1790896077720091168,Hugo,5cfe045b463a,2.352,3,a0f0737ae5ed|8ae13e84eef8|6898fe666dba,Cielo|Italo|Daniela,4|1|3,7.870|4.853|1.844,48,0,44
1790896077920964096,Hugo,5cfe045b463a,2.553,3,a0f0737ae5ed|8ae13e84eef8|6898fe666dba,Cielo|Italo|Daniela,4|1|3,8.070|5.053|2.045,48,0,44
1790896078120849632,Hugo,5cfe045b463a,2.753,3,a0f0737ae5ed|8ae13e84eef8|6898fe666dba,Cielo|Italo|Daniela,4|1|3,8.270|5.253|2.244,48,0,44
1790896078320592800,Hugo,5cfe045b463a,2.953,3,a0f0737ae5ed|8ae13e84eef8|6898fe666dba,Cielo|Italo|Daniela,4|1|3,8.470|5.453|2.444,48,0,44
1790896078520612288,Cielo,a0f0737ae5ed,0.134,2,8ae13e84eef8|6898fe666dba,Italo|Daniela,1|3,5.653|2.644,48,0,45
1790896078720552384,Cielo,a0f0737ae5ed,0.334,2,8ae13e84eef8|6898fe666dba,Italo|Daniela,1|3,5.853|2.844,48,0,45
1790896078920662624,Cielo,a0f0737ae5ed,0.534,3,8ae13e84eef8|6898fe666dba|031661d2c05c,Italo|Daniela|Hugo,1|3|2,6.053|3.044|0.016,49,0,45
1790896079120787360,Cielo,a0f0737ae5ed,0.734,3,8ae13e84eef8|6898fe666dba|031661d2c05c,Italo|Daniela|Hugo,1|3|2,6.253|3.245|0.217,49,0,45
1790896079320560864,Cielo,a0f0737ae5ed,0.934,3,8ae13e84eef8|6898fe666dba|031661d2c05c,Italo|Daniela|Hugo,1|3|2,6.453|3.444|0.417,49,0,45
1790896079520786432,Cielo,a0f0737ae5ed,1.134,3,8ae13e84eef8|6898fe666dba|031661d2c05c,Italo|Daniela|Hugo,1|3|2,6.653|3.644|0.617,49,0,45
1790896079720618080,Cielo,a0f0737ae5ed,1.334,3,8ae13e84eef8|6898fe666dba|031661d2c05c,Italo|Daniela|Hugo,1|3|2,6.853|3.844|0.817,49,0,45
1790896079920791456,Cielo,a0f0737ae5ed,1.534,3,8ae13e84eef8|6898fe666dba|031661d2c05c,Italo|Daniela|Hugo,1|3|2,7.053|4.045|1.017,49,0,45
1790896080120613120,Cielo,a0f0737ae5ed,1.734,3,8ae13e84eef8|6898fe666dba|031661d2c05c,Italo|Daniela|Hugo,1|3|2,7.253|4.244|1.217,49,0,45
1790896080320807968,Cielo,a0f0737ae5ed,1.934,3,8ae13e84eef8|6898fe666dba|031661d2c05c,Italo|Daniela|Hugo,1|3|2,7.453|4.445|1.417,49,0,45
1790896080520623872,Cielo,a0f0737ae5ed,2.134,3,8ae13e84eef8|6898fe666dba|031661d2c05c,Italo|Daniela|Hugo,1|3|2,7.653|4.644|1.617,49,0,45
1790896080720477280,Cielo,a0f0737ae5ed,2.334,3,8ae13e84eef8|6898fe666dba|031661d2c05c,Italo|Daniela|Hugo,1|3|2,7.853|4.844|1.817,49,0,45
1790896080920591456,Cielo,a0f0737ae5ed,2.534,3,8ae13e84eef8|6898fe666dba|031661d2c05c,Italo|Daniela|Hugo,1|3|2,8.053|5.044|2.017,49,0,45
1790896081120764864,Cielo,a0f0737ae5ed,2.734,3,8ae13e84eef8|6898fe666dba|031661d2c05c,Italo|Daniela|Hugo,1|3|2,8.253|5.244|2.217,49,0,45
1790896081320476480,Cielo,a0f0737ae5ed,2.934,3,8ae13e84eef8|6898fe666dba|031661d2c05c,Italo|Daniela|Hugo,1|3|2,8.453|5.444|2.417,49,0,45
1790896081520713792,Italo,8ae13e84eef8,0.115,2,6898fe666dba|031661d2c05c,Daniela|Hugo,3|2,5.644|2.617,49,0,46
1790896081720610048,Italo,8ae13e84eef8,0.315,2,6898fe666dba|031661d2c05c,Daniela|Hugo,3|2,5.844|2.817,49,0,46
1790896081920742112,Italo,8ae13e84eef8,0.516,2,6898fe666dba|031661d2c05c,Daniela|Hugo,3|2,6.045|3.017,50,0,46
1790896082120539264,Italo,8ae13e84eef8,0.715,3,6898fe666dba|031661d2c05c|635627737b7d,Daniela|Hugo|Cielo,3|2|4,6.244|3.217|0.195,50,0,46
1790896082320464032,Italo,8ae13e84eef8,0.915,3,6898fe666dba|031661d2c05c|635627737b7d,Daniela|Hugo|Cielo,3|2|4,6.444|3.417|0.395,50,0,46
1790896082520310720,Italo,8ae13e84eef8,1.115,3,6898fe666dba|031661d2c05c|635627737b7d,Daniela|Hugo|Cielo,3|2|4,6.644|3.616|0.595,50,0,46
1790896082720705632,Italo,8ae13e84eef8,1.315,3,6898fe666dba|031661d2c05c|635627737b7d,Daniela|Hugo|Cielo,3|2|4,6.844|3.817|0.796,50,0,46
1790896082920552800,Italo,8ae13e84eef8,1.515,3,6898fe666dba|031661d2c05c|635627737b7d,Daniela|Hugo|Cielo,3|2|4,7.044|4.017|0.995,50,0,46
1790896083121177568,Italo,8ae13e84eef8,1.716,3,6898fe666dba|031661d2c05c|635627737b7d,Daniela|Hugo|Cielo,3|2|4,7.245|4.217|1.196,50,0,46
1790896083320722880,Italo,8ae13e84eef8,1.916,3,6898fe666dba|031661d2c05c|635627737b7d,Daniela|Hugo|Cielo,3|2|4,7.444|4.417|1.396,50,0,46
1790896083520598016,Italo,8ae13e84eef8,2.115,3,6898fe666dba|031661d2c05c|635627737b7d,Daniela|Hugo|Cielo,3|2|4,7.644|4.617|1.595,50,0,46
1790896083721007136,Italo,8ae13e84eef8,2.316,3,6898fe666dba|031661d2c05c|635627737b7d,Daniela|Hugo|Cielo,3|2|4,7.845|4.817|1.796,50,0,46
1790896083920730432,Italo,8ae13e84eef8,2.515,3,6898fe666dba|031661d2c05c|635627737b7d,Daniela|Hugo|Cielo,3|2|4,8.044|5.017|1.996,50,0,46
1790896084121856288,Italo,8ae13e84eef8,2.716,3,6898fe666dba|031661d2c05c|635627737b7d,Daniela|Hugo|Cielo,3|2|4,8.245|5.218|2.196,50,0,46
1790896084320865728,Italo,8ae13e84eef8,2.916,3,6898fe666dba|031661d2c05c|635627737b7d,Daniela|Hugo|Cielo,3|2|4,8.445|5.417|2.396,50,0,46
1790896084520668512,Daniela,6898fe666dba,0.096,2,031661d2c05c|635627737b7d,Hugo|Cielo,2|4,5.617|2.596,50,0,47
1790896084720281952,Daniela,6898fe666dba,0.296,2,031661d2c05c|635627737b7d,Hugo|Cielo,2|4,5.816|2.795,50,0,47
1790896084920984032,Daniela,6898fe666dba,0.497,2,031661d2c05c|635627737b7d,Hugo|Cielo,2|4,6.017|2.996,50,0,47
1790896085120769760,Daniela,6898fe666dba,0.696,3,031661d2c05c|635627737b7d|829bdb7853f3,Hugo|Cielo|Italo,2|4|1,6.217|3.196|0.179,51,0,47
1790896085320721632,Daniela,6898fe666dba,0.896,3,031661d2c05c|635627737b7d|829bdb7853f3,Hugo|Cielo|Italo,2|4|1,6.417|3.396|0.379,51,0,47
1790896085520685920,Daniela,6898fe666dba,1.096,3,031661d2c05c|635627737b7d|829bdb7853f3,Hugo|Cielo|Italo,2|4|1,6.617|3.596|0.579,51,0,47
1790896085720504032,Daniela,6898fe666dba,1.296,3,031661d2c05c|635627737b7d|829bdb7853f3,Hugo|Cielo|Italo,2|4|1,6.817|3.795|0.779,51,0,47
1790896085920656640,Daniela,6898fe666dba,1.496,3,031661d2c05c|635627737b7d|829bdb7853f3,Hugo|Cielo|Italo,2|4|1,7.017|3.995|0.979,51,0,47
1790896086121181312,Daniela,6898fe666dba,1.697,3,031661d2c05c|635627737b7d|829bdb7853f3,Hugo|Cielo|Italo,2|4|1,7.217|4.196|1.179,51,0,47
1790896086320847200,Daniela,6898fe666dba,1.897,3,031661d2c05c|635627737b7d|829bdb7853f3,Hugo|Cielo|Italo,2|4|1,7.417|4.396|1.379,51,0,47
1790896086520713344,Daniela,6898fe666dba,2.096,3,031661d2c05c|635627737b7d|829bdb7853f3,Hugo|Cielo|Italo,2|4|1,7.617|4.596|1.579,51,0,47
1790896086720594816,Daniela,6898fe666dba,2.296,3,031661d2c05c|635627737b7d|829bdb7853f3,Hugo|Cielo|Italo,2|4|1,7.817|4.796|1.779,51,0,47
1790896086920643072,Daniela,6898fe666dba,2.496,3,031661d2c05c|635627737b7d|829bdb7853f3,Hugo|Cielo|Italo,2|4|1,8.017|4.996|1.979,51,0,47
1790896087120706144,Daniela,6898fe666dba,2.697,3,031661d2c05c|635627737b7d|829bdb7853f3,Hugo|Cielo|Italo,2|4|1,8.217|5.196|2.179,51,0,47
1790896087321111168,Daniela,6898fe666dba,2.897,3,031661d2c05c|635627737b7d|829bdb7853f3,Hugo|Cielo|Italo,2|4|1,8.417|5.396|2.379,51,0,47
1790896087520692928,Hugo,031661d2c05c,0.078,2,635627737b7d|829bdb7853f3,Cielo|Italo,4|1,5.596|2.579,51,0,48
1790896087720475904,Hugo,031661d2c05c,0.278,2,635627737b7d|829bdb7853f3,Cielo|Italo,4|1,5.795|2.779,51,0,48
1790896087920512992,Hugo,031661d2c05c,0.478,2,635627737b7d|829bdb7853f3,Cielo|Italo,4|1,5.995|2.979,51,0,48
1790896088120773056,Hugo,031661d2c05c,0.678,3,635627737b7d|829bdb7853f3|bc9d7249bf39,Cielo|Italo|Daniela,4|1|3,6.196|3.179|0.161,52,0,48
1790896088320697984,Hugo,031661d2c05c,0.878,3,635627737b7d|829bdb7853f3|bc9d7249bf39,Cielo|Italo|Daniela,4|1|3,6.395|3.379|0.361,52,0,48
1790896088521013920,Hugo,031661d2c05c,1.078,3,635627737b7d|829bdb7853f3|bc9d7249bf39,Cielo|Italo|Daniela,4|1|3,6.596|3.579|0.562,52,0,48
1790896088720729632,Hugo,031661d2c05c,1.278,3,635627737b7d|829bdb7853f3|bc9d7249bf39,Cielo|Italo|Daniela,4|1|3,6.796|3.779|0.761,52,0,48
1790896088920807008,Hugo,031661d2c05c,1.478,3,635627737b7d|829bdb7853f3|bc9d7249bf39,Cielo|Italo|Daniela,4|1|3,6.996|3.979|0.961,52,0,48
1790896089120606432,Hugo,031661d2c05c,1.678,3,635627737b7d|829bdb7853f3|bc9d7249bf39,Cielo|Italo|Daniela,4|1|3,7.195|4.179|1.161,52,0,48
1790896089321020576,Hugo,031661d2c05c,1.878,3,635627737b7d|829bdb7853f3|bc9d7249bf39,Cielo|Italo|Daniela,4|1|3,7.396|4.379|1.362,52,0,48
1790896089520642784,Hugo,031661d2c05c,2.078,3,635627737b7d|829bdb7853f3|bc9d7249bf39,Cielo|Italo|Daniela,4|1|3,7.596|4.579|1.561,52,0,48
1790896089721165152,Hugo,031661d2c05c,2.278,3,635627737b7d|829bdb7853f3|bc9d7249bf39,Cielo|Italo|Daniela,4|1|3,7.796|4.779|1.762,52,0,48
1790896089920729504,Hugo,031661d2c05c,2.478,3,635627737b7d|829bdb7853f3|bc9d7249bf39,Cielo|Italo|Daniela,4|1|3,7.996|4.979|1.961,52,0,48
1790896090120724928,Hugo,031661d2c05c,2.678,3,635627737b7d|829bdb7853f3|bc9d7249bf39,Cielo|Italo|Daniela,4|1|3,8.196|5.179|2.161,52,0,48
1790896090320654208,Hugo,031661d2c05c,2.878,3,635627737b7d|829bdb7853f3|bc9d7249bf39,Cielo|Italo|Daniela,4|1|3,8.396|5.379|2.361,52,0,48
1790896090520920736,Cielo,635627737b7d,0.060,2,829bdb7853f3|bc9d7249bf39,Italo|Daniela,1|3,5.579|2.561,52,0,49
1790896090720430496,Cielo,635627737b7d,0.260,2,829bdb7853f3|bc9d7249bf39,Italo|Daniela,1|3,5.779|2.761,52,0,49
1790896090920910880,Cielo,635627737b7d,0.460,2,829bdb7853f3|bc9d7249bf39,Italo|Daniela,1|3,5.979|2.961,52,0,49
1790896091120521664,Cielo,635627737b7d,0.660,3,829bdb7853f3|bc9d7249bf39|8db39349bf83,Italo|Daniela|Hugo,1|3|2,6.179|3.161|0.141,53,0,49
1790896091320537600,Cielo,635627737b7d,0.860,3,829bdb7853f3|bc9d7249bf39|8db39349bf83,Italo|Daniela|Hugo,1|3|2,6.379|3.361|0.341,53,0,49
1790896091520634816,Cielo,635627737b7d,1.060,3,829bdb7853f3|bc9d7249bf39|8db39349bf83,Italo|Daniela|Hugo,1|3|2,6.579|3.561|0.541,53,0,49
1790896091720491424,Cielo,635627737b7d,1.260,3,829bdb7853f3|bc9d7249bf39|8db39349bf83,Italo|Daniela|Hugo,1|3|2,6.779|3.761|0.741,53,0,49
1790896091920823168,Cielo,635627737b7d,1.460,3,829bdb7853f3|bc9d7249bf39|8db39349bf83,Italo|Daniela|Hugo,1|3|2,6.979|3.961|0.941,53,0,49
1790896092121023904,Cielo,635627737b7d,1.660,3,829bdb7853f3|bc9d7249bf39|8db39349bf83,Italo|Daniela|Hugo,1|3|2,7.179|4.162|1.141,53,0,49
1790896092320688896,Cielo,635627737b7d,1.860,3,829bdb7853f3|bc9d7249bf39|8db39349bf83,Italo|Daniela|Hugo,1|3|2,7.379|4.361|1.341,53,0,49
1790896092521202336,Cielo,635627737b7d,2.060,3,829bdb7853f3|bc9d7249bf39|8db39349bf83,Italo|Daniela|Hugo,1|3|2,7.579|4.562|1.542,53,0,49
1790896092720742432,Cielo,635627737b7d,2.260,3,829bdb7853f3|bc9d7249bf39|8db39349bf83,Italo|Daniela|Hugo,1|3|2,7.779|4.761|1.741,53,0,49
1790896092920576736,Cielo,635627737b7d,2.460,3,829bdb7853f3|bc9d7249bf39|8db39349bf83,Italo|Daniela|Hugo,1|3|2,7.979|4.961|1.941,53,0,49
1790896093120049600,Cielo,635627737b7d,2.659,3,829bdb7853f3|bc9d7249bf39|8db39349bf83,Italo|Daniela|Hugo,1|3|2,8.178|5.161|2.141,53,0,49
1790896093320829504,Cielo,635627737b7d,2.860,3,829bdb7853f3|bc9d7249bf39|8db39349bf83,Italo|Daniela|Hugo,1|3|2,8.379|5.361|2.341,53,0,49
1790896093521118816,Italo,829bdb7853f3,0.042,2,bc9d7249bf39|8db39349bf83,Daniela|Hugo,3|2,5.562|2.542,53,0,50
1790896093720758144,Italo,829bdb7853f3,0.242,2,bc9d7249bf39|8db39349bf83,Daniela|Hugo,3|2,5.761|2.741,53,0,50
1790896093920739936,Italo,829bdb7853f3,0.442,2,bc9d7249bf39|8db39349bf83,Daniela|Hugo,3|2,5.961|2.941,53,0,50
1790896094120484608,Italo,829bdb7853f3,0.642,3,bc9d7249bf39|8db39349bf83|0dc6a0aa3fc8,Daniela|Hugo|Cielo,3|2|4,6.161|3.141|0.122,54,0,50
1790896094320000736,Italo,829bdb7853f3,0.842,3,bc9d7249bf39|8db39349bf83|0dc6a0aa3fc8,Daniela|Hugo|Cielo,3|2|4,6.361|3.341|0.321,54,0,50
1790896094520865824,Italo,829bdb7853f3,1.042,3,bc9d7249bf39|8db39349bf83|0dc6a0aa3fc8,Daniela|Hugo|Cielo,3|2|4,6.561|3.541|0.522,54,0,50
1790896094720878720,Italo,829bdb7853f3,1.242,3,bc9d7249bf39|8db39349bf83|0dc6a0aa3fc8,Daniela|Hugo|Cielo,3|2|4,6.761|3.741|0.722,54,0,50
1790896094920606176,Italo,829bdb7853f3,1.442,3,bc9d7249bf39|8db39349bf83|0dc6a0aa3fc8,Daniela|Hugo|Cielo,3|2|4,6.961|3.941|0.922,54,0,50
1790896095120600032,Italo,829bdb7853f3,1.642,3,bc9d7249bf39|8db39349bf83|0dc6a0aa3fc8,Daniela|Hugo|Cielo,3|2|4,7.161|4.141|1.122,54,0,50
1790896095320501952,Italo,829bdb7853f3,1.842,3,bc9d7249bf39|8db39349bf83|0dc6a0aa3fc8,Daniela|Hugo|Cielo,3|2|4,7.361|4.341|1.322,54,0,50
1790896095520359648,Italo,829bdb7853f3,2.042,3,bc9d7249bf39|8db39349bf83|0dc6a0aa3fc8,Daniela|Hugo|Cielo,3|2|4,7.561|4.541|1.522,54,0,50
1790896095721030464,Italo,829bdb7853f3,2.242,3,bc9d7249bf39|8db39349bf83|0dc6a0aa3fc8,Daniela|Hugo|Cielo,3|2|4,7.762|4.742|1.722,54,0,50
1790896095920723808,Italo,829bdb7853f3,2.442,3,bc9d7249bf39|8db39349bf83|0dc6a0aa3fc8,Daniela|Hugo|Cielo,3|2|4,7.961|4.941|1.922,54,0,50
1790896096120542496,Italo,829bdb7853f3,2.642,3,bc9d7249bf39|8db39349bf83|0dc6a0aa3fc8,Daniela|Hugo|Cielo,3|2|4,8.161|5.141|2.122,54,0,50
1790896096320566432,Italo,829bdb7853f3,2.842,3,bc9d7249bf39|8db39349bf83|0dc6a0aa3fc8,Daniela|Hugo|Cielo,3|2|4,8.361|5.341|2.322,54,0,50
1790896096520632896,Daniela,bc9d7249bf39,0.023,2,8db39349bf83|0dc6a0aa3fc8,Hugo|Cielo,2|4,5.541|2.522,54,0,51
1790896096720613632,Daniela,bc9d7249bf39,0.223,2,8db39349bf83|0dc6a0aa3fc8,Hugo|Cielo,2|4,5.741|2.722,54,0,51
1790896096920724576,Daniela,bc9d7249bf39,0.423,2,8db39349bf83|0dc6a0aa3fc8,Hugo|Cielo,2|4,5.941|2.922,54,0,51
1790896097120607392,Daniela,bc9d7249bf39,0.623,3,8db39349bf83|0dc6a0aa3fc8|0893b04b8e79,Hugo|Cielo|Italo,2|4|1,6.141|3.122|0.103,55,0,51
1790896097320756672,Daniela,bc9d7249bf39,0.823,3,8db39349bf83|0dc6a0aa3fc8|0893b04b8e79,Hugo|Cielo|Italo,2|4|1,6.341|3.322|0.303,55,0,51
1790896097520579648,Daniela,bc9d7249bf39,1.023,3,8db39349bf83|0dc6a0aa3fc8|0893b04b8e79,Hugo|Cielo|Italo,2|4|1,6.541|3.522|0.503,55,0,51
1790896097720503040,Daniela,bc9d7249bf39,1.223,3,8db39349bf83|0dc6a0aa3fc8|0893b04b8e79,Hugo|Cielo|Italo,2|4|1,6.741|3.722|0.703,55,0,51
1790896097920476224,Daniela,bc9d7249bf39,1.423,3,8db39349bf83|0dc6a0aa3fc8|0893b04b8e79,Hugo|Cielo|Italo,2|4|1,6.941|3.922|0.903,55,0,51
1790896098120755520,Daniela,bc9d7249bf39,1.623,3,8db39349bf83|0dc6a0aa3fc8|0893b04b8e79,Hugo|Cielo|Italo,2|4|1,7.141|4.122|1.103,55,0,51
1790896098320621024,Daniela,bc9d7249bf39,1.823,3,8db39349bf83|0dc6a0aa3fc8|0893b04b8e79,Hugo|Cielo|Italo,2|4|1,7.341|4.322|1.303,55,0,51
1790896098520778080,Daniela,bc9d7249bf39,2.023,3,8db39349bf83|0dc6a0aa3fc8|0893b04b8e79,Hugo|Cielo|Italo,2|4|1,7.541|4.522|1.503,55,0,51
1790896098720664608,Daniela,bc9d7249bf39,2.223,3,8db39349bf83|0dc6a0aa3fc8|0893b04b8e79,Hugo|Cielo|Italo,2|4|1,7.741|4.722|1.703,55,0,51
1790896098920877696,Daniela,bc9d7249bf39,2.423,3,8db39349bf83|0dc6a0aa3fc8|0893b04b8e79,Hugo|Cielo|Italo,2|4|1,7.941|4.922|1.904,55,0,51
1790896099120356064,Daniela,bc9d7249bf39,2.623,3,8db39349bf83|0dc6a0aa3fc8|0893b04b8e79,Hugo|Cielo|Italo,2|4|1,8.141|5.122|2.103,55,0,51
1790896099320732800,Daniela,bc9d7249bf39,2.823,3,8db39349bf83|0dc6a0aa3fc8|0893b04b8e79,Hugo|Cielo|Italo,2|4|1,8.341|5.322|2.303,55,0,51
1790896099526750624,Hugo,8db39349bf83,0.008,2,0dc6a0aa3fc8|0893b04b8e79,Cielo|Italo,4|1,5.527|2.509,55,0,52
1790896099720697472,Hugo,8db39349bf83,0.203,2,0dc6a0aa3fc8|0893b04b8e79,Cielo|Italo,4|1,5.722|2.703,55,0,52
1790896099920830336,Hugo,8db39349bf83,0.403,2,0dc6a0aa3fc8|0893b04b8e79,Cielo|Italo,4|1,5.922|2.903,55,0,52
1790896100120565120,Hugo,8db39349bf83,0.603,3,0dc6a0aa3fc8|0893b04b8e79|c483eb314b83,Cielo|Italo|Daniela,4|1|3,6.122|3.103|0.084,56,0,52
1790896100321338912,Hugo,8db39349bf83,0.803,3,0dc6a0aa3fc8|0893b04b8e79|c483eb314b83,Cielo|Italo|Daniela,4|1|3,6.322|3.304|0.284,56,0,52
1790896100520873472,Hugo,8db39349bf83,1.003,3,0dc6a0aa3fc8|0893b04b8e79|c483eb314b83,Cielo|Italo|Daniela,4|1|3,6.522|3.503|0.484,56,0,52
1790896100720847456,Hugo,8db39349bf83,1.203,3,0dc6a0aa3fc8|0893b04b8e79|c483eb314b83,Cielo|Italo|Daniela,4|1|3,6.722|3.703|0.684,56,0,52
1790896100920940576,Hugo,8db39349bf83,1.403,3,0dc6a0aa3fc8|0893b04b8e79|c483eb314b83,Cielo|Italo|Daniela,4|1|3,6.922|3.903|0.884,56,0,52
1790896101120531744,Hugo,8db39349bf83,1.603,3,0dc6a0aa3fc8|0893b04b8e79|c483eb314b83,Cielo|Italo|Daniela,4|1|3,7.122|4.103|1.084,56,0,52
1790896101320975232,Hugo,8db39349bf83,1.803,3,0dc6a0aa3fc8|0893b04b8e79|c483eb314b83,Cielo|Italo|Daniela,4|1|3,7.322|4.303|1.284,56,0,52
1790896101521313504,Hugo,8db39349bf83,2.003,3,0dc6a0aa3fc8|0893b04b8e79|c483eb314b83,Cielo|Italo|Daniela,4|1|3,7.522|4.504|1.484,56,0,52
1790896101720867296,Hugo,8db39349bf83,2.203,3,0dc6a0aa3fc8|0893b04b8e79|c483eb314b83,Cielo|Italo|Daniela,4|1|3,7.722|4.704|1.684,56,0,52
1790896101920815136,Hugo,8db39349bf83,2.403,3,0dc6a0aa3fc8|0893b04b8e79|c483eb314b83,Cielo|Italo|Daniela,4|1|3,7.922|4.903|1.884,56,0,52
1790896102121341088,Hugo,8db39349bf83,2.603,3,0dc6a0aa3fc8|0893b04b8e79|c483eb314b83,Cielo|Italo|Daniela,4|1|3,8.122|5.104|2.084,56,0,52
1790896102320951264,Hugo,8db39349bf83,2.803,3,0dc6a0aa3fc8|0893b04b8e79|c483eb314b83,Cielo|Italo|Daniela,4|1|3,8.322|5.303|2.284,56,0,52
1790896102520755136,Hugo,8db39349bf83,3.003,3,0dc6a0aa3fc8|0893b04b8e79|c483eb314b83,Cielo|Italo|Daniela,4|1|3,8.522|5.503|2.484,56,0,52
1790896102721221184,Cielo,0dc6a0aa3fc8,0.185,2,0893b04b8e79|c483eb314b83,Italo|Daniela,1|3,5.704|2.684,56,0,53
1790896102920842048,Cielo,0dc6a0aa3fc8,0.384,2,0893b04b8e79|c483eb314b83,Italo|Daniela,1|3,5.904|2.884,56,0,53
1790896103120297984,Cielo,0dc6a0aa3fc8,0.584,3,0893b04b8e79|c483eb314b83|9d49972f5af3,Italo|Daniela|Hugo,1|3|2,6.103|3.083|0.065,57,0,53
1790896103321003200,Cielo,0dc6a0aa3fc8,0.785,3,0893b04b8e79|c483eb314b83|9d49972f5af3,Italo|Daniela|Hugo,1|3|2,6.304|3.284|0.266,57,0,53
1790896103520707328,Cielo,0dc6a0aa3fc8,0.984,3,0893b04b8e79|c483eb314b83|9d49972f5af3,Italo|Daniela|Hugo,1|3|2,6.503|3.484|0.466,57,0,53
1790896103720617056,Cielo,0dc6a0aa3fc8,1.184,3,0893b04b8e79|c483eb314b83|9d49972f5af3,Italo|Daniela|Hugo,1|3|2,6.703|3.684|0.666,57,0,53
1790896103921185568,Cielo,0dc6a0aa3fc8,1.385,3,0893b04b8e79|c483eb314b83|9d49972f5af3,Italo|Daniela|Hugo,1|3|2,6.904|3.884|0.866,57,0,53
1790896104120775744,Cielo,0dc6a0aa3fc8,1.584,3,0893b04b8e79|c483eb314b83|9d49972f5af3,Italo|Daniela|Hugo,1|3|2,7.104|4.084|1.066,57,0,53
1790896104320651072,Cielo,0dc6a0aa3fc8,1.784,3,0893b04b8e79|c483eb314b83|9d49972f5af3,Italo|Daniela|Hugo,1|3|2,7.303|4.284|1.266,57,0,53
1790896104520747488,Cielo,0dc6a0aa3fc8,1.984,3,0893b04b8e79|c483eb314b83|9d49972f5af3,Italo|Daniela|Hugo,1|3|2,7.503|4.484|1.466,57,0,53
1790896104720675872,Cielo,0dc6a0aa3fc8,2.184,3,0893b04b8e79|c483eb314b83|9d49972f5af3,Italo|Daniela|Hugo,1|3|2,7.703|4.684|1.666,57,0,53
1790896104920645344,Cielo,0dc6a0aa3fc8,2.384,3,0893b04b8e79|c483eb314b83|9d49972f5af3,Italo|Daniela|Hugo,1|3|2,7.903|4.884|1.866,57,0,53
1790896105121035872,Cielo,0dc6a0aa3fc8,2.585,3,0893b04b8e79|c483eb314b83|9d49972f5af3,Italo|Daniela|Hugo,1|3|2,8.104|5.084|2.066,57,0,53
1790896105321063040,Cielo,0dc6a0aa3fc8,2.785,3,0893b04b8e79|c483eb314b83|9d49972f5af3,Italo|Daniela|Hugo,1|3|2,8.304|5.284|2.266,57,0,53
1790896105520704928,Cielo,0dc6a0aa3fc8,2.984,3,0893b04b8e79|c483eb314b83|9d49972f5af3,Italo|Daniela|Hugo,1|3|2,8.503|5.484|2.466,57,0,53
1790896105720822400,Italo,0893b04b8e79,0.166,2,c483eb314b83|9d49972f5af3,Daniela|Hugo,3|2,5.684|2.666,57,0,54
1790896105920525408,Italo,0893b04b8e79,0.366,2,c483eb314b83|9d49972f5af3,Daniela|Hugo,3|2,5.884|2.866,57,0,54
1790896106120216896,Italo,0893b04b8e79,0.566,3,c483eb314b83|9d49972f5af3|b73645652dfd,Daniela|Hugo|Cielo,3|2|4,6.083|3.065|0.046,58,0,54
1790896106320996352,Italo,0893b04b8e79,0.766,3,c483eb314b83|9d49972f5af3|b73645652dfd,Daniela|Hugo|Cielo,3|2|4,6.284|3.266|0.247,58,0,54
1790896106520678432,Italo,0893b04b8e79,0.966,3,c483eb314b83|9d49972f5af3|b73645652dfd,Daniela|Hugo|Cielo,3|2|4,6.484|3.466|0.447,58,0,54
1790896106720572160,Italo,0893b04b8e79,1.166,3,c483eb314b83|9d49972f5af3|b73645652dfd,Daniela|Hugo|Cielo,3|2|4,6.684|3.666|0.647,58,0,54
1790896106920753696,Italo,0893b04b8e79,1.366,3,c483eb314b83|9d49972f5af3|b73645652dfd,Daniela|Hugo|Cielo,3|2|4,6.884|3.866|0.847,58,0,54
1790896107120661600,Italo,0893b04b8e79,1.566,3,c483eb314b83|9d49972f5af3|b73645652dfd,Daniela|Hugo|Cielo,3|2|4,7.084|4.066|1.047,58,0,54
1790896107320477664,Italo,0893b04b8e79,1.766,3,c483eb314b83|9d49972f5af3|b73645652dfd,Daniela|Hugo|Cielo,3|2|4,7.284|4.266|1.246,58,0,54
1790896107521193408,Italo,0893b04b8e79,1.966,3,c483eb314b83|9d49972f5af3|b73645652dfd,Daniela|Hugo|Cielo,3|2|4,7.484|4.466|1.447,58,0,54
1790896107721125920,Italo,0893b04b8e79,2.166,3,c483eb314b83|9d49972f5af3|b73645652dfd,Daniela|Hugo|Cielo,3|2|4,7.684|4.666|1.647,58,0,54
1790896107921174400,Italo,0893b04b8e79,2.366,3,c483eb314b83|9d49972f5af3|b73645652dfd,Daniela|Hugo|Cielo,3|2|4,7.884|4.866|1.847,58,0,54
1790896108120643968,Italo,0893b04b8e79,2.566,3,c483eb314b83|9d49972f5af3|b73645652dfd,Daniela|Hugo|Cielo,3|2|4,8.084|5.066|2.047,58,0,54
1790896108320508064,Italo,0893b04b8e79,2.766,3,c483eb314b83|9d49972f5af3|b73645652dfd,Daniela|Hugo|Cielo,3|2|4,8.284|5.266|2.247,58,0,54
1790896108520608704,Italo,0893b04b8e79,2.966,3,c483eb314b83|9d49972f5af3|b73645652dfd,Daniela|Hugo|Cielo,3|2|4,8.484|5.466|2.447,58,0,54
1790896108721015392,Daniela,c483eb314b83,0.148,2,9d49972f5af3|b73645652dfd,Hugo|Cielo,2|4,5.666|2.647,58,0,55
1790896108920718432,Daniela,c483eb314b83,0.348,2,9d49972f5af3|b73645652dfd,Hugo|Cielo,2|4,5.866|2.847,58,0,55
1790896109120308352,Daniela,c483eb314b83,0.548,3,9d49972f5af3|b73645652dfd|8613b45ebaf9,Hugo|Cielo|Italo,2|4|1,6.065|3.046|0.033,59,0,55
1790896109320564928,Daniela,c483eb314b83,0.748,3,9d49972f5af3|b73645652dfd|8613b45ebaf9,Hugo|Cielo|Italo,2|4|1,6.266|3.247|0.233,59,0,55
1790896109520463488,Daniela,c483eb314b83,0.948,3,9d49972f5af3|b73645652dfd|8613b45ebaf9,Hugo|Cielo|Italo,2|4|1,6.466|3.446|0.433,59,0,55
1790896109720048800,Daniela,c483eb314b83,1.148,3,9d49972f5af3|b73645652dfd|8613b45ebaf9,Hugo|Cielo|Italo,2|4|1,6.665|3.646|0.633,59,0,55
1790896109921240160,Daniela,c483eb314b83,1.349,3,9d49972f5af3|b73645652dfd|8613b45ebaf9,Hugo|Cielo|Italo,2|4|1,6.866|3.847|0.834,59,0,55
1790896110120607584,Daniela,c483eb314b83,1.548,3,9d49972f5af3|b73645652dfd|8613b45ebaf9,Hugo|Cielo|Italo,2|4|1,7.066|4.047|1.033,59,0,55
1790896110320594144,Daniela,c483eb314b83,1.748,3,9d49972f5af3|b73645652dfd|8613b45ebaf9,Hugo|Cielo|Italo,2|4|1,7.266|4.247|1.233,59,0,55
1790896110520597184,Daniela,c483eb314b83,1.948,3,9d49972f5af3|b73645652dfd|8613b45ebaf9,Hugo|Cielo|Italo,2|4|1,7.466|4.447|1.433,59,0,55
1790896110720496768,Daniela,c483eb314b83,2.148,3,9d49972f5af3|b73645652dfd|8613b45ebaf9,Hugo|Cielo|Italo,2|4|1,7.666|4.647|1.633,59,0,55
1790896110921214848,Daniela,c483eb314b83,2.348,3,9d49972f5af3|b73645652dfd|8613b45ebaf9,Hugo|Cielo|Italo,2|4|1,7.866|4.847|1.833,59,0,55
1790896111120803584,Daniela,c483eb314b83,2.548,3,9d49972f5af3|b73645652dfd|8613b45ebaf9,Hugo|Cielo|Italo,2|4|1,8.066|5.047|2.033,59,0,55
1790896111320572320,Daniela,c483eb314b83,2.748,3,9d49972f5af3|b73645652dfd|8613b45ebaf9,Hugo|Cielo|Italo,2|4|1,8.266|5.247|2.233,59,0,55
1790896111520555936,Daniela,c483eb314b83,2.948,3,9d49972f5af3|b73645652dfd|8613b45ebaf9,Hugo|Cielo|Italo,2|4|1,8.466|5.447|2.433,59,0,55
1790896111720680928,Hugo,9d49972f5af3,0.131,2,b73645652dfd|8613b45ebaf9,Cielo|Italo,4|1,5.647|2.633,59,0,56
1790896111920774432,Hugo,9d49972f5af3,0.331,2,b73645652dfd|8613b45ebaf9,Cielo|Italo,4|1,5.847|2.833,59,0,56
1790896112120368512,Hugo,9d49972f5af3,0.530,3,b73645652dfd|8613b45ebaf9|526df8d3e868,Cielo|Italo|Daniela,4|1|3,6.046|3.033|0.012,60,0,56
1790896112320780544,Hugo,9d49972f5af3,0.731,3,b73645652dfd|8613b45ebaf9|526df8d3e868,Cielo|Italo|Daniela,4|1|3,6.247|3.233|0.213,60,0,56
1790896112520740640,Hugo,9d49972f5af3,0.931,3,b73645652dfd|8613b45ebaf9|526df8d3e868,Cielo|Italo|Daniela,4|1|3,6.447|3.433|0.413,60,0,56
1790896112720626240,Hugo,9d49972f5af3,1.130,3,b73645652dfd|8613b45ebaf9|526df8d3e868,Cielo|Italo|Daniela,4|1|3,6.647|3.633|0.612,60,0,56
1790896112920570784,Hugo,9d49972f5af3,1.330,3,b73645652dfd|8613b45ebaf9|526df8d3e868,Cielo|Italo|Daniela,4|1|3,6.847|3.833|0.812,60,0,56
1790896113120546336,Hugo,9d49972f5af3,1.530,3,b73645652dfd|8613b45ebaf9|526df8d3e868,Cielo|Italo|Daniela,4|1|3,7.047|4.033|1.012,60,0,56
1790896113320335040,Hugo,9d49972f5af3,1.730,3,b73645652dfd|8613b45ebaf9|526df8d3e868,Cielo|Italo|Daniela,4|1|3,7.246|4.233|1.212,60,0,56
1790896113520804832,Hugo,9d49972f5af3,1.931,3,b73645652dfd|8613b45ebaf9|526df8d3e868,Cielo|Italo|Daniela,4|1|3,7.447|4.433|1.413,60,0,56
1790896113720605984,Hugo,9d49972f5af3,2.131,3,b73645652dfd|8613b45ebaf9|526df8d3e868,Cielo|Italo|Daniela,4|1|3,7.647|4.633|1.612,60,0,56
1790896113920605600,Hugo,9d49972f5af3,2.330,3,b73645652dfd|8613b45ebaf9|526df8d3e868,Cielo|Italo|Daniela,4|1|3,7.847|4.833|1.812,60,0,56
1790896114120465440,Hugo,9d49972f5af3,2.530,3,b73645652dfd|8613b45ebaf9|526df8d3e868,Cielo|Italo|Daniela,4|1|3,8.046|5.033|2.012,60,0,56
1790896114320492800,Hugo,9d49972f5af3,2.730,3,b73645652dfd|8613b45ebaf9|526df8d3e868,Cielo|Italo|Daniela,4|1|3,8.246|5.233|2.212,60,0,56
1790896114520946976,Hugo,9d49972f5af3,2.931,3,b73645652dfd|8613b45ebaf9|526df8d3e868,Cielo|Italo|Daniela,4|1|3,8.447|5.433|2.413,60,0,56
1790896114720760800,Cielo,b73645652dfd,0.112,2,8613b45ebaf9|526df8d3e868,Italo|Daniela,1|3,5.633|2.613,60,0,57
1790896114920599264,Cielo,b73645652dfd,0.312,2,8613b45ebaf9|526df8d3e868,Italo|Daniela,1|3,5.833|2.812,60,0,57
1790896115121083776,Cielo,b73645652dfd,0.512,2,8613b45ebaf9|526df8d3e868,Italo|Daniela,1|3,6.034|3.013,60,0,57
1790896115320698496,Cielo,b73645652dfd,0.712,3,8613b45ebaf9|526df8d3e868|78567be3aa1a,Italo|Daniela|Hugo,1|3|2,6.233|3.212|0.191,61,0,57
1790896115520598720,Cielo,b73645652dfd,0.912,3,8613b45ebaf9|526df8d3e868|78567be3aa1a,Italo|Daniela|Hugo,1|3|2,6.433|3.412|0.391,61,0,57
1790896115721039712,Cielo,b73645652dfd,1.112,3,8613b45ebaf9|526df8d3e868|78567be3aa1a,Italo|Daniela|Hugo,1|3|2,6.634|3.613|0.592,61,0,57
1790896115920649376,Cielo,b73645652dfd,1.312,3,8613b45ebaf9|526df8d3e868|78567be3aa1a,Italo|Daniela|Hugo,1|3|2,6.833|3.812|0.791,61,0,57
1790896116120556352,Cielo,b73645652dfd,1.512,3,8613b45ebaf9|526df8d3e868|78567be3aa1a,Italo|Daniela|Hugo,1|3|2,7.033|4.012|0.991,61,0,57
1790896116320831232,Cielo,b73645652dfd,1.712,3,8613b45ebaf9|526df8d3e868|78567be3aa1a,Italo|Daniela|Hugo,1|3|2,7.233|4.213|1.192,61,0,57
1790896116520550912,Cielo,b73645652dfd,1.912,3,8613b45ebaf9|526df8d3e868|78567be3aa1a,Italo|Daniela|Hugo,1|3|2,7.433|4.412|1.391,61,0,57
1790896116721584576,Cielo,b73645652dfd,2.113,3,8613b45ebaf9|526df8d3e868|78567be3aa1a,Italo|Daniela|Hugo,1|3|2,7.634|4.613|1.592,61,0,57
1790896116921070784,Cielo,b73645652dfd,2.312,3,8613b45ebaf9|526df8d3e868|78567be3aa1a,Italo|Daniela|Hugo,1|3|2,7.834|4.813|1.792,61,0,57
1790896117120848000,Cielo,b73645652dfd,2.512,3,8613b45ebaf9|526df8d3e868|78567be3aa1a,Italo|Daniela|Hugo,1|3|2,8.033|5.013|1.992,61,0,57
1790896117320531680,Cielo,b73645652dfd,2.712,3,8613b45ebaf9|526df8d3e868|78567be3aa1a,Italo|Daniela|Hugo,1|3|2,8.233|5.212|2.191,61,0,57
1790896117520595840,Cielo,b73645652dfd,2.912,3,8613b45ebaf9|526df8d3e868|78567be3aa1a,Italo|Daniela|Hugo,1|3|2,8.433|5.412|2.391,61,0,57
1790896117720859936,Italo,8613b45ebaf9,0.094,2,526df8d3e868|78567be3aa1a,Daniela|Hugo,3|2,5.613|2.592,61,0,58
1790896117920976160,Italo,8613b45ebaf9,0.294,2,526df8d3e868|78567be3aa1a,Daniela|Hugo,3|2,5.813|2.792,61,0,58
1790896118121257408,Italo,8613b45ebaf9,0.494,2,526df8d3e868|78567be3aa1a,Daniela|Hugo,3|2,6.013|2.992,61,0,58
1790896118320781536,Italo,8613b45ebaf9,0.694,3,526df8d3e868|78567be3aa1a|540a6854b0f7,Daniela|Hugo|Cielo,3|2|4,6.213|3.192|0.174,62,0,58
1790896118520848128,Italo,8613b45ebaf9,0.894,3,526df8d3e868|78567be3aa1a|540a6854b0f7,Daniela|Hugo|Cielo,3|2|4,6.412|3.391|0.374,62,0,58
1790896118720879840,Italo,8613b45ebaf9,1.094,3,526df8d3e868|78567be3aa1a|540a6854b0f7,Daniela|Hugo|Cielo,3|2|4,6.613|3.592|0.574,62,0,58
1790896118920809376,Italo,8613b45ebaf9,1.294,3,526df8d3e868|78567be3aa1a|540a6854b0f7,Daniela|Hugo|Cielo,3|2|4,6.812|3.791|0.774,62,0,58
1790896119120473408,Italo,8613b45ebaf9,1.494,3,526df8d3e868|78567be3aa1a|540a6854b0f7,Daniela|Hugo|Cielo,3|2|4,7.012|3.991|0.974,62,0,58
1790896119321013120,Italo,8613b45ebaf9,1.694,3,526df8d3e868|78567be3aa1a|540a6854b0f7,Daniela|Hugo|Cielo,3|2|4,7.213|4.192|1.174,62,0,58
1790896119520705344,Italo,8613b45ebaf9,1.894,3,526df8d3e868|78567be3aa1a|540a6854b0f7,Daniela|Hugo|Cielo,3|2|4,7.412|4.391|1.374,62,0,58
1790896119720640096,Italo,8613b45ebaf9,2.094,3,526df8d3e868|78567be3aa1a|540a6854b0f7,Daniela|Hugo|Cielo,3|2|4,7.612|4.591|1.574,62,0,58
1790896119920614496,Italo,8613b45ebaf9,2.294,3,526df8d3e868|78567be3aa1a|540a6854b0f7,Daniela|Hugo|Cielo,3|2|4,7.812|4.791|1.774,62,0,58
1790896120120444320,Italo,8613b45ebaf9,2.494,3,526df8d3e868|78567be3aa1a|540a6854b0f7,Daniela|Hugo|Cielo,3|2|4,8.012|4.991|1.974,62,0,58
1790896120320389088,Italo,8613b45ebaf9,2.694,3,526df8d3e868|78567be3aa1a|540a6854b0f7,Daniela|Hugo|Cielo,3|2|4,8.212|5.191|2.173,62,0,58
1790896120521286208,Italo,8613b45ebaf9,2.894,3,526df8d3e868|78567be3aa1a|540a6854b0f7,Daniela|Hugo|Cielo,3|2|4,8.413|5.392|2.374,62,0,58
1790896120720801632,Daniela,526df8d3e868,0.076,2,78567be3aa1a|540a6854b0f7,Hugo|Cielo,2|4,5.592|2.574,62,0,59
1790896120920988512,Daniela,526df8d3e868,0.276,2,78567be3aa1a|540a6854b0f7,Hugo|Cielo,2|4,5.792|2.774,62,0,59
1790896121120653024,Daniela,526df8d3e868,0.476,2,78567be3aa1a|540a6854b0f7,Hugo|Cielo,2|4,5.991|2.974,62,0,59
1790896121321043744,Daniela,526df8d3e868,0.676,3,78567be3aa1a|540a6854b0f7|cf854a939534,Hugo|Cielo|Italo,2|4|1,6.192|3.174|0.156,63,0,59
1790896121520474048,Daniela,526df8d3e868,0.876,3,78567be3aa1a|540a6854b0f7|cf854a939534,Hugo|Cielo|Italo,2|4|1,6.391|3.374|0.355,63,0,59
1790896121721081536,Daniela,526df8d3e868,1.076,3,78567be3aa1a|540a6854b0f7|cf854a939534,Hugo|Cielo|Italo,2|4|1,6.592|3.574|0.556,63,0,59
1790896121920735456,Daniela,526df8d3e868,1.276,3,78567be3aa1a|540a6854b0f7|cf854a939534,Hugo|Cielo|Italo,2|4|1,6.791|3.774|0.755,63,0,59
1790896122120693664,Daniela,526df8d3e868,1.476,3,78567be3aa1a|540a6854b0f7|cf854a939534,Hugo|Cielo|Italo,2|4|1,6.991|3.974|0.955,63,0,59
1790896122320618176,Daniela,526df8d3e868,1.676,3,78567be3aa1a|540a6854b0f7|cf854a939534,Hugo|Cielo|Italo,2|4|1,7.191|4.174|1.155,63,0,59
1790896122520495136,Daniela,526df8d3e868,1.876,3,78567be3aa1a|540a6854b0f7|cf854a939534,Hugo|Cielo|Italo,2|4|1,7.391|4.374|1.355,63,0,59
1790896122720281984,Daniela,526df8d3e868,2.076,3,78567be3aa1a|540a6854b0f7|cf854a939534,Hugo|Cielo|Italo,2|4|1,7.591|4.573|1.555,63,0,59
1790896122920986592,Daniela,526df8d3e868,2.276,3,78567be3aa1a|540a6854b0f7|cf854a939534,Hugo|Cielo|Italo,2|4|1,7.792|4.774|1.755,63,0,59
1790896123120693120,Daniela,526df8d3e868,2.476,3,78567be3aa1a|540a6854b0f7|cf854a939534,Hugo|Cielo|Italo,2|4|1,7.991|4.974|1.955,63,0,59
1790896123320627808,Daniela,526df8d3e868,2.676,3,78567be3aa1a|540a6854b0f7|cf854a939534,Hugo|Cielo|Italo,2|4|1,8.191|5.174|2.155,63,0,59
1790896123520600544,Daniela,526df8d3e868,2.876,3,78567be3aa1a|540a6854b0f7|cf854a939534,Hugo|Cielo|Italo,2|4|1,8.391|5.374|2.355,63,0,59
1790896123720915456,Hugo,78567be3aa1a,0.058,2,540a6854b0f7|cf854a939534,Cielo|Italo,4|1,5.574|2.555,63,0,60
1790896123921062048,Hugo,78567be3aa1a,0.259,2,540a6854b0f7|cf854a939534,Cielo|Italo,4|1,5.774|2.755,63,0,60
1790896124121122592,Hugo,78567be3aa1a,0.459,2,540a6854b0f7|cf854a939534,Cielo|Italo,4|1,5.974|2.956,63,0,60
1790896124320589888,Hugo,78567be3aa1a,0.658,3,540a6854b0f7|cf854a939534|8376863fefe8,Cielo|Italo|Daniela,4|1|3,6.174|3.155|0.138,64,0,60
1790896124521102944,Hugo,78567be3aa1a,0.859,3,540a6854b0f7|cf854a939534|8376863fefe8,Cielo|Italo|Daniela,4|1|3,6.374|3.356|0.339,64,0,60
1790896124720930208,Hugo,78567be3aa1a,1.058,3,540a6854b0f7|cf854a939534|8376863fefe8,Cielo|Italo|Daniela,4|1|3,6.574|3.555|0.538,64,0,60
1790896124920590304,Hugo,78567be3aa1a,1.258,3,540a6854b0f7|cf854a939534|8376863fefe8,Cielo|Italo|Daniela,4|1|3,6.774|3.755|0.738,64,0,60
1790896125120155936,Hugo,78567be3aa1a,1.458,3,540a6854b0f7|cf854a939534|8376863fefe8,Cielo|Italo|Daniela,4|1|3,6.973|3.955|0.938,64,0,60
1790896125320881952,Hugo,78567be3aa1a,1.659,3,540a6854b0f7|cf854a939534|8376863fefe8,Cielo|Italo|Daniela,4|1|3,7.174|4.155|1.138,64,0,60
1790896125520690208,Hugo,78567be3aa1a,1.858,3,540a6854b0f7|cf854a939534|8376863fefe8,Cielo|Italo|Daniela,4|1|3,7.374|4.355|1.338,64,0,60
1790896125720537248,Hugo,78567be3aa1a,2.058,3,540a6854b0f7|cf854a939534|8376863fefe8,Cielo|Italo|Daniela,4|1|3,7.574|4.555|1.538,64,0,60
1790896125920819680,Hugo,78567be3aa1a,2.258,3,540a6854b0f7|cf854a939534|8376863fefe8,Cielo|Italo|Daniela,4|1|3,7.774|4.755|1.738,64,0,60
1790896126120594464,Hugo,78567be3aa1a,2.458,3,540a6854b0f7|cf854a939534|8376863fefe8,Cielo|Italo|Daniela,4|1|3,7.974|4.955|1.938,64,0,60
1790896126320092320,Hugo,78567be3aa1a,2.658,3,540a6854b0f7|cf854a939534|8376863fefe8,Cielo|Italo|Daniela,4|1|3,8.173|5.155|2.138,64,0,60
1790896126520771808,Hugo,78567be3aa1a,2.858,3,540a6854b0f7|cf854a939534|8376863fefe8,Cielo|Italo|Daniela,4|1|3,8.374|5.355|2.338,64,0,60
1790896126720779392,Cielo,540a6854b0f7,0.041,2,cf854a939534|8376863fefe8,Italo|Daniela,1|3,5.555|2.538,64,0,61
1790896126920916192,Cielo,540a6854b0f7,0.241,2,cf854a939534|8376863fefe8,Italo|Daniela,1|3,5.755|2.738,64,0,61
1790896127120778304,Cielo,540a6854b0f7,0.441,2,cf854a939534|8376863fefe8,Italo|Daniela,1|3,5.955|2.938,64,0,61
1790896127320707072,Cielo,540a6854b0f7,0.641,3,cf854a939534|8376863fefe8|d5fe080d0b07,Italo|Daniela|Hugo,1|3|2,6.155|3.138|0.121,65,0,61
1790896127520477888,Cielo,540a6854b0f7,0.841,3,cf854a939534|8376863fefe8|d5fe080d0b07,Italo|Daniela|Hugo,1|3|2,6.355|3.338|0.321,65,0,61
1790896127720855776,Cielo,540a6854b0f7,1.041,3,cf854a939534|8376863fefe8|d5fe080d0b07,Italo|Daniela|Hugo,1|3|2,6.555|3.538|0.521,65,0,61
1790896127920831168,Cielo,540a6854b0f7,1.241,3,cf854a939534|8376863fefe8|d5fe080d0b07,Italo|Daniela|Hugo,1|3|2,6.755|3.738|0.721,65,0,61
1790896128120643616,Cielo,540a6854b0f7,1.441,3,cf854a939534|8376863fefe8|d5fe080d0b07,Italo|Daniela|Hugo,1|3|2,6.955|3.938|0.921,65,0,61
1790896128320612576,Cielo,540a6854b0f7,1.641,3,cf854a939534|8376863fefe8|d5fe080d0b07,Italo|Daniela|Hugo,1|3|2,7.155|4.138|1.121,65,0,61
1790896128520549440,Cielo,540a6854b0f7,1.841,3,cf854a939534|8376863fefe8|d5fe080d0b07,Italo|Daniela|Hugo,1|3|2,7.355|4.338|1.321,65,0,61
1790896128720412576,Cielo,540a6854b0f7,2.040,3,cf854a939534|8376863fefe8|d5fe080d0b07,Italo|Daniela|Hugo,1|3|2,7.555|4.538|1.521,65,0,61
1790896128920811456,Cielo,540a6854b0f7,2.241,3,cf854a939534|8376863fefe8|d5fe080d0b07,Italo|Daniela|Hugo,1|3|2,7.755|4.738|1.721,65,0,61
1790896129120711168,Cielo,540a6854b0f7,2.441,3,cf854a939534|8376863fefe8|d5fe080d0b07,Italo|Daniela|Hugo,1|3|2,7.955|4.938|1.921,65,0,61
1790896129320705056,Cielo,540a6854b0f7,2.641,3,cf854a939534|8376863fefe8|d5fe080d0b07,Italo|Daniela|Hugo,1|3|2,8.155|5.138|2.121,65,0,61
1790896129520587552,Cielo,540a6854b0f7,2.841,3,cf854a939534|8376863fefe8|d5fe080d0b07,Italo|Daniela|Hugo,1|3|2,8.355|5.338|2.321,65,0,61
1790896129720684896,Italo,cf854a939534,0.022,2,8376863fefe8|d5fe080d0b07,Daniela|Hugo,3|2,5.538|2.521,65,0,62
1790896129920402880,Italo,cf854a939534,0.222,2,8376863fefe8|d5fe080d0b07,Daniela|Hugo,3|2,5.738|2.721,65,0,62
1790896130121298336,Italo,cf854a939534,0.422,2,8376863fefe8|d5fe080d0b07,Daniela|Hugo,3|2,5.938|2.921,65,0,62
1790896130320785344,Italo,cf854a939534,0.622,3,8376863fefe8|d5fe080d0b07|0ed442de1cfe,Daniela|Hugo|Cielo,3|2|4,6.138|3.121|0.103,66,0,62
1790896130520568320,Italo,cf854a939534,0.822,3,8376863fefe8|d5fe080d0b07|0ed442de1cfe,Daniela|Hugo|Cielo,3|2|4,6.338|3.321|0.303,66,0,62
1790896130720855232,Italo,cf854a939534,1.022,3,8376863fefe8|d5fe080d0b07|0ed442de1cfe,Daniela|Hugo|Cielo,3|2|4,6.538|3.521|0.503,66,0,62
1790896130920501376,Italo,cf854a939534,1.222,3,8376863fefe8|d5fe080d0b07|0ed442de1cfe,Daniela|Hugo|Cielo,3|2|4,6.738|3.721|0.703,66,0,62
1790896131121281920,Italo,cf854a939534,1.423,3,8376863fefe8|d5fe080d0b07|0ed442de1cfe,Daniela|Hugo|Cielo,3|2|4,6.939|3.921|0.903,66,0,62
1790896131320831296,Italo,cf854a939534,1.622,3,8376863fefe8|d5fe080d0b07|0ed442de1cfe,Daniela|Hugo|Cielo,3|2|4,7.138|4.121|1.103,66,0,62
1790896131520735776,Italo,cf854a939534,1.822,3,8376863fefe8|d5fe080d0b07|0ed442de1cfe,Daniela|Hugo|Cielo,3|2|4,7.338|4.321|1.303,66,0,62
1790896131720749408,Italo,cf854a939534,2.022,3,8376863fefe8|d5fe080d0b07|0ed442de1cfe,Daniela|Hugo|Cielo,3|2|4,7.538|4.521|1.503,66,0,62
1790896131920673280,Italo,cf854a939534,2.222,3,8376863fefe8|d5fe080d0b07|0ed442de1cfe,Daniela|Hugo|Cielo,3|2|4,7.738|4.721|1.703,66,0,62
1790896132120644704,Italo,cf854a939534,2.422,3,8376863fefe8|d5fe080d0b07|0ed442de1cfe,Daniela|Hugo|Cielo,3|2|4,7.938|4.921|1.903,66,0,62
1790896132321035424,Italo,cf854a939534,2.622,3,8376863fefe8|d5fe080d0b07|0ed442de1cfe,Daniela|Hugo|Cielo,3|2|4,8.138|5.121|2.103,66,0,62
1790896132520687168,Italo,cf854a939534,2.822,3,8376863fefe8|d5fe080d0b07|0ed442de1cfe,Daniela|Hugo|Cielo,3|2|4,8.338|5.321|2.303,66,0,62
1790896132721608416,Daniela,8376863fefe8,0.004,2,d5fe080d0b07|0ed442de1cfe,Hugo|Cielo,2|4,5.522|2.504,66,0,63
1790896132920788128,Daniela,8376863fefe8,0.204,2,d5fe080d0b07|0ed442de1cfe,Hugo|Cielo,2|4,5.721|2.703,66,0,63
1790896133120611072,Daniela,8376863fefe8,0.404,2,d5fe080d0b07|0ed442de1cfe,Hugo|Cielo,2|4,5.921|2.903,66,0,63
1790896133320621248,Daniela,8376863fefe8,0.603,3,d5fe080d0b07|0ed442de1cfe|ed9e7f3abf9e,Hugo|Cielo|Italo,2|4|1,6.121|3.103|0.083,67,0,63
1790896133521081600,Daniela,8376863fefe8,0.804,3,d5fe080d0b07|0ed442de1cfe|ed9e7f3abf9e,Hugo|Cielo|Italo,2|4|1,6.321|3.303|0.284,67,0,63
1790896133720706112,Daniela,8376863fefe8,1.004,3,d5fe080d0b07|0ed442de1cfe|ed9e7f3abf9e,Hugo|Cielo|Italo,2|4|1,6.521|3.503|0.484,67,0,63
1790896133920590176,Daniela,8376863fefe8,1.203,3,d5fe080d0b07|0ed442de1cfe|ed9e7f3abf9e,Hugo|Cielo|Italo,2|4|1,6.721|3.703|0.683,67,0,63
1790896134120592384,Daniela,8376863fefe8,1.403,3,d5fe080d0b07|0ed442de1cfe|ed9e7f3abf9e,Hugo|Cielo|Italo,2|4|1,6.921|3.903|0.883,67,0,63
1790896134321172992,Daniela,8376863fefe8,1.604,3,d5fe080d0b07|0ed442de1cfe|ed9e7f3abf9e,Hugo|Cielo|Italo,2|4|1,7.121|4.103|1.084,67,0,63
1790896134520798880,Daniela,8376863fefe8,1.804,3,d5fe080d0b07|0ed442de1cfe|ed9e7f3abf9e,Hugo|Cielo|Italo,2|4|1,7.321|4.303|1.284,67,0,63
1790896134721026304,Daniela,8376863fefe8,2.004,3,d5fe080d0b07|0ed442de1cfe|ed9e7f3abf9e,Hugo|Cielo|Italo,2|4|1,7.521|4.503|1.484,67,0,63
1790896134920683424,Daniela,8376863fefe8,2.204,3,d5fe080d0b07|0ed442de1cfe|ed9e7f3abf9e,Hugo|Cielo|Italo,2|4|1,7.721|4.703|1.684,67,0,63
1790896135120587424,Daniela,8376863fefe8,2.403,3,d5fe080d0b07|0ed442de1cfe|ed9e7f3abf9e,Hugo|Cielo|Italo,2|4|1,7.921|4.903|1.883,67,0,63
1790896135320811648,Daniela,8376863fefe8,2.603,3,d5fe080d0b07|0ed442de1cfe|ed9e7f3abf9e,Hugo|Cielo|Italo,2|4|1,8.121|5.103|2.083,67,0,63
1790896135520658688,Daniela,8376863fefe8,2.803,3,d5fe080d0b07|0ed442de1cfe|ed9e7f3abf9e,Hugo|Cielo|Italo,2|4|1,8.321|5.303|2.283,67,0,63
1790896135720527136,Daniela,8376863fefe8,3.003,3,d5fe080d0b07|0ed442de1cfe|ed9e7f3abf9e,Hugo|Cielo|Italo,2|4|1,8.521|5.503|2.483,67,0,63
1790896135921020448,Hugo,d5fe080d0b07,0.185,2,0ed442de1cfe|ed9e7f3abf9e,Cielo|Italo,4|1,5.703|2.684,67,0,64
1790896136120913824,Hugo,d5fe080d0b07,0.385,2,0ed442de1cfe|ed9e7f3abf9e,Cielo|Italo,4|1,5.903|2.884,67,0,64
1790896136320374784,Hugo,d5fe080d0b07,0.584,3,0ed442de1cfe|ed9e7f3abf9e|c6a2d3095426,Cielo|Italo|Daniela,4|1|3,6.103|3.083|0.062,68,0,64
1790896136520631488,Hugo,d5fe080d0b07,0.785,3,0ed442de1cfe|ed9e7f3abf9e|c6a2d3095426,Cielo|Italo|Daniela,4|1|3,6.303|3.284|0.262,68,0,64
1790896136720687424,Hugo,d5fe080d0b07,0.984,3,0ed442de1cfe|ed9e7f3abf9e|c6a2d3095426,Cielo|Italo|Daniela,4|1|3,6.503|3.483|0.462,68,0,64
1790896136920243488,Hugo,d5fe080d0b07,1.184,3,0ed442de1cfe|ed9e7f3abf9e|c6a2d3095426,Cielo|Italo|Daniela,4|1|3,6.702|3.683|0.662,68,0,64
1790896137121105920,Hugo,d5fe080d0b07,1.385,3,0ed442de1cfe|ed9e7f3abf9e|c6a2d3095426,Cielo|Italo|Daniela,4|1|3,6.903|3.884|0.863,68,0,64
1790896137320661792,Hugo,d5fe080d0b07,1.585,3,0ed442de1cfe|ed9e7f3abf9e|c6a2d3095426,Cielo|Italo|Daniela,4|1|3,7.103|4.084|1.063,68,0,64
1790896137521190240,Hugo,d5fe080d0b07,1.785,3,0ed442de1cfe|ed9e7f3abf9e|c6a2d3095426,Cielo|Italo|Daniela,4|1|3,7.303|4.284|1.263,68,0,64
1790896137720741984,Hugo,d5fe080d0b07,1.985,3,0ed442de1cfe|ed9e7f3abf9e|c6a2d3095426,Cielo|Italo|Daniela,4|1|3,7.503|4.484|1.463,68,0,64
1790896137920830592,Hugo,d5fe080d0b07,2.185,3,0ed442de1cfe|ed9e7f3abf9e|c6a2d3095426,Cielo|Italo|Daniela,4|1|3,7.703|4.683|1.662,68,0,64
1790896138120181088,Hugo,d5fe080d0b07,2.384,3,0ed442de1cfe|ed9e7f3abf9e|c6a2d3095426,Cielo|Italo|Daniela,4|1|3,7.902|4.883|1.862,68,0,64
1790896138321073984,Hugo,d5fe080d0b07,2.585,3,0ed442de1cfe|ed9e7f3abf9e|c6a2d3095426,Cielo|Italo|Daniela,4|1|3,8.103|5.084|2.063,68,0,64
1790896138520609760,Hugo,d5fe080d0b07,2.785,3,0ed442de1cfe|ed9e7f3abf9e|c6a2d3095426,Cielo|Italo|Daniela,4|1|3,8.303|5.284|2.262,68,0,64
1790896138720592384,Hugo,d5fe080d0b07,2.985,3,0ed442de1cfe|ed9e7f3abf9e|c6a2d3095426,Cielo|Italo|Daniela,4|1|3,8.503|5.483|2.462,68,0,64
1790896138920600384,Cielo,0ed442de1cfe,0.167,2,ed9e7f3abf9e|c6a2d3095426,Italo|Daniela,1|3,5.683|2.662,68,0,65
1790896139120551104,Cielo,0ed442de1cfe,0.367,2,ed9e7f3abf9e|c6a2d3095426,Italo|Daniela,1|3,5.883|2.862,68,0,65
1790896139319940224,Cielo,0ed442de1cfe,0.567,3,ed9e7f3abf9e|c6a2d3095426|2be3e76e73e7,Italo|Daniela|Hugo,1|3|2,6.083|3.062|0.047,69,0,65
1790896139520921728,Cielo,0ed442de1cfe,0.767,3,ed9e7f3abf9e|c6a2d3095426|2be3e76e73e7,Italo|Daniela|Hugo,1|3|2,6.284|3.263|0.248,69,0,65
1790896139720655520,Cielo,0ed442de1cfe,0.967,3,ed9e7f3abf9e|c6a2d3095426|2be3e76e73e7,Italo|Daniela|Hugo,1|3|2,6.484|3.462|0.448,69,0,65
1790896139920498464,Cielo,0ed442de1cfe,1.167,3,ed9e7f3abf9e|c6a2d3095426|2be3e76e73e7,Italo|Daniela|Hugo,1|3|2,6.683|3.662|0.648,69,0,65
1790896140120617408,Cielo,0ed442de1cfe,1.367,3,ed9e7f3abf9e|c6a2d3095426|2be3e76e73e7,Italo|Daniela|Hugo,1|3|2,6.883|3.862|0.848,69,0,65
1790896140320491168,Cielo,0ed442de1cfe,1.567,3,ed9e7f3abf9e|c6a2d3095426|2be3e76e73e7,Italo|Daniela|Hugo,1|3|2,7.083|4.062|1.048,69,0,65
1790896140520094880,Cielo,0ed442de1cfe,1.767,3,ed9e7f3abf9e|c6a2d3095426|2be3e76e73e7,Italo|Daniela|Hugo,1|3|2,7.283|4.262|1.247,69,0,65
1790896140721042304,Cielo,0ed442de1cfe,1.967,3,ed9e7f3abf9e|c6a2d3095426|2be3e76e73e7,Italo|Daniela|Hugo,1|3|2,7.484|4.463|1.448,69,0,65
1790896140920797536,Cielo,0ed442de1cfe,2.167,3,ed9e7f3abf9e|c6a2d3095426|2be3e76e73e7,Italo|Daniela|Hugo,1|3|2,7.684|4.663|1.648,69,0,65
1790896141120681952,Cielo,0ed442de1cfe,2.367,3,ed9e7f3abf9e|c6a2d3095426|2be3e76e73e7,Italo|Daniela|Hugo,1|3|2,7.884|4.863|1.848,69,0,65
1790896141320702176,Cielo,0ed442de1cfe,2.567,3,ed9e7f3abf9e|c6a2d3095426|2be3e76e73e7,Italo|Daniela|Hugo,1|3|2,8.084|5.062|2.048,69,0,65
1790896141520614816,Cielo,0ed442de1cfe,2.767,3,ed9e7f3abf9e|c6a2d3095426|2be3e76e73e7,Italo|Daniela|Hugo,1|3|2,8.283|5.262|2.248,69,0,65
1790896141720422912,Cielo,0ed442de1cfe,2.967,3,ed9e7f3abf9e|c6a2d3095426|2be3e76e73e7,Italo|Daniela|Hugo,1|3|2,8.483|5.462|2.448,69,0,65
1790896141920706752,Italo,ed9e7f3abf9e,0.149,2,c6a2d3095426|2be3e76e73e7,Daniela|Hugo,3|2,5.663|2.648,69,0,66
1790896142120671648,Italo,ed9e7f3abf9e,0.349,2,c6a2d3095426|2be3e76e73e7,Daniela|Hugo,3|2,5.862|2.848,69,0,66
1790896142320526112,Italo,ed9e7f3abf9e,0.548,3,c6a2d3095426|2be3e76e73e7|4616627352ce,Daniela|Hugo|Cielo,3|2|4,6.062|3.047|0.027,70,0,66
1790896142520713568,Italo,ed9e7f3abf9e,0.749,3,c6a2d3095426|2be3e76e73e7|4616627352ce,Daniela|Hugo|Cielo,3|2|4,6.262|3.248|0.228,70,0,66
1790896142720706144,Italo,ed9e7f3abf9e,0.949,3,c6a2d3095426|2be3e76e73e7|4616627352ce,Daniela|Hugo|Cielo,3|2|4,6.462|3.448|0.428,70,0,66
1790896142920615680,Italo,ed9e7f3abf9e,1.149,3,c6a2d3095426|2be3e76e73e7|4616627352ce,Daniela|Hugo|Cielo,3|2|4,6.662|3.648|0.628,70,0,66
1790896143121057888,Italo,ed9e7f3abf9e,1.349,3,c6a2d3095426|2be3e76e73e7|4616627352ce,Daniela|Hugo|Cielo,3|2|4,6.863|3.848|0.828,70,0,66
1790896143320665696,Italo,ed9e7f3abf9e,1.549,3,c6a2d3095426|2be3e76e73e7|4616627352ce,Daniela|Hugo|Cielo,3|2|4,7.062|4.048|1.028,70,0,66
1790896143520695808,Italo,ed9e7f3abf9e,1.749,3,c6a2d3095426|2be3e76e73e7|4616627352ce,Daniela|Hugo|Cielo,3|2|4,7.263|4.248|1.228,70,0,66
1790896143720579584,Italo,ed9e7f3abf9e,1.949,3,c6a2d3095426|2be3e76e73e7|4616627352ce,Daniela|Hugo|Cielo,3|2|4,7.462|4.448|1.428,70,0,66
1790896143921138816,Italo,ed9e7f3abf9e,2.149,3,c6a2d3095426|2be3e76e73e7|4616627352ce,Daniela|Hugo|Cielo,3|2|4,7.663|4.648|1.628,70,0,66
1790896144120464768,Italo,ed9e7f3abf9e,2.349,3,c6a2d3095426|2be3e76e73e7|4616627352ce,Daniela|Hugo|Cielo,3|2|4,7.862|4.848|1.828,70,0,66
1790896144320769184,Italo,ed9e7f3abf9e,2.549,3,c6a2d3095426|2be3e76e73e7|4616627352ce,Daniela|Hugo|Cielo,3|2|4,8.063|5.048|2.028,70,0,66
1790896144520614464,Italo,ed9e7f3abf9e,2.749,3,c6a2d3095426|2be3e76e73e7|4616627352ce,Daniela|Hugo|Cielo,3|2|4,8.262|5.248|2.228,70,0,66
1790896144720773408,Italo,ed9e7f3abf9e,2.949,3,c6a2d3095426|2be3e76e73e7|4616627352ce,Daniela|Hugo|Cielo,3|2|4,8.463|5.448|2.428,70,0,66
1790896144920745440,Daniela,c6a2d3095426,0.130,2,2be3e76e73e7|4616627352ce,Hugo|Cielo,2|4,5.648|2.628,70,0,67
1790896145120601856,Daniela,c6a2d3095426,0.330,2,2be3e76e73e7|4616627352ce,Hugo|Cielo,2|4,5.848|2.828,70,0,67
1790896145320088480,Daniela,c6a2d3095426,0.530,3,2be3e76e73e7|4616627352ce|dd0bd0037177,Hugo|Cielo|Italo,2|4|1,6.047|3.027|0.011,71,0,67
1790896145521143904,Daniela,c6a2d3095426,0.731,3,2be3e76e73e7|4616627352ce|dd0bd0037177,Hugo|Cielo|Italo,2|4|1,6.248|3.228|0.212,71,0,67
1790896145720791360,Daniela,c6a2d3095426,0.930,3,2be3e76e73e7|4616627352ce|dd0bd0037177,Hugo|Cielo|Italo,2|4|1,6.448|3.428|0.411,71,0,67
1790896145920611072,Daniela,c6a2d3095426,1.130,3,2be3e76e73e7|4616627352ce|dd0bd0037177,Hugo|Cielo|Italo,2|4|1,6.648|3.628|0.611,71,0,67
1790896146120754432,Daniela,c6a2d3095426,1.330,3,2be3e76e73e7|4616627352ce|dd0bd0037177,Hugo|Cielo|Italo,2|4|1,6.848|3.828|0.811,71,0,67
1790896146320698176,Daniela,c6a2d3095426,1.530,3,2be3e76e73e7|4616627352ce|dd0bd0037177,Hugo|Cielo|Italo,2|4|1,7.048|4.028|1.011,71,0,67
1790896146521074688,Daniela,c6a2d3095426,1.731,3,2be3e76e73e7|4616627352ce|dd0bd0037177,Hugo|Cielo|Italo,2|4|1,7.248|4.228|1.212,71,0,67
1790896146720891680,Daniela,c6a2d3095426,1.930,3,2be3e76e73e7|4616627352ce|dd0bd0037177,Hugo|Cielo|Italo,2|4|1,7.448|4.428|1.411,71,0,67
1790896146920734144,Daniela,c6a2d3095426,2.130,3,2be3e76e73e7|4616627352ce|dd0bd0037177,Hugo|Cielo|Italo,2|4|1,7.648|4.628|1.611,71,0,67
1790896147121278176,Daniela,c6a2d3095426,2.331,3,2be3e76e73e7|4616627352ce|dd0bd0037177,Hugo|Cielo|Italo,2|4|1,7.848|4.828|1.812,71,0,67
1790896147321048288,Daniela,c6a2d3095426,2.531,3,2be3e76e73e7|4616627352ce|dd0bd0037177,Hugo|Cielo|Italo,2|4|1,8.048|5.028|2.012,71,0,67
1790896147520788416,Daniela,c6a2d3095426,2.730,3,2be3e76e73e7|4616627352ce|dd0bd0037177,Hugo|Cielo|Italo,2|4|1,8.248|5.228|2.211,71,0,67
1790896147721114080,Daniela,c6a2d3095426,2.931,3,2be3e76e73e7|4616627352ce|dd0bd0037177,Hugo|Cielo|Italo,2|4|1,8.448|5.428|2.412,71,0,67
1790896147920866208,Hugo,2be3e76e73e7,0.111,2,4616627352ce|dd0bd0037177,Cielo|Italo,4|1,5.628|2.611,71,0,68
1790896148120794656,Hugo,2be3e76e73e7,0.311,2,4616627352ce|dd0bd0037177,Cielo|Italo,4|1,5.828|2.811,71,0,68
1790896148320416096,Hugo,2be3e76e73e7,0.511,2,4616627352ce|dd0bd0037177,Cielo|Italo,4|1,6.028|3.011,71,0,68
1790896148520604256,Hugo,2be3e76e73e7,0.711,3,4616627352ce|dd0bd0037177|b820159139ce,Cielo|Italo|Daniela,4|1|3,6.228|3.211|0.191,72,0,68
1790896148720676320,Hugo,2be3e76e73e7,0.911,3,4616627352ce|dd0bd0037177|b820159139ce,Cielo|Italo|Daniela,4|1|3,6.428|3.411|0.391,72,0,68
1790896148920988096,Hugo,2be3e76e73e7,1.112,3,4616627352ce|dd0bd0037177|b820159139ce,Cielo|Italo|Daniela,4|1|3,6.628|3.611|0.591,72,0,68
1790896149120765248,Hugo,2be3e76e73e7,1.311,3,4616627352ce|dd0bd0037177|b820159139ce,Cielo|Italo|Daniela,4|1|3,6.828|3.811|0.791,72,0,68
1790896149320634240,Hugo,2be3e76e73e7,1.511,3,4616627352ce|dd0bd0037177|b820159139ce,Cielo|Italo|Daniela,4|1|3,7.028|4.011|0.991,72,0,68
1790896149521075168,Hugo,2be3e76e73e7,1.712,3,4616627352ce|dd0bd0037177|b820159139ce,Cielo|Italo|Daniela,4|1|3,7.228|4.212|1.192,72,0,68
1790896149720608384,Hugo,2be3e76e73e7,1.911,3,4616627352ce|dd0bd0037177|b820159139ce,Cielo|Italo|Daniela,4|1|3,7.428|4.411|1.391,72,0,68
1790896149920710944,Hugo,2be3e76e73e7,2.111,3,4616627352ce|dd0bd0037177|b820159139ce,Cielo|Italo|Daniela,4|1|3,7.628|4.611|1.591,72,0,68
1790896150120977856,Hugo,2be3e76e73e7,2.312,3,4616627352ce|dd0bd0037177|b820159139ce,Cielo|Italo|Daniela,4|1|3,7.828|4.811|1.791,72,0,68
1790896150321254240,Hugo,2be3e76e73e7,2.512,3,4616627352ce|dd0bd0037177|b820159139ce,Cielo|Italo|Daniela,4|1|3,8.028|5.012|1.992,72,0,68
1790896150520930048,Hugo,2be3e76e73e7,2.712,3,4616627352ce|dd0bd0037177|b820159139ce,Cielo|Italo|Daniela,4|1|3,8.228|5.211|2.191,72,0,68
1790896150720787296,Hugo,2be3e76e73e7,2.911,3,4616627352ce|dd0bd0037177|b820159139ce,Cielo|Italo|Daniela,4|1|3,8.428|5.411|2.391,72,0,68
1790896150921072160,Cielo,4616627352ce,0.090,2,dd0bd0037177|b820159139ce,Italo|Daniela,1|3,5.612|2.592,72,0,69
1790896151120692160,Cielo,4616627352ce,0.290,2,dd0bd0037177|b820159139ce,Italo|Daniela,1|3,5.811|2.791,72,0,69
1790896151321066464,Cielo,4616627352ce,0.490,2,dd0bd0037177|b820159139ce,Italo|Daniela,1|3,6.012|2.991,72,0,69
1790896151520723904,Cielo,4616627352ce,0.690,3,dd0bd0037177|b820159139ce|a48a6bdcf98d,Italo|Daniela|Hugo,1|3|2,6.211|3.191|0.168,73,0,69
1790896151720528832,Cielo,4616627352ce,0.890,3,dd0bd0037177|b820159139ce|a48a6bdcf98d,Italo|Daniela|Hugo,1|3|2,6.411|3.391|0.368,73,0,69
1790896151920551616,Cielo,4616627352ce,1.090,3,dd0bd0037177|b820159139ce|a48a6bdcf98d,Italo|Daniela|Hugo,1|3|2,6.611|3.591|0.568,73,0,69
1790896152120775488,Cielo,4616627352ce,1.290,3,dd0bd0037177|b820159139ce|a48a6bdcf98d,Italo|Daniela|Hugo,1|3|2,6.811|3.791|0.768,73,0,69
1790896152320279936,Cielo,4616627352ce,1.489,3,dd0bd0037177|b820159139ce|a48a6bdcf98d,Italo|Daniela|Hugo,1|3|2,7.011|3.991|0.967,73,0,69
1790896152520950016,Cielo,4616627352ce,1.690,3,dd0bd0037177|b820159139ce|a48a6bdcf98d,Italo|Daniela|Hugo,1|3|2,7.211|4.191|1.168,73,0,69
1790896152720871360,Cielo,4616627352ce,1.890,3,dd0bd0037177|b820159139ce|a48a6bdcf98d,Italo|Daniela|Hugo,1|3|2,7.411|4.391|1.368,73,0,69
1790896152920986624,Cielo,4616627352ce,2.090,3,dd0bd0037177|b820159139ce|a48a6bdcf98d,Italo|Daniela|Hugo,1|3|2,7.611|4.591|1.568,73,0,69
1790896153120972320,Cielo,4616627352ce,2.290,3,dd0bd0037177|b820159139ce|a48a6bdcf98d,Italo|Daniela|Hugo,1|3|2,7.811|4.791|1.768,73,0,69
1790896153320951328,Cielo,4616627352ce,2.490,3,dd0bd0037177|b820159139ce|a48a6bdcf98d,Italo|Daniela|Hugo,1|3|2,8.011|4.991|1.968,73,0,69
1790896153520541376,Cielo,4616627352ce,2.690,3,dd0bd0037177|b820159139ce|a48a6bdcf98d,Italo|Daniela|Hugo,1|3|2,8.211|5.191|2.167,73,0,69
1790896153721657632,Cielo,4616627352ce,2.890,3,dd0bd0037177|b820159139ce|a48a6bdcf98d,Italo|Daniela|Hugo,1|3|2,8.412|5.392|2.368,73,0,69
1790896153921070496,Italo,dd0bd0037177,0.071,2,b820159139ce|a48a6bdcf98d,Daniela|Hugo,3|2,5.591|2.568,73,0,70
1790896154120657088,Italo,dd0bd0037177,0.271,2,b820159139ce|a48a6bdcf98d,Daniela|Hugo,3|2,5.791|2.768,73,0,70
1790896154320898752,Italo,dd0bd0037177,0.471,2,b820159139ce|a48a6bdcf98d,Daniela|Hugo,3|2,5.991|2.968,73,0,70
1790896154520804864,Italo,dd0bd0037177,0.671,3,b820159139ce|a48a6bdcf98d|ee33e55bd201,Daniela|Hugo|Cielo,3|2|4,6.191|3.168|0.151,74,0,70
1790896154720529632,Italo,dd0bd0037177,0.871,3,b820159139ce|a48a6bdcf98d|ee33e55bd201,Daniela|Hugo|Cielo,3|2|4,6.391|3.367|0.350,74,0,70
1790896154921140544,Italo,dd0bd0037177,1.071,3,b820159139ce|a48a6bdcf98d|ee33e55bd201,Daniela|Hugo|Cielo,3|2|4,6.591|3.568|0.551,74,0,70
1790896155121119296,Italo,dd0bd0037177,1.271,3,b820159139ce|a48a6bdcf98d|ee33e55bd201,Daniela|Hugo|Cielo,3|2|4,6.791|3.768|0.751,74,0,70
1790896155321112992,Italo,dd0bd0037177,1.471,3,b820159139ce|a48a6bdcf98d|ee33e55bd201,Daniela|Hugo|Cielo,3|2|4,6.991|3.968|0.951,74,0,70
1790896155520761024,Italo,dd0bd0037177,1.671,3,b820159139ce|a48a6bdcf98d|ee33e55bd201,Daniela|Hugo|Cielo,3|2|4,7.191|4.168|1.151,74,0,70
1790896155720462368,Italo,dd0bd0037177,1.871,3,b820159139ce|a48a6bdcf98d|ee33e55bd201,Daniela|Hugo|Cielo,3|2|4,7.391|4.367|1.351,74,0,70
1790896155920551104,Italo,dd0bd0037177,2.071,3,b820159139ce|a48a6bdcf98d|ee33e55bd201,Daniela|Hugo|Cielo,3|2|4,7.591|4.568|1.551,74,0,70
1790896156120747168,Italo,dd0bd0037177,2.271,3,b820159139ce|a48a6bdcf98d|ee33e55bd201,Daniela|Hugo|Cielo,3|2|4,7.791|4.768|1.751,74,0,70
1790896156320641344,Italo,dd0bd0037177,2.471,3,b820159139ce|a48a6bdcf98d|ee33e55bd201,Daniela|Hugo|Cielo,3|2|4,7.991|4.968|1.951,74,0,70
1790896156520449152,Italo,dd0bd0037177,2.671,3,b820159139ce|a48a6bdcf98d|ee33e55bd201,Daniela|Hugo|Cielo,3|2|4,8.191|5.167|2.151,74,0,70
1790896156720541120,Italo,dd0bd0037177,2.871,3,b820159139ce|a48a6bdcf98d|ee33e55bd201,Daniela|Hugo|Cielo,3|2|4,8.391|5.368|2.351,74,0,70
1790896156921066656,Daniela,b820159139ce,0.053,2,a48a6bdcf98d|ee33e55bd201,Hugo|Cielo,2|4,5.568|2.551,74,0,71
1790896157120594016,Daniela,b820159139ce,0.253,2,a48a6bdcf98d|ee33e55bd201,Hugo|Cielo,2|4,5.768|2.751,74,0,71
1790896157321136608,Daniela,b820159139ce,0.453,2,a48a6bdcf98d|ee33e55bd201,Hugo|Cielo,2|4,5.968|2.951,74,0,71
1790896157520935392,Daniela,b820159139ce,0.653,3,a48a6bdcf98d|ee33e55bd201|ddd2b523f66b,Hugo|Cielo|Italo,2|4|1,6.168|3.151|0.131,75,0,71
1790896157720744960,Daniela,b820159139ce,0.853,3,a48a6bdcf98d|ee33e55bd201|ddd2b523f66b,Hugo|Cielo|Italo,2|4|1,6.368|3.351|0.331,75,0,71
1790896157920983680,Daniela,b820159139ce,1.053,3,a48a6bdcf98d|ee33e55bd201|ddd2b523f66b,Hugo|Cielo|Italo,2|4|1,6.568|3.551|0.532,75,0,71
1790896158120728512,Daniela,b820159139ce,1.253,3,a48a6bdcf98d|ee33e55bd201|ddd2b523f66b,Hugo|Cielo|Italo,2|4|1,6.768|3.751|0.731,75,0,71
1790896158320542240,Daniela,b820159139ce,1.453,3,a48a6bdcf98d|ee33e55bd201|ddd2b523f66b,Hugo|Cielo|Italo,2|4|1,6.967|3.951|0.931,75,0,71
1790896158520946272,Daniela,b820159139ce,1.653,3,a48a6bdcf98d|ee33e55bd201|ddd2b523f66b,Hugo|Cielo|Italo,2|4|1,7.168|4.151|1.132,75,0,71
1790896158720788096,Daniela,b820159139ce,1.853,3,a48a6bdcf98d|ee33e55bd201|ddd2b523f66b,Hugo|Cielo|Italo,2|4|1,7.368|4.351|1.331,75,0,71
1790896158920505856,Daniela,b820159139ce,2.053,3,a48a6bdcf98d|ee33e55bd201|ddd2b523f66b,Hugo|Cielo|Italo,2|4|1,7.568|4.551|1.531,75,0,71
1790896159120693984,Daniela,b820159139ce,2.253,3,a48a6bdcf98d|ee33e55bd201|ddd2b523f66b,Hugo|Cielo|Italo,2|4|1,7.767|4.751|1.731,75,0,71
1790896159320745088,Daniela,b820159139ce,2.453,3,a48a6bdcf98d|ee33e55bd201|ddd2b523f66b,Hugo|Cielo|Italo,2|4|1,7.968|4.951|1.931,75,0,71
1790896159521021248,Daniela,b820159139ce,2.653,3,a48a6bdcf98d|ee33e55bd201|ddd2b523f66b,Hugo|Cielo|Italo,2|4|1,8.168|5.151|2.132,75,0,71
1790896159720930560,Daniela,b820159139ce,2.853,3,a48a6bdcf98d|ee33e55bd201|ddd2b523f66b,Hugo|Cielo|Italo,2|4|1,8.368|5.351|2.332,75,0,71
1790896159920947168,Hugo,a48a6bdcf98d,0.034,2,ee33e55bd201|ddd2b523f66b,Cielo|Italo,4|1,5.551|2.531,75,0,72
1790896160121279104,Hugo,a48a6bdcf98d,0.235,2,ee33e55bd201|ddd2b523f66b,Cielo|Italo,4|1,5.751|2.732,75,0,72
1790896160320894528,Hugo,a48a6bdcf98d,0.434,2,ee33e55bd201|ddd2b523f66b,Cielo|Italo,4|1,5.951|2.931,75,0,72
1790896160520802848,Hugo,a48a6bdcf98d,0.634,3,ee33e55bd201|ddd2b523f66b|12c31d987126,Cielo|Italo|Daniela,4|1|3,6.151|3.132|0.113,76,0,72
1790896160721136064,Hugo,a48a6bdcf98d,0.835,3,ee33e55bd201|ddd2b523f66b|12c31d987126,Cielo|Italo|Daniela,4|1|3,6.351|3.332|0.313,76,0,72
1790896160920862144,Hugo,a48a6bdcf98d,1.034,3,ee33e55bd201|ddd2b523f66b|12c31d987126,Cielo|Italo|Daniela,4|1|3,6.551|3.531|0.513,76,0,72
1790896161120510240,Hugo,a48a6bdcf98d,1.234,3,ee33e55bd201|ddd2b523f66b|12c31d987126,Cielo|Italo|Daniela,4|1|3,6.751|3.731|0.713,76,0,72
1790896161320901248,Hugo,a48a6bdcf98d,1.434,3,ee33e55bd201|ddd2b523f66b|12c31d987126,Cielo|Italo|Daniela,4|1|3,6.951|3.931|0.913,76,0,72
1790896161520837280,Hugo,a48a6bdcf98d,1.634,3,ee33e55bd201|ddd2b523f66b|12c31d987126,Cielo|Italo|Daniela,4|1|3,7.151|4.131|1.113,76,0,72
1790896161720584032,Hugo,a48a6bdcf98d,1.834,3,ee33e55bd201|ddd2b523f66b|12c31d987126,Cielo|Italo|Daniela,4|1|3,7.351|4.331|1.313,76,0,72
1790896161921322048,Hugo,a48a6bdcf98d,2.035,3,ee33e55bd201|ddd2b523f66b|12c31d987126,Cielo|Italo|Daniela,4|1|3,7.551|4.532|1.513,76,0,72
1790896162120866688,Hugo,a48a6bdcf98d,2.234,3,ee33e55bd201|ddd2b523f66b|12c31d987126,Cielo|Italo|Daniela,4|1|3,7.751|4.731|1.713,76,0,72
1790896162320548928,Hugo,a48a6bdcf98d,2.434,3,ee33e55bd201|ddd2b523f66b|12c31d987126,Cielo|Italo|Daniela,4|1|3,7.951|4.931|1.913,76,0,72
1790896162520925152,Hugo,a48a6bdcf98d,2.634,3,ee33e55bd201|ddd2b523f66b|12c31d987126,Cielo|Italo|Daniela,4|1|3,8.151|5.131|2.113,76,0,72
1790896162720731520,Hugo,a48a6bdcf98d,2.834,3,ee33e55bd201|ddd2b523f66b|12c31d987126,Cielo|Italo|Daniela,4|1|3,8.351|5.331|2.313,76,0,72
1790896162920593632,Cielo,ee33e55bd201,0.016,2,ddd2b523f66b|12c31d987126,Italo|Daniela,1|3,5.531|2.513,76,0,73
1790896163121148768,Cielo,ee33e55bd201,0.216,2,ddd2b523f66b|12c31d987126,Italo|Daniela,1|3,5.732|2.713,76,0,73
1790896163321047520,Cielo,ee33e55bd201,0.416,2,ddd2b523f66b|12c31d987126,Italo|Daniela,1|3,5.932|2.913,76,0,73
1790896163520573408,Cielo,ee33e55bd201,0.616,3,ddd2b523f66b|12c31d987126|605018555e0e,Italo|Daniela|Hugo,1|3|2,6.131|3.113|0.094,77,0,73
1790896163720569344,Cielo,ee33e55bd201,0.816,3,ddd2b523f66b|12c31d987126|605018555e0e,Italo|Daniela|Hugo,1|3|2,6.331|3.313|0.294,77,0,73
1790896163920456768,Cielo,ee33e55bd201,1.016,3,ddd2b523f66b|12c31d987126|605018555e0e,Italo|Daniela|Hugo,1|3|2,6.531|3.513|0.494,77,0,73
1790896164120665088,Cielo,ee33e55bd201,1.216,3,ddd2b523f66b|12c31d987126|605018555e0e,Italo|Daniela|Hugo,1|3|2,6.731|3.713|0.694,77,0,73
1790896164321407936,Cielo,ee33e55bd201,1.416,3,ddd2b523f66b|12c31d987126|605018555e0e,Italo|Daniela|Hugo,1|3|2,6.932|3.913|0.894,77,0,73
1790896164520841152,Cielo,ee33e55bd201,1.616,3,ddd2b523f66b|12c31d987126|605018555e0e,Italo|Daniela|Hugo,1|3|2,7.131|4.113|1.094,77,0,73
1790896164720546080,Cielo,ee33e55bd201,1.816,3,ddd2b523f66b|12c31d987126|605018555e0e,Italo|Daniela|Hugo,1|3|2,7.331|4.313|1.294,77,0,73
1790896164920788416,Cielo,ee33e55bd201,2.016,3,ddd2b523f66b|12c31d987126|605018555e0e,Italo|Daniela|Hugo,1|3|2,7.531|4.513|1.494,77,0,73
1790896165120825440,Cielo,ee33e55bd201,2.216,3,ddd2b523f66b|12c31d987126|605018555e0e,Italo|Daniela|Hugo,1|3|2,7.731|4.713|1.694,77,0,73
1790896165320827808,Cielo,ee33e55bd201,2.416,3,ddd2b523f66b|12c31d987126|605018555e0e,Italo|Daniela|Hugo,1|3|2,7.931|4.913|1.894,77,0,73
1790896165521313056,Cielo,ee33e55bd201,2.616,3,ddd2b523f66b|12c31d987126|605018555e0e,Italo|Daniela|Hugo,1|3|2,8.132|5.113|2.094,77,0,73
1790896165721006688,Cielo,ee33e55bd201,2.816,3,ddd2b523f66b|12c31d987126|605018555e0e,Italo|Daniela|Hugo,1|3|2,8.331|5.313|2.294,77,0,73
1790896165921760320,Cielo,ee33e55bd201,3.017,3,ddd2b523f66b|12c31d987126|605018555e0e,Italo|Daniela|Hugo,1|3|2,8.533|5.514|2.495,77,0,73
1790896166120986464,Italo,ddd2b523f66b,0.194,2,12c31d987126|605018555e0e,Daniela|Hugo,3|2,5.713|2.694,77,0,74
1790896166321153792,Italo,ddd2b523f66b,0.395,2,12c31d987126|605018555e0e,Daniela|Hugo,3|2,5.913|2.894,77,0,74
1790896166520284448,Italo,ddd2b523f66b,0.594,3,12c31d987126|605018555e0e|26d061ca93e0,Daniela|Hugo|Cielo,3|2|4,6.112|3.094|0.072,78,0,74
1790896166721146688,Italo,ddd2b523f66b,0.795,3,12c31d987126|605018555e0e|26d061ca93e0,Daniela|Hugo|Cielo,3|2|4,6.313|3.294|0.273,78,0,74
1790896166920947904,Italo,ddd2b523f66b,0.995,3,12c31d987126|605018555e0e|26d061ca93e0,Daniela|Hugo|Cielo,3|2|4,6.513|3.494|0.472,78,0,74
1790896167121140224,Italo,ddd2b523f66b,1.195,3,12c31d987126|605018555e0e|26d061ca93e0,Daniela|Hugo|Cielo,3|2|4,6.713|3.694|0.673,78,0,74
1790896167320720256,Italo,ddd2b523f66b,1.395,3,12c31d987126|605018555e0e|26d061ca93e0,Daniela|Hugo|Cielo,3|2|4,6.913|3.894|0.872,78,0,74
1790896167520816800,Italo,ddd2b523f66b,1.594,3,12c31d987126|605018555e0e|26d061ca93e0,Daniela|Hugo|Cielo,3|2|4,7.113|4.094|1.072,78,0,74
1790896167720391840,Italo,ddd2b523f66b,1.794,3,12c31d987126|605018555e0e|26d061ca93e0,Daniela|Hugo|Cielo,3|2|4,7.312|4.293|1.272,78,0,74
1790896167921290208,Italo,ddd2b523f66b,1.995,3,12c31d987126|605018555e0e|26d061ca93e0,Daniela|Hugo|Cielo,3|2|4,7.513|4.494|1.473,78,0,74
1790896168120899008,Italo,ddd2b523f66b,2.195,3,12c31d987126|605018555e0e|26d061ca93e0,Daniela|Hugo|Cielo,3|2|4,7.713|4.694|1.672,78,0,74
1790896168320804800,Italo,ddd2b523f66b,2.394,3,12c31d987126|605018555e0e|26d061ca93e0,Daniela|Hugo|Cielo,3|2|4,7.913|4.894|1.872,78,0,74
1790896168521116960,Italo,ddd2b523f66b,2.595,3,12c31d987126|605018555e0e|26d061ca93e0,Daniela|Hugo|Cielo,3|2|4,8.113|5.094|2.073,78,0,74
1790896168720491904,Italo,ddd2b523f66b,2.794,3,12c31d987126|605018555e0e|26d061ca93e0,Daniela|Hugo|Cielo,3|2|4,8.313|5.294|2.272,78,0,74
1790896168920302272,Italo,ddd2b523f66b,2.994,3,12c31d987126|605018555e0e|26d061ca93e0,Daniela|Hugo|Cielo,3|2|4,8.512|5.493|2.472,78,0,74
1790896169121013088,Daniela,12c31d987126,0.177,2,605018555e0e|26d061ca93e0,Hugo|Cielo,2|4,5.694|2.673,78,0,75
1790896169320835712,Daniela,12c31d987126,0.377,2,605018555e0e|26d061ca93e0,Hugo|Cielo,2|4,5.894|2.872,78,0,75
1790896169521183488,Daniela,12c31d987126,0.577,3,605018555e0e|26d061ca93e0|e26543aa6815,Hugo|Cielo|Italo,2|4|1,6.094|3.073|0.056,79,0,75
1790896169720682304,Daniela,12c31d987126,0.777,3,605018555e0e|26d061ca93e0|e26543aa6815,Hugo|Cielo|Italo,2|4|1,6.294|3.272|0.256,79,0,75
1790896169920474080,Daniela,12c31d987126,0.977,3,605018555e0e|26d061ca93e0|e26543aa6815,Hugo|Cielo|Italo,2|4|1,6.494|3.472|0.456,79,0,75
1790896170120450816,Daniela,12c31d987126,1.177,3,605018555e0e|26d061ca93e0|e26543aa6815,Hugo|Cielo|Italo,2|4|1,6.694|3.672|0.656,79,0,75
1790896170321239712,Daniela,12c31d987126,1.377,3,605018555e0e|26d061ca93e0|e26543aa6815,Hugo|Cielo|Italo,2|4|1,6.894|3.873|0.856,79,0,75
1790896170520897600,Daniela,12c31d987126,1.577,3,605018555e0e|26d061ca93e0|e26543aa6815,Hugo|Cielo|Italo,2|4|1,7.094|4.072|1.056,79,0,75
1790896170720617280,Daniela,12c31d987126,1.777,3,605018555e0e|26d061ca93e0|e26543aa6815,Hugo|Cielo|Italo,2|4|1,7.294|4.272|1.256,79,0,75
1790896170920703104,Daniela,12c31d987126,1.977,3,605018555e0e|26d061ca93e0|e26543aa6815,Hugo|Cielo|Italo,2|4|1,7.494|4.472|1.456,79,0,75
1790896171120805792,Daniela,12c31d987126,2.177,3,605018555e0e|26d061ca93e0|e26543aa6815,Hugo|Cielo|Italo,2|4|1,7.694|4.672|1.656,79,0,75
1790896171320741280,Daniela,12c31d987126,2.377,3,605018555e0e|26d061ca93e0|e26543aa6815,Hugo|Cielo|Italo,2|4|1,7.894|4.873|1.856,79,0,75
1790896171521275264,Daniela,12c31d987126,2.577,3,605018555e0e|26d061ca93e0|e26543aa6815,Hugo|Cielo|Italo,2|4|1,8.094|5.073|2.056,79,0,75
1790896171720905088,Daniela,12c31d987126,2.777,3,605018555e0e|26d061ca93e0|e26543aa6815,Hugo|Cielo|Italo,2|4|1,8.294|5.272|2.256,79,0,75
1790896171920812608,Daniela,12c31d987126,2.977,3,605018555e0e|26d061ca93e0|e26543aa6815,Hugo|Cielo|Italo,2|4|1,8.494|5.472|2.456,79,0,75
1790896172120807360,Hugo,605018555e0e,0.158,2,26d061ca93e0|e26543aa6815,Cielo|Italo,4|1,5.672|2.656,79,0,76
1790896172320805280,Hugo,605018555e0e,0.358,2,26d061ca93e0|e26543aa6815,Cielo|Italo,4|1,5.872|2.856,79,0,76
1790896172521009696,Hugo,605018555e0e,0.558,3,26d061ca93e0|e26543aa6815|b6baf04b8a22,Cielo|Italo|Daniela,4|1|3,6.073|3.056|0.037,80,0,76
1790896172720817376,Hugo,605018555e0e,0.758,3,26d061ca93e0|e26543aa6815|b6baf04b8a22,Cielo|Italo|Daniela,4|1|3,6.273|3.256|0.237,80,0,76
1790896172920965440,Hugo,605018555e0e,0.958,3,26d061ca93e0|e26543aa6815|b6baf04b8a22,Cielo|Italo|Daniela,4|1|3,6.473|3.456|0.437,80,0,76
1790896173120742976,Hugo,605018555e0e,1.158,3,26d061ca93e0|e26543aa6815|b6baf04b8a22,Cielo|Italo|Daniela,4|1|3,6.673|3.656|0.637,80,0,76
1790896173320729120,Hugo,605018555e0e,1.358,3,26d061ca93e0|e26543aa6815|b6baf04b8a22,Cielo|Italo|Daniela,4|1|3,6.872|3.856|0.837,80,0,76
1790896173520638624,Hugo,605018555e0e,1.558,3,26d061ca93e0|e26543aa6815|b6baf04b8a22,Cielo|Italo|Daniela,4|1|3,7.072|4.056|1.037,80,0,76
1790896173720616256,Hugo,605018555e0e,1.758,3,26d061ca93e0|e26543aa6815|b6baf04b8a22,Cielo|Italo|Daniela,4|1|3,7.272|4.256|1.237,80,0,76
1790896173920802592,Hugo,605018555e0e,1.958,3,26d061ca93e0|e26543aa6815|b6baf04b8a22,Cielo|Italo|Daniela,4|1|3,7.473|4.456|1.437,80,0,76
1790896174121081792,Hugo,605018555e0e,2.158,3,26d061ca93e0|e26543aa6815|b6baf04b8a22,Cielo|Italo|Daniela,4|1|3,7.673|4.656|1.637,80,0,76
1790896174321347136,Hugo,605018555e0e,2.358,3,26d061ca93e0|e26543aa6815|b6baf04b8a22,Cielo|Italo|Daniela,4|1|3,7.873|4.856|1.838,80,0,76
1790896174520899136,Hugo,605018555e0e,2.558,3,26d061ca93e0|e26543aa6815|b6baf04b8a22,Cielo|Italo|Daniela,4|1|3,8.073|5.056|2.037,80,0,76
1790896174720569568,Hugo,605018555e0e,2.758,3,26d061ca93e0|e26543aa6815|b6baf04b8a22,Cielo|Italo|Daniela,4|1|3,8.272|5.256|2.237,80,0,76
1790896174921074464,Hugo,605018555e0e,2.958,3,26d061ca93e0|e26543aa6815|b6baf04b8a22,Cielo|Italo|Daniela,4|1|3,8.473|5.456|2.437,80,0,76
1790896175120751104,Cielo,26d061ca93e0,0.137,2,e26543aa6815|b6baf04b8a22,Italo|Daniela,1|3,5.656|2.637,80,0,77
1790896175320680096,Cielo,26d061ca93e0,0.337,2,e26543aa6815|b6baf04b8a22,Italo|Daniela,1|3,5.856|2.837,80,0,77
1790896175520861408,Cielo,26d061ca93e0,0.537,2,e26543aa6815|b6baf04b8a22,Italo|Daniela,1|3,6.056|3.037,80,0,77
1790896175721077280,Cielo,26d061ca93e0,0.737,2,e26543aa6815|b6baf04b8a22,Italo|Daniela,1|3,6.256|3.237,80,0,77
1790896175920817312,Cielo,26d061ca93e0,0.937,2,e26543aa6815|b6baf04b8a22,Italo|Daniela,1|3,6.456|3.437,80,0,77
1790896176121275488,Cielo,26d061ca93e0,1.137,2,e26543aa6815|b6baf04b8a22,Italo|Daniela,1|3,6.656|3.638,80,0,77
1790896176321042112,Cielo,26d061ca93e0,1.337,2,e26543aa6815|b6baf04b8a22,Italo|Daniela,1|3,6.856|3.838,80,0,77
1790896176520606240,Cielo,26d061ca93e0,1.537,2,e26543aa6815|b6baf04b8a22,Italo|Daniela,1|3,7.056|4.037,80,0,77
1790896176721023584,Cielo,26d061ca93e0,1.737,2,e26543aa6815|b6baf04b8a22,Italo|Daniela,1|3,7.256|4.237,80,0,77
1790896176921210528,Cielo,26d061ca93e0,1.937,2,e26543aa6815|b6baf04b8a22,Italo|Daniela,1|3,7.456|4.438,80,0,77
1790896177120979840,Cielo,26d061ca93e0,2.137,2,e26543aa6815|b6baf04b8a22,Italo|Daniela,1|3,7.656|4.638,80,0,77
1790896177321050048,Cielo,26d061ca93e0,2.337,2,e26543aa6815|b6baf04b8a22,Italo|Daniela,1|3,7.856|4.837,80,0,77
1790896177520671456,Cielo,26d061ca93e0,2.537,2,e26543aa6815|b6baf04b8a22,Italo|Daniela,1|3,8.056|5.037,80,0,77
1790896177720664096,Cielo,26d061ca93e0,2.737,2,e26543aa6815|b6baf04b8a22,Italo|Daniela,1|3,8.256|5.237,80,0,77
1790896177920733984,Cielo,26d061ca93e0,2.937,2,e26543aa6815|b6baf04b8a22,Italo|Daniela,1|3,8.456|5.437,80,0,77
1790896178120605536,Italo,e26543aa6815,0.118,1,b6baf04b8a22,Daniela,3,5.637,80,0,78
1790896178320690976,Italo,e26543aa6815,0.318,1,b6baf04b8a22,Daniela,3,5.837,80,0,78
1790896178521133728,Italo,e26543aa6815,0.518,1,b6baf04b8a22,Daniela,3,6.038,80,0,78
1790896178720975616,Italo,e26543aa6815,0.718,1,b6baf04b8a22,Daniela,3,6.237,80,0,78
1790896178920398496,Italo,e26543aa6815,0.918,1,b6baf04b8a22,Daniela,3,6.437,80,0,78
1790896179120405824,Italo,e26543aa6815,1.118,1,b6baf04b8a22,Daniela,3,6.637,80,0,78
1790896179321244864,Italo,e26543aa6815,1.318,1,b6baf04b8a22,Daniela,3,6.838,80,0,78
1790896179520697120,Italo,e26543aa6815,1.518,1,b6baf04b8a22,Daniela,3,7.037,80,0,78
1790896179721029632,Italo,e26543aa6815,1.718,1,b6baf04b8a22,Daniela,3,7.237,80,0,78
1790896179920470112,Italo,e26543aa6815,1.918,1,b6baf04b8a22,Daniela,3,7.437,80,0,78
1790896180120479584,Italo,e26543aa6815,2.118,1,b6baf04b8a22,Daniela,3,7.637,80,0,78
1790896180320294656,Italo,e26543aa6815,2.318,1,b6baf04b8a22,Daniela,3,7.837,80,0,78
1790896180520393632,Italo,e26543aa6815,2.518,1,b6baf04b8a22,Daniela,3,8.037,80,0,78
1790896180719984736,Italo,e26543aa6815,2.718,1,b6baf04b8a22,Daniela,3,8.237,80,0,78
1790896180920814816,Italo,e26543aa6815,2.918,1,b6baf04b8a22,Daniela,3,8.437,80,0,78
1790896181120706016,Daniela,b6baf04b8a22,0.100,0,,,,,80,0,79
1790896181320541504,Daniela,b6baf04b8a22,0.300,0,,,,,80,0,79
1790896181520444928,Daniela,b6baf04b8a22,0.500,0,,,,,80,0,79
